nohup: ignoring input
Found 109 Wikipedia files

  0%|          | 0/109 [00:00<?, ?it/s]
  1%|          | 1/109 [00:00<00:40,  2.70it/s]
  2%|▏         | 2/109 [00:00<00:37,  2.86it/s]
  3%|▎         | 3/109 [00:01<00:37,  2.84it/s]
  4%|▎         | 4/109 [00:01<00:40,  2.60it/s]
  5%|▍         | 5/109 [00:01<00:41,  2.51it/s]
  6%|▌         | 6/109 [00:02<00:41,  2.48it/s]
  6%|▋         | 7/109 [00:02<00:44,  2.31it/s]
  7%|▋         | 8/109 [00:03<00:45,  2.24it/s]
  8%|▊         | 9/109 [00:03<00:45,  2.21it/s]
  9%|▉         | 10/109 [00:04<00:41,  2.39it/s]
 10%|█         | 11/109 [00:04<00:44,  2.21it/s]
 11%|█         | 12/109 [00:05<00:43,  2.21it/s]
 12%|█▏        | 13/109 [00:05<00:43,  2.18it/s]
 13%|█▎        | 14/109 [00:06<00:44,  2.11it/s]
 14%|█▍        | 15/109 [00:06<00:45,  2.08it/s]
 15%|█▍        | 16/109 [00:07<00:45,  2.03it/s]
 16%|█▌        | 17/109 [00:07<00:44,  2.09it/s]
 17%|█▋        | 18/109 [00:07<00:40,  2.23it/s]
 17%|█▋        | 19/109 [00:08<00:40,  2.23it/s]
 18%|█▊        | 20/109 [00:08<00:40,  2.18it/s]
 19%|█▉        | 21/109 [00:09<00:39,  2.22it/s]
 20%|██        | 22/109 [00:09<00:40,  2.13it/s]
 21%|██        | 23/109 [00:10<00:41,  2.07it/s]
 22%|██▏       | 24/109 [00:10<00:39,  2.15it/s]
 23%|██▎       | 25/109 [00:11<00:38,  2.19it/s]
 24%|██▍       | 26/109 [00:11<00:37,  2.21it/s]
 25%|██▍       | 27/109 [00:12<00:36,  2.25it/s]
 26%|██▌       | 28/109 [00:12<00:37,  2.19it/s]
 27%|██▋       | 29/109 [00:13<00:37,  2.13it/s]
 28%|██▊       | 30/109 [00:13<00:37,  2.12it/s]
 28%|██▊       | 31/109 [00:13<00:35,  2.23it/s]
 29%|██▉       | 32/109 [00:14<00:34,  2.20it/s]
 30%|███       | 33/109 [00:14<00:35,  2.14it/s]
 31%|███       | 34/109 [00:15<00:37,  2.02it/s]
 32%|███▏      | 35/109 [00:15<00:36,  2.01it/s]
 33%|███▎      | 36/109 [00:16<00:33,  2.17it/s]
 34%|███▍      | 37/109 [00:16<00:34,  2.08it/s]
 35%|███▍      | 38/109 [00:17<00:34,  2.05it/s]
 36%|███▌      | 39/109 [00:17<00:32,  2.13it/s]
 37%|███▋      | 40/109 [00:18<00:32,  2.11it/s]
 38%|███▊      | 41/109 [00:18<00:33,  2.03it/s]
 39%|███▊      | 42/109 [00:19<00:32,  2.03it/s]
 39%|███▉      | 43/109 [00:19<00:30,  2.16it/s]
 40%|████      | 44/109 [00:20<00:30,  2.11it/s]
 41%|████▏     | 45/109 [00:20<00:29,  2.16it/s]
 42%|████▏     | 46/109 [00:21<00:29,  2.16it/s]
 43%|████▎     | 47/109 [00:21<00:28,  2.19it/s]
 44%|████▍     | 48/109 [00:21<00:26,  2.33it/s]
 45%|████▍     | 49/109 [00:22<00:25,  2.31it/s]
 46%|████▌     | 50/109 [00:22<00:27,  2.16it/s]
 47%|████▋     | 51/109 [00:23<00:27,  2.08it/s]
 48%|████▊     | 52/109 [00:23<00:28,  2.03it/s]
 49%|████▊     | 53/109 [00:24<00:28,  1.94it/s]
 50%|████▉     | 54/109 [00:24<00:28,  1.92it/s]
 50%|█████     | 55/109 [00:25<00:27,  1.97it/s]
 51%|█████▏    | 56/109 [00:25<00:26,  2.02it/s]
 52%|█████▏    | 57/109 [00:26<00:24,  2.11it/s]
 53%|█████▎    | 58/109 [00:26<00:23,  2.21it/s]
 54%|█████▍    | 59/109 [00:27<00:21,  2.30it/s]
 55%|█████▌    | 60/109 [00:27<00:22,  2.19it/s]
 56%|█████▌    | 61/109 [00:28<00:21,  2.27it/s]
 57%|█████▋    | 62/109 [00:28<00:22,  2.10it/s]
 58%|█████▊    | 63/109 [00:29<00:22,  2.06it/s]
 59%|█████▊    | 64/109 [00:29<00:21,  2.11it/s]
 60%|█████▉    | 65/109 [00:29<00:20,  2.18it/s]
 61%|██████    | 66/109 [00:30<00:19,  2.16it/s]
 61%|██████▏   | 67/109 [00:30<00:19,  2.20it/s]
 62%|██████▏   | 68/109 [00:31<00:19,  2.13it/s]
 63%|██████▎   | 69/109 [00:31<00:17,  2.25it/s]
 64%|██████▍   | 70/109 [00:32<00:18,  2.12it/s]
 65%|██████▌   | 71/109 [00:32<00:17,  2.15it/s]
 66%|██████▌   | 72/109 [00:33<00:15,  2.31it/s]
 67%|██████▋   | 73/109 [00:33<00:14,  2.46it/s]
 68%|██████▊   | 74/109 [00:33<00:13,  2.54it/s]
 69%|██████▉   | 75/109 [00:34<00:13,  2.50it/s]
 70%|██████▉   | 76/109 [00:34<00:13,  2.49it/s]
 71%|███████   | 77/109 [00:35<00:13,  2.45it/s]
 72%|███████▏  | 78/109 [00:35<00:12,  2.39it/s]
 72%|███████▏  | 79/109 [00:35<00:12,  2.33it/s]
 73%|███████▎  | 80/109 [00:36<00:11,  2.47it/s]
 74%|███████▍  | 81/109 [00:36<00:11,  2.44it/s]
 75%|███████▌  | 82/109 [00:37<00:11,  2.45it/s]
 76%|███████▌  | 83/109 [00:37<00:10,  2.39it/s]
 77%|███████▋  | 84/109 [00:38<00:10,  2.31it/s]
 78%|███████▊  | 85/109 [00:38<00:09,  2.48it/s]
 79%|███████▉  | 86/109 [00:38<00:08,  2.60it/s]
 80%|███████▉  | 87/109 [00:39<00:08,  2.68it/s]
 81%|████████  | 88/109 [00:39<00:08,  2.45it/s]
 82%|████████▏ | 89/109 [00:40<00:08,  2.29it/s]
 83%|████████▎ | 90/109 [00:40<00:08,  2.22it/s]
 83%|████████▎ | 91/109 [00:41<00:08,  2.18it/s]
 84%|████████▍ | 92/109 [00:41<00:07,  2.19it/s]
 85%|████████▌ | 93/109 [00:42<00:07,  2.08it/s]
 86%|████████▌ | 94/109 [00:42<00:06,  2.18it/s]
 87%|████████▋ | 95/109 [00:42<00:06,  2.14it/s]
 88%|████████▊ | 96/109 [00:43<00:06,  2.13it/s]
 89%|████████▉ | 97/109 [00:43<00:05,  2.09it/s]
 90%|████████▉ | 98/109 [00:44<00:05,  2.14it/s]
 91%|█████████ | 99/109 [00:44<00:04,  2.26it/s]
 92%|█████████▏| 100/109 [00:45<00:04,  2.20it/s]
 93%|█████████▎| 101/109 [00:45<00:03,  2.20it/s]
 94%|█████████▎| 102/109 [00:46<00:03,  2.14it/s]
 94%|█████████▍| 103/109 [00:46<00:02,  2.28it/s]
 95%|█████████▌| 104/109 [00:47<00:02,  2.19it/s]
 96%|█████████▋| 105/109 [00:47<00:01,  2.20it/s]
 97%|█████████▋| 106/109 [00:47<00:01,  2.34it/s]
 98%|█████████▊| 107/109 [00:48<00:00,  2.20it/s]
 99%|█████████▉| 108/109 [00:48<00:00,  2.22it/s]
100%|██████████| 109/109 [00:48<00:00,  2.75it/s]
100%|██████████| 109/109 [00:48<00:00,  2.23it/s]
Loaded 5416537 Wikipedia articles

  0%|          | 0/5416537 [00:00<?, ?it/s]
  1%|          | 49279/5416537 [00:00<00:10, 492675.36it/s]
  2%|▏         | 102175/5416537 [00:00<00:10, 513986.51it/s]
  3%|▎         | 153901/5416537 [00:00<00:10, 515464.52it/s]
  4%|▍         | 212570/5416537 [00:00<00:09, 543572.04it/s]
  6%|▌         | 319408/5416537 [00:00<00:06, 732282.99it/s]
  8%|▊         | 451830/5416537 [00:00<00:05, 933421.72it/s]
 11%|█         | 569799/5416537 [00:00<00:04, 1013887.57it/s]
 12%|█▏        | 671187/5416537 [00:00<00:04, 979651.45it/s] 
 14%|█▍        | 769382/5416537 [00:00<00:04, 946626.46it/s]
 16%|█▌        | 864369/5416537 [00:01<00:05, 858959.42it/s]
 18%|█▊        | 951781/5416537 [00:01<00:05, 836337.29it/s]
 19%|█▉        | 1045666/5416537 [00:01<00:05, 864755.19it/s]
 21%|██        | 1148100/5416537 [00:01<00:04, 910031.76it/s]
 24%|██▍       | 1288069/5416537 [00:01<00:03, 1051261.40it/s]
 26%|██▋       | 1429591/5416537 [00:01<00:03, 1157457.20it/s]
 29%|██▉       | 1567698/5416537 [00:01<00:03, 1223095.01it/s]
 31%|███       | 1691061/5416537 [00:01<00:03, 1170946.39it/s]
 33%|███▎      | 1809322/5416537 [00:01<00:03, 1169060.31it/s]
 36%|███▌      | 1930767/5416537 [00:01<00:02, 1182219.87it/s]
 38%|███▊      | 2049601/5416537 [00:02<00:02, 1172283.10it/s]
 40%|████      | 2167257/5416537 [00:02<00:02, 1109963.10it/s]
 42%|████▏     | 2279140/5416537 [00:02<00:02, 1052616.30it/s]
 44%|████▍     | 2385416/5416537 [00:02<00:02, 1017609.41it/s]
 46%|████▌     | 2487921/5416537 [00:02<00:02, 999820.44it/s] 
 48%|████▊     | 2588365/5416537 [00:02<00:03, 904180.34it/s]
 49%|████▉     | 2680444/5416537 [00:02<00:03, 846773.53it/s]
 51%|█████     | 2772172/5416537 [00:02<00:03, 865134.51it/s]
 54%|█████▎    | 2898170/5416537 [00:03<00:02, 972238.74it/s]
 56%|█████▌    | 3030095/5416537 [00:03<00:02, 1069149.02it/s]
 58%|█████▊    | 3149150/5416537 [00:03<00:02, 1103758.19it/s]
 60%|██████    | 3264258/5416537 [00:03<00:01, 1117441.18it/s]
 62%|██████▏   | 3377226/5416537 [00:03<00:01, 1074456.03it/s]
 64%|██████▍   | 3485821/5416537 [00:03<00:01, 1065088.95it/s]
 66%|██████▋   | 3593117/5416537 [00:03<00:01, 1018556.33it/s]
 68%|██████▊   | 3695817/5416537 [00:03<00:01, 946700.07it/s] 
 70%|███████   | 3791808/5416537 [00:03<00:01, 871644.83it/s]
 72%|███████▏  | 3894098/5416537 [00:04<00:01, 911348.55it/s]
 74%|███████▎  | 3986953/5416537 [00:04<00:01, 774913.66it/s]
 75%|███████▌  | 4068656/5416537 [00:04<00:02, 606708.32it/s]
 76%|███████▋  | 4137052/5416537 [00:04<00:02, 528738.93it/s]
 77%|███████▋  | 4196126/5416537 [00:04<00:02, 500998.38it/s]
 78%|███████▊  | 4250211/5416537 [00:04<00:02, 453318.59it/s]
 79%|███████▉  | 4302710/5416537 [00:04<00:02, 468664.61it/s]
 81%|████████  | 4365146/5416537 [00:05<00:02, 505136.23it/s]
 82%|████████▏ | 4418489/5416537 [00:05<00:02, 491096.87it/s]
 83%|████████▎ | 4484436/5416537 [00:05<00:01, 534135.95it/s]
 85%|████████▌ | 4606584/5416537 [00:05<00:01, 717998.68it/s]
 87%|████████▋ | 4687233/5416537 [00:05<00:00, 742364.64it/s]
 88%|████████▊ | 4789752/5416537 [00:05<00:00, 822427.26it/s]
 90%|████████▉ | 4874420/5416537 [00:05<00:00, 644134.45it/s]
 91%|█████████▏| 4946396/5416537 [00:05<00:00, 578290.75it/s]
 93%|█████████▎| 5020948/5416537 [00:06<00:00, 617070.98it/s]
 94%|█████████▍| 5107756/5416537 [00:06<00:00, 679533.55it/s]
 96%|█████████▌| 5184531/5416537 [00:06<00:00, 702659.55it/s]
 97%|█████████▋| 5258658/5416537 [00:06<00:00, 653827.16it/s]
 98%|█████████▊| 5327229/5416537 [00:06<00:00, 639674.61it/s]
100%|█████████▉| 5393370/5416537 [00:06<00:00, 617888.00it/s]
100%|██████████| 5416537/5416537 [00:06<00:00, 814471.34it/s]
Total documents: 5396106
Building Pyserini index from documents...
Step 1: Creating JSONL file...

  0%|          | 0/5396106 [00:00<?, ?it/s]
  0%|          | 16/5396106 [00:01<109:28:37, 13.69it/s]
  0%|          | 159/5396106 [00:01<12:54:14, 116.16it/s]
  0%|          | 5458/5396106 [00:01<17:06, 5253.20it/s] 
  0%|          | 10854/5396106 [00:01<08:01, 11189.47it/s]
  0%|          | 16473/5396106 [00:01<05:01, 17839.38it/s]
  0%|          | 21323/5396106 [00:02<03:51, 23193.16it/s]
  0%|          | 25817/5396106 [00:02<03:24, 26245.27it/s]
  1%|          | 33428/5396106 [00:02<02:25, 36901.53it/s]
  1%|          | 40263/5396106 [00:02<02:01, 44253.78it/s]
  1%|          | 47759/5396106 [00:02<01:42, 51943.71it/s]
  1%|          | 55584/5396106 [00:02<01:30, 58874.97it/s]
  1%|          | 62353/5396106 [00:02<01:32, 57775.08it/s]
  1%|▏         | 69932/5396106 [00:02<01:25, 62619.83it/s]
  1%|▏         | 78287/5396106 [00:02<01:17, 68428.41it/s]
  2%|▏         | 85524/5396106 [00:03<01:17, 68785.49it/s]
  2%|▏         | 92679/5396106 [00:03<01:21, 65048.09it/s]
  2%|▏         | 99684/5396106 [00:03<01:19, 66430.97it/s]
  2%|▏         | 106526/5396106 [00:03<01:18, 66992.44it/s]
  2%|▏         | 113349/5396106 [00:03<01:19, 66065.57it/s]
  2%|▏         | 120043/5396106 [00:03<01:22, 64182.47it/s]
  2%|▏         | 126529/5396106 [00:03<01:25, 61884.17it/s]
  2%|▏         | 133498/5396106 [00:03<01:22, 64076.23it/s]
  3%|▎         | 140142/5396106 [00:03<01:21, 64748.32it/s]
  3%|▎         | 147109/5396106 [00:03<01:19, 66176.57it/s]
  3%|▎         | 153761/5396106 [00:04<01:28, 59561.86it/s]
  3%|▎         | 159859/5396106 [00:04<01:31, 57347.45it/s]
  3%|▎         | 165801/5396106 [00:04<01:30, 57910.10it/s]
  3%|▎         | 173254/5396106 [00:04<01:23, 62531.80it/s]
  3%|▎         | 180378/5396106 [00:04<01:20, 65006.57it/s]
  3%|▎         | 186952/5396106 [00:06<07:58, 10880.19it/s]
  4%|▎         | 191662/5396106 [00:07<09:21, 9271.65it/s] 
  4%|▎         | 196797/5396106 [00:07<07:19, 11828.81it/s]
  4%|▎         | 201433/5396106 [00:07<05:56, 14582.17it/s]
  4%|▍         | 206901/5396106 [00:07<04:37, 18687.88it/s]
  4%|▍         | 213665/5396106 [00:07<03:27, 24932.87it/s]
  4%|▍         | 219999/5396106 [00:07<02:47, 30854.36it/s]
  4%|▍         | 225878/5396106 [00:07<02:24, 35892.64it/s]
  4%|▍         | 231529/5396106 [00:07<02:13, 38791.75it/s]
  4%|▍         | 238056/5396106 [00:07<01:55, 44556.96it/s]
  5%|▍         | 243785/5396106 [00:08<01:49, 47164.19it/s]
  5%|▍         | 249449/5396106 [00:08<01:44, 49466.52it/s]
  5%|▍         | 255101/5396106 [00:08<01:45, 48959.52it/s]
  5%|▍         | 260677/5396106 [00:08<01:41, 50763.14it/s]
  5%|▍         | 266659/5396106 [00:08<01:36, 53248.19it/s]
  5%|▌         | 272265/5396106 [00:08<01:35, 53646.23it/s]
  5%|▌         | 277828/5396106 [00:08<01:39, 51416.34it/s]
  5%|▌         | 283124/5396106 [00:08<01:43, 49456.85it/s]
  5%|▌         | 288186/5396106 [00:08<01:42, 49672.33it/s]
  5%|▌         | 293633/5396106 [00:09<01:40, 51020.58it/s]
  6%|▌         | 298802/5396106 [00:09<01:43, 49052.32it/s]
  6%|▌         | 303765/5396106 [00:09<01:46, 47990.50it/s]
  6%|▌         | 308605/5396106 [00:09<01:47, 47537.26it/s]
  6%|▌         | 314885/5396106 [00:09<01:37, 51883.23it/s]
  6%|▌         | 321021/5396106 [00:09<01:32, 54574.77it/s]
  6%|▌         | 328080/5396106 [00:09<01:25, 59245.53it/s]
  6%|▌         | 334044/5396106 [00:09<01:29, 56284.85it/s]
  6%|▋         | 341310/5396106 [00:09<01:22, 60947.96it/s]
  6%|▋         | 347468/5396106 [00:09<01:27, 57644.57it/s]
  7%|▋         | 353307/5396106 [00:10<01:28, 56744.99it/s]
  7%|▋         | 359032/5396106 [00:10<01:34, 53078.57it/s]
  7%|▋         | 365152/5396106 [00:10<01:30, 55297.42it/s]
  7%|▋         | 370752/5396106 [00:10<01:33, 53486.61it/s]
  7%|▋         | 377962/5396106 [00:10<01:25, 58666.74it/s]
  7%|▋         | 385690/5396106 [00:10<01:18, 63967.01it/s]
  7%|▋         | 392408/5396106 [00:10<01:17, 64894.41it/s]
  7%|▋         | 398958/5396106 [00:10<01:29, 55966.75it/s]
  8%|▊         | 404806/5396106 [00:11<01:37, 51095.78it/s]
  8%|▊         | 410196/5396106 [00:11<01:36, 51665.84it/s]
  8%|▊         | 416011/5396106 [00:11<01:33, 53379.33it/s]
  8%|▊         | 421490/5396106 [00:11<01:33, 53443.68it/s]
  8%|▊         | 426934/5396106 [00:11<01:33, 52888.99it/s]
  8%|▊         | 433724/5396106 [00:11<01:26, 57133.97it/s]
  8%|▊         | 440070/5396106 [00:11<01:24, 58943.55it/s]
  8%|▊         | 447490/5396106 [00:11<01:18, 63388.83it/s]
  8%|▊         | 453960/5396106 [00:11<01:17, 63772.82it/s]
  9%|▊         | 460376/5396106 [00:11<01:21, 60662.31it/s]
  9%|▊         | 466499/5396106 [00:12<01:21, 60678.11it/s]
  9%|▉         | 472607/5396106 [00:12<01:21, 60613.72it/s]
  9%|▉         | 478696/5396106 [00:12<01:24, 58454.69it/s]
  9%|▉         | 484574/5396106 [00:12<01:36, 50885.76it/s]
  9%|▉         | 489845/5396106 [00:12<01:37, 50175.99it/s]
  9%|▉         | 494985/5396106 [00:12<01:39, 49124.27it/s]
  9%|▉         | 500037/5396106 [00:12<01:39, 49425.80it/s]
  9%|▉         | 505040/5396106 [00:12<01:39, 49140.05it/s]
  9%|▉         | 510269/5396106 [00:12<01:37, 50031.63it/s]
 10%|▉         | 515306/5396106 [00:13<01:41, 47877.49it/s]
 10%|▉         | 520131/5396106 [00:13<01:47, 45487.04it/s]
 10%|▉         | 524815/5396106 [00:13<01:46, 45853.25it/s]
 10%|▉         | 531666/5396106 [00:13<01:33, 52264.16it/s]
 10%|▉         | 536953/5396106 [00:13<01:34, 51593.24it/s]
 10%|█         | 543552/5396106 [00:13<01:27, 55739.40it/s]
 10%|█         | 550124/5396106 [00:13<01:22, 58640.14it/s]
 10%|█         | 557366/5396106 [00:13<01:17, 62690.13it/s]
 10%|█         | 564445/5396106 [00:13<01:14, 65011.72it/s]
 11%|█         | 570975/5396106 [00:14<01:23, 57918.80it/s]
 11%|█         | 576928/5396106 [00:14<01:27, 55264.57it/s]
 11%|█         | 582901/5396106 [00:14<01:25, 56470.34it/s]
 11%|█         | 589734/5396106 [00:14<01:22, 58356.86it/s]
 11%|█         | 596124/5396106 [00:14<01:20, 59907.39it/s]
 11%|█         | 602177/5396106 [00:14<01:22, 57833.72it/s]
 11%|█▏        | 608012/5396106 [00:14<01:28, 54341.24it/s]
 11%|█▏        | 613511/5396106 [00:14<01:48, 43958.43it/s]
 11%|█▏        | 618240/5396106 [00:14<01:49, 43464.93it/s]
 12%|█▏        | 622813/5396106 [00:15<01:52, 42263.81it/s]
 12%|█▏        | 627189/5396106 [00:15<01:52, 42217.89it/s]
 12%|█▏        | 632026/5396106 [00:15<01:48, 43840.87it/s]
 12%|█▏        | 638120/5396106 [00:15<01:38, 48536.16it/s]
 12%|█▏        | 643083/5396106 [00:15<01:38, 48045.90it/s]
 12%|█▏        | 647963/5396106 [00:15<01:41, 46925.30it/s]
 12%|█▏        | 653747/5396106 [00:15<01:34, 50006.62it/s]
 12%|█▏        | 659424/5396106 [00:15<01:31, 51949.98it/s]
 12%|█▏        | 666062/5396106 [00:15<01:24, 56070.79it/s]
 12%|█▏        | 672258/5396106 [00:16<01:22, 57583.39it/s]
 13%|█▎        | 678723/5396106 [00:16<01:19, 59660.75it/s]
 13%|█▎        | 685089/5396106 [00:16<01:17, 60842.13it/s]
 13%|█▎        | 691929/5396106 [00:16<01:14, 63080.50it/s]
 13%|█▎        | 699012/5396106 [00:16<01:11, 65387.82it/s]
 13%|█▎        | 705564/5396106 [00:16<01:13, 63987.19it/s]
 13%|█▎        | 711978/5396106 [00:16<01:14, 62758.51it/s]
 13%|█▎        | 718375/5396106 [00:16<01:14, 63111.15it/s]
 13%|█▎        | 724802/5396106 [00:16<01:13, 63336.25it/s]
 14%|█▎        | 731144/5396106 [00:16<01:20, 57930.57it/s]
 14%|█▎        | 737028/5396106 [00:17<01:37, 47876.54it/s]
 14%|█▍        | 742143/5396106 [00:17<01:36, 48418.04it/s]
 14%|█▍        | 749242/5396106 [00:17<01:25, 54274.97it/s]
 14%|█▍        | 756214/5396106 [00:17<01:19, 58451.54it/s]
 14%|█▍        | 763651/5396106 [00:17<01:13, 62886.86it/s]
 14%|█▍        | 770739/5396106 [00:17<01:10, 65162.37it/s]
 14%|█▍        | 777617/5396106 [00:17<01:09, 66206.68it/s]
 15%|█▍        | 784345/5396106 [00:17<01:13, 63071.81it/s]
 15%|█▍        | 790755/5396106 [00:18<01:20, 57503.17it/s]
 15%|█▍        | 796673/5396106 [00:18<01:19, 57953.54it/s]
 15%|█▍        | 802718/5396106 [00:18<01:18, 58641.67it/s]
 15%|█▍        | 808666/5396106 [00:18<01:19, 57499.82it/s]
 15%|█▌        | 814475/5396106 [00:18<01:21, 55986.51it/s]
 15%|█▌        | 820117/5396106 [00:18<01:24, 54215.80it/s]
 15%|█▌        | 825573/5396106 [00:18<01:25, 53537.01it/s]
 15%|█▌        | 830949/5396106 [00:18<01:26, 53052.97it/s]
 15%|█▌        | 836268/5396106 [00:18<01:26, 52730.03it/s]
 16%|█▌        | 841550/5396106 [00:18<01:30, 50359.24it/s]
 16%|█▌        | 846947/5396106 [00:19<01:28, 51190.23it/s]
 16%|█▌        | 852137/5396106 [00:19<01:28, 51390.25it/s]
 16%|█▌        | 857291/5396106 [00:19<01:38, 46226.99it/s]
 16%|█▌        | 863839/5396106 [00:19<01:28, 51454.98it/s]
 16%|█▌        | 870139/5396106 [00:19<01:22, 54680.11it/s]
 16%|█▋        | 877133/5396106 [00:19<01:16, 59002.37it/s]
 16%|█▋        | 883132/5396106 [00:19<01:16, 59074.37it/s]
 16%|█▋        | 889109/5396106 [00:19<01:22, 54721.97it/s]
 17%|█▋        | 894688/5396106 [00:19<01:26, 52328.22it/s]
 17%|█▋        | 900006/5396106 [00:20<01:26, 51763.11it/s]
 17%|█▋        | 905239/5396106 [00:20<01:29, 50409.73it/s]
 17%|█▋        | 910395/5396106 [00:20<01:28, 50703.10it/s]
 17%|█▋        | 917358/5396106 [00:20<01:19, 56087.44it/s]
 17%|█▋        | 923017/5396106 [00:20<01:21, 54667.78it/s]
 17%|█▋        | 928523/5396106 [00:20<01:28, 50681.73it/s]
 17%|█▋        | 933666/5396106 [00:20<01:28, 50589.57it/s]
 17%|█▋        | 938777/5396106 [00:20<01:28, 50231.42it/s]
 18%|█▊        | 944978/5396106 [00:20<01:23, 53575.84it/s]
 18%|█▊        | 951671/5396106 [00:21<01:17, 57367.95it/s]
 18%|█▊        | 957452/5396106 [00:21<01:17, 57266.49it/s]
 18%|█▊        | 963210/5396106 [00:21<01:22, 53530.94it/s]
 18%|█▊        | 968629/5396106 [00:21<01:32, 47651.80it/s]
 18%|█▊        | 973848/5396106 [00:21<01:30, 48843.01it/s]
 18%|█▊        | 979273/5396106 [00:21<01:27, 50317.91it/s]
 18%|█▊        | 984404/5396106 [00:21<01:38, 44612.10it/s]
 18%|█▊        | 989530/5396106 [00:21<01:35, 46346.22it/s]
 18%|█▊        | 995053/5396106 [00:21<01:30, 48758.67it/s]
 19%|█▊        | 1000604/5396106 [00:22<01:26, 50644.57it/s]
 19%|█▊        | 1006194/5396106 [00:22<01:24, 52143.46it/s]
 19%|█▊        | 1011683/5396106 [00:22<01:22, 52938.66it/s]
 19%|█▉        | 1017036/5396106 [00:22<01:24, 52108.22it/s]
 19%|█▉        | 1022290/5396106 [00:22<01:27, 49798.15it/s]
 19%|█▉        | 1027556/5396106 [00:22<01:26, 50608.56it/s]
 19%|█▉        | 1034732/5396106 [00:22<01:17, 56608.33it/s]
 19%|█▉        | 1040441/5396106 [00:22<01:22, 52885.31it/s]
 19%|█▉        | 1045807/5396106 [00:22<01:28, 49288.74it/s]
 19%|█▉        | 1050824/5396106 [00:23<01:33, 46637.36it/s]
 20%|█▉        | 1056304/5396106 [00:23<01:30, 48173.33it/s]
 20%|█▉        | 1061186/5396106 [00:23<01:32, 46877.11it/s]
 20%|█▉        | 1065940/5396106 [00:23<01:32, 47056.77it/s]
 20%|█▉        | 1071532/5396106 [00:23<01:27, 49552.85it/s]
 20%|█▉        | 1076526/5396106 [00:23<01:28, 48885.65it/s]
 20%|██        | 1081441/5396106 [00:23<01:32, 46834.53it/s]
 20%|██        | 1086659/5396106 [00:23<01:29, 48243.76it/s]
 20%|██        | 1091513/5396106 [00:23<01:33, 45943.15it/s]
 20%|██        | 1096970/5396106 [00:23<01:28, 48360.99it/s]
 20%|██        | 1102075/5396106 [00:24<01:27, 49079.34it/s]
 21%|██        | 1107016/5396106 [00:24<01:33, 45881.90it/s]
 21%|██        | 1111663/5396106 [00:24<01:37, 43987.67it/s]
 21%|██        | 1116772/5396106 [00:24<01:33, 45927.76it/s]
 21%|██        | 1121416/5396106 [00:27<13:48, 5158.59it/s] 
 21%|██        | 1127947/5396106 [00:27<09:10, 7756.94it/s]
 21%|██        | 1134165/5396106 [00:27<06:30, 10920.81it/s]
 21%|██        | 1139570/5396106 [00:27<04:59, 14227.94it/s]
 21%|██▏       | 1147379/5396106 [00:27<03:26, 20525.42it/s]
 21%|██▏       | 1155311/5396106 [00:27<02:32, 27787.52it/s]
 22%|██▏       | 1161781/5396106 [00:27<02:09, 32716.12it/s]
 22%|██▏       | 1168037/5396106 [00:28<01:55, 36487.18it/s]
 22%|██▏       | 1173950/5396106 [00:28<01:51, 37932.65it/s]
 22%|██▏       | 1179593/5396106 [00:28<01:41, 41699.98it/s]
 22%|██▏       | 1185071/5396106 [00:28<01:38, 42652.49it/s]
 22%|██▏       | 1191386/5396106 [00:28<01:28, 47474.46it/s]
 22%|██▏       | 1198393/5396106 [00:28<01:18, 53158.17it/s]
 22%|██▏       | 1205953/5396106 [00:28<01:10, 59081.24it/s]
 22%|██▏       | 1213462/5396106 [00:28<01:05, 63467.13it/s]
 23%|██▎       | 1220229/5396106 [00:28<01:05, 63847.66it/s]
 23%|██▎       | 1226909/5396106 [00:29<01:11, 58341.59it/s]
 23%|██▎       | 1233035/5396106 [00:29<01:14, 56163.26it/s]
 23%|██▎       | 1239581/5396106 [00:29<01:10, 58585.21it/s]
 23%|██▎       | 1246352/5396106 [00:29<01:07, 61100.18it/s]
 23%|██▎       | 1252697/5396106 [00:29<01:07, 61757.83it/s]
 23%|██▎       | 1258978/5396106 [00:29<01:08, 60824.78it/s]
 23%|██▎       | 1265135/5396106 [00:29<01:14, 55467.77it/s]
 24%|██▎       | 1270813/5396106 [00:29<01:27, 47191.79it/s]
 24%|██▎       | 1275806/5396106 [00:30<01:34, 43568.87it/s]
 24%|██▎       | 1281183/5396106 [00:30<01:29, 45898.34it/s]
 24%|██▍       | 1285971/5396106 [00:30<01:33, 44194.44it/s]
 24%|██▍       | 1291115/5396106 [00:30<01:29, 46071.52it/s]
 24%|██▍       | 1296601/5396106 [00:30<01:24, 48391.62it/s]
 24%|██▍       | 1301552/5396106 [00:30<01:24, 48225.36it/s]
 24%|██▍       | 1306868/5396106 [00:30<01:22, 49615.44it/s]
 24%|██▍       | 1311892/5396106 [00:30<01:23, 49166.10it/s]
 24%|██▍       | 1316852/5396106 [00:30<01:24, 48345.98it/s]
 24%|██▍       | 1321718/5396106 [00:30<01:26, 46959.04it/s]
 25%|██▍       | 1327077/5396106 [00:31<01:23, 48835.44it/s]
 25%|██▍       | 1332532/5396106 [00:31<01:20, 50483.70it/s]
 25%|██▍       | 1337606/5396106 [00:31<01:22, 49415.51it/s]
 25%|██▍       | 1343003/5396106 [00:31<01:19, 50735.18it/s]
 25%|██▍       | 1348096/5396106 [00:31<01:19, 50730.68it/s]
 25%|██▌       | 1353414/5396106 [00:31<01:18, 51450.79it/s]
 25%|██▌       | 1359347/5396106 [00:31<01:15, 53783.20it/s]
 25%|██▌       | 1364860/5396106 [00:31<01:14, 54174.62it/s]
 25%|██▌       | 1371106/5396106 [00:31<01:11, 56643.10it/s]
 26%|██▌       | 1376778/5396106 [00:36<15:45, 4252.61it/s] 
 26%|██▌       | 1380789/5396106 [00:36<12:29, 5360.80it/s]
 26%|██▌       | 1385275/5396106 [00:36<09:30, 7035.95it/s]
 26%|██▌       | 1391036/5396106 [00:36<06:43, 9924.87it/s]
 26%|██▌       | 1397297/5396106 [00:36<04:47, 13899.85it/s]
 26%|██▌       | 1402662/5396106 [00:36<03:44, 17766.75it/s]
 26%|██▌       | 1410184/5396106 [00:36<02:40, 24776.40it/s]
 26%|██▋       | 1417555/5396106 [00:36<02:04, 32039.96it/s]
 26%|██▋       | 1423887/5396106 [00:36<01:46, 37328.71it/s]
 27%|██▋       | 1430167/5396106 [00:37<01:48, 36420.64it/s]
 27%|██▋       | 1435596/5396106 [00:37<01:39, 39896.33it/s]
 27%|██▋       | 1441018/5396106 [00:37<01:33, 42124.69it/s]
 27%|██▋       | 1448419/5396106 [00:37<01:19, 49598.56it/s]
 27%|██▋       | 1454333/5396106 [00:37<01:16, 51274.90it/s]
 27%|██▋       | 1460153/5396106 [00:37<01:19, 49446.81it/s]
 27%|██▋       | 1465590/5396106 [00:37<01:19, 49597.40it/s]
 27%|██▋       | 1471127/5396106 [00:37<01:16, 51091.26it/s]
 27%|██▋       | 1477400/5396106 [00:37<01:12, 54284.20it/s]
 28%|██▊       | 1484624/5396106 [00:38<01:05, 59336.89it/s]
 28%|██▊       | 1491205/5396106 [00:38<01:03, 61184.59it/s]
 28%|██▊       | 1497460/5396106 [00:38<01:05, 59652.02it/s]
 28%|██▊       | 1503527/5396106 [00:38<01:07, 57611.47it/s]
 28%|██▊       | 1509369/5396106 [00:38<01:11, 54368.23it/s]
 28%|██▊       | 1514888/5396106 [00:38<01:14, 51979.70it/s]
 28%|██▊       | 1520151/5396106 [00:38<01:16, 50566.62it/s]
 28%|██▊       | 1525251/5396106 [00:38<01:18, 49083.07it/s]
 28%|██▊       | 1530188/5396106 [00:38<01:19, 48538.36it/s]
 28%|██▊       | 1535059/5396106 [00:39<01:22, 46635.09it/s]
 29%|██▊       | 1540198/5396106 [00:39<01:20, 47951.15it/s]
 29%|██▊       | 1547212/5396106 [00:39<01:10, 54230.49it/s]
 29%|██▉       | 1554791/5396106 [00:39<01:03, 60442.02it/s]
 29%|██▉       | 1561075/5396106 [00:39<01:02, 61139.35it/s]
 29%|██▉       | 1568209/5396106 [00:39<00:59, 64132.48it/s]
 29%|██▉       | 1574660/5396106 [00:39<01:06, 57843.29it/s]
 29%|██▉       | 1580585/5396106 [00:39<01:06, 57439.25it/s]
 29%|██▉       | 1586425/5396106 [00:39<01:08, 55532.25it/s]
 30%|██▉       | 1593671/5396106 [00:40<01:03, 60232.67it/s]
 30%|██▉       | 1599782/5396106 [00:40<01:05, 57639.12it/s]
 30%|██▉       | 1605622/5396106 [00:40<01:11, 53350.56it/s]
 30%|██▉       | 1611055/5396106 [00:40<01:12, 51985.85it/s]
 30%|██▉       | 1618601/5396106 [00:40<01:04, 58350.97it/s]
 30%|███       | 1625862/5396106 [00:40<01:00, 62331.87it/s]
 30%|███       | 1632204/5396106 [00:40<01:04, 58576.77it/s]
 30%|███       | 1638174/5396106 [00:40<01:07, 55735.77it/s]
 30%|███       | 1643839/5396106 [00:40<01:07, 55913.53it/s]
 31%|███       | 1649497/5396106 [00:41<01:07, 55341.86it/s]
 31%|███       | 1655075/5396106 [00:41<01:08, 54355.25it/s]
 31%|███       | 1661600/5396106 [00:41<01:05, 57441.08it/s]
 31%|███       | 1667746/5396106 [00:41<01:03, 58598.28it/s]
 31%|███       | 1674230/5396106 [00:41<01:01, 60417.25it/s]
 31%|███       | 1680300/5396106 [00:41<01:03, 58793.54it/s]
 31%|███       | 1686268/5396106 [00:41<01:02, 59049.24it/s]
 31%|███▏      | 1692326/5396106 [00:41<01:02, 59494.68it/s]
 31%|███▏      | 1698291/5396106 [00:41<01:07, 54775.34it/s]
 32%|███▏      | 1705263/5396106 [00:41<01:02, 58948.71it/s]
 32%|███▏      | 1712634/5396106 [00:42<00:58, 63158.70it/s]
 32%|███▏      | 1719850/5396106 [00:42<00:55, 65764.36it/s]
 32%|███▏      | 1727106/5396106 [00:42<00:54, 67750.45it/s]
 32%|███▏      | 1734265/5396106 [00:42<00:53, 68881.20it/s]
 32%|███▏      | 1741229/5396106 [00:42<00:52, 69105.23it/s]
 32%|███▏      | 1748167/5396106 [00:42<00:55, 66074.68it/s]
 33%|███▎      | 1754821/5396106 [00:42<00:58, 62675.01it/s]
 33%|███▎      | 1761149/5396106 [00:42<01:00, 59635.20it/s]
 33%|███▎      | 1767172/5396106 [00:42<01:07, 53536.17it/s]
 33%|███▎      | 1772656/5396106 [00:43<01:09, 52167.25it/s]
 33%|███▎      | 1778273/5396106 [00:43<01:07, 53227.00it/s]
 33%|███▎      | 1785056/5396106 [00:43<01:03, 57233.84it/s]
 33%|███▎      | 1792359/5396106 [00:43<00:58, 61683.37it/s]
 33%|███▎      | 1798874/5396106 [00:43<00:57, 62677.72it/s]
 33%|███▎      | 1805827/5396106 [00:43<00:55, 64668.65it/s]
 34%|███▎      | 1812348/5396106 [00:43<00:58, 61696.67it/s]
 34%|███▎      | 1818581/5396106 [00:43<01:01, 58476.55it/s]
 34%|███▍      | 1824756/5396106 [00:43<01:00, 59384.66it/s]
 34%|███▍      | 1830750/5396106 [00:44<01:09, 51490.71it/s]
 34%|███▍      | 1836106/5396106 [00:44<01:10, 50637.98it/s]
 34%|███▍      | 1843319/5396106 [00:44<01:03, 56333.96it/s]
 34%|███▍      | 1850823/5396106 [00:44<00:57, 61475.66it/s]
 34%|███▍      | 1857311/5396106 [00:44<00:56, 62432.53it/s]
 35%|███▍      | 1863677/5396106 [00:44<00:56, 62611.11it/s]
 35%|███▍      | 1870596/5396106 [00:44<00:54, 64519.90it/s]
 35%|███▍      | 1877115/5396106 [00:44<00:58, 60509.19it/s]
 35%|███▍      | 1883259/5396106 [00:44<01:00, 58244.16it/s]
 35%|███▌      | 1890286/5396106 [00:45<00:56, 61576.68it/s]
 35%|███▌      | 1897449/5396106 [00:45<00:54, 64433.73it/s]
 35%|███▌      | 1903963/5396106 [00:45<00:55, 62543.14it/s]
 35%|███▌      | 1910274/5396106 [00:45<00:59, 59064.13it/s]
 36%|███▌      | 1917667/5396106 [00:45<00:55, 63187.01it/s]
 36%|███▌      | 1925027/5396106 [00:45<00:52, 66136.10it/s]
 36%|███▌      | 1931985/5396106 [00:45<00:51, 67126.74it/s]
 36%|███▌      | 1938754/5396106 [00:45<00:54, 63255.19it/s]
 36%|███▌      | 1945158/5396106 [00:45<00:55, 62099.65it/s]
 36%|███▌      | 1952197/5396106 [00:46<00:53, 64428.88it/s]
 36%|███▋      | 1958872/5396106 [00:46<00:52, 65095.20it/s]
 36%|███▋      | 1965421/5396106 [00:46<00:54, 63035.63it/s]
 37%|███▋      | 1971762/5396106 [00:46<00:55, 61368.73it/s]
 37%|███▋      | 1977929/5396106 [00:46<00:57, 59603.52it/s]
 37%|███▋      | 1983914/5396106 [00:46<01:02, 54255.33it/s]
 37%|███▋      | 1989431/5396106 [00:46<01:07, 50699.87it/s]
 37%|███▋      | 1996078/5396106 [00:46<01:01, 54848.76it/s]
 37%|███▋      | 2003108/5396106 [00:46<00:57, 59006.77it/s]
 37%|███▋      | 2009131/5396106 [00:47<00:57, 59234.71it/s]
 37%|███▋      | 2015142/5396106 [00:47<00:58, 58182.04it/s]
 37%|███▋      | 2022295/5396106 [00:47<00:54, 61987.36it/s]
 38%|███▊      | 2029172/5396106 [00:47<00:52, 63950.57it/s]
 38%|███▊      | 2035785/5396106 [00:47<00:52, 64587.21it/s]
 38%|███▊      | 2042888/5396106 [00:47<00:50, 66485.13it/s]
 38%|███▊      | 2049566/5396106 [00:47<00:54, 61678.99it/s]
 38%|███▊      | 2055821/5396106 [00:50<07:34, 7354.87it/s] 
 38%|███▊      | 2063344/5396106 [00:50<05:18, 10451.00it/s]
 38%|███▊      | 2068801/5396106 [00:50<04:13, 13150.07it/s]
 38%|███▊      | 2074484/5396106 [00:50<03:19, 16660.84it/s]
 39%|███▊      | 2079966/5396106 [00:50<02:46, 19907.97it/s]
 39%|███▊      | 2085589/5396106 [00:50<02:15, 24430.87it/s]
 39%|███▉      | 2091012/5396106 [00:51<01:54, 28910.44it/s]
 39%|███▉      | 2096340/5396106 [00:51<01:39, 33153.67it/s]
 39%|███▉      | 2101617/5396106 [00:51<01:33, 35332.99it/s]
 39%|███▉      | 2106578/5396106 [00:51<01:26, 37946.81it/s]
 39%|███▉      | 2114028/5396106 [00:51<01:10, 46465.53it/s]
 39%|███▉      | 2121431/5396106 [00:51<01:01, 53349.93it/s]
 39%|███▉      | 2127608/5396106 [00:51<00:59, 55374.44it/s]
 40%|███▉      | 2135382/5396106 [00:51<00:53, 61466.94it/s]
 40%|███▉      | 2142692/5396106 [00:51<00:50, 64724.77it/s]
 40%|███▉      | 2150127/5396106 [00:51<00:48, 67471.63it/s]
 40%|███▉      | 2157146/5396106 [00:52<00:50, 64304.22it/s]
 40%|████      | 2163796/5396106 [00:52<00:54, 59366.86it/s]
 40%|████      | 2169991/5396106 [00:52<00:53, 60057.73it/s]
 40%|████      | 2176156/5396106 [00:52<00:59, 54178.13it/s]
 40%|████      | 2181773/5396106 [00:52<00:59, 54125.11it/s]
 41%|████      | 2188289/5396106 [00:52<00:56, 57104.02it/s]
 41%|████      | 2194130/5396106 [00:52<00:55, 57239.83it/s]
 41%|████      | 2199946/5396106 [00:52<00:56, 56999.57it/s]
 41%|████      | 2205710/5396106 [00:52<01:00, 53168.46it/s]
 41%|████      | 2211114/5396106 [00:53<01:05, 48940.72it/s]
 41%|████      | 2216115/5396106 [00:53<01:09, 45997.31it/s]
 41%|████      | 2220802/5396106 [00:53<01:08, 46181.78it/s]
 41%|████      | 2225484/5396106 [00:53<01:12, 43677.31it/s]
 41%|████▏     | 2229908/5396106 [00:53<01:15, 41705.32it/s]
 41%|████▏     | 2234327/5396106 [00:53<01:14, 42367.19it/s]
 42%|████▏     | 2239548/5396106 [00:53<01:10, 45083.56it/s]
 42%|████▏     | 2244106/5396106 [00:53<01:09, 45197.33it/s]
 42%|████▏     | 2250964/5396106 [00:53<01:00, 51920.78it/s]
 42%|████▏     | 2256210/5396106 [00:54<01:01, 51029.99it/s]
 42%|████▏     | 2261449/5396106 [00:54<01:01, 51365.07it/s]
 42%|████▏     | 2266614/5396106 [00:54<01:04, 48475.15it/s]
 42%|████▏     | 2271740/5396106 [00:54<01:03, 49223.03it/s]
 42%|████▏     | 2276701/5396106 [00:54<01:04, 48727.56it/s]
 42%|████▏     | 2283193/5396106 [00:54<00:58, 53395.67it/s]
 42%|████▏     | 2289796/5396106 [00:54<00:54, 57079.45it/s]
 43%|████▎     | 2296078/5396106 [00:54<00:52, 58766.69it/s]
 43%|████▎     | 2301984/5396106 [00:54<00:56, 54530.60it/s]
 43%|████▎     | 2307516/5396106 [00:55<01:00, 51030.16it/s]
 43%|████▎     | 2312706/5396106 [00:55<01:02, 49639.94it/s]
 43%|████▎     | 2317729/5396106 [00:55<01:08, 44709.97it/s]
 43%|████▎     | 2322310/5396106 [00:55<01:09, 44494.31it/s]
 43%|████▎     | 2327088/5396106 [00:55<01:07, 45375.82it/s]
 43%|████▎     | 2332608/5396106 [00:55<01:03, 48096.43it/s]
 43%|████▎     | 2338870/5396106 [00:55<00:58, 52216.45it/s]
 43%|████▎     | 2344162/5396106 [00:55<00:58, 51956.34it/s]
 44%|████▎     | 2349406/5396106 [00:55<00:59, 51094.96it/s]
 44%|████▎     | 2354551/5396106 [00:56<01:05, 46533.24it/s]
 44%|████▎     | 2359298/5396106 [00:56<01:07, 45269.87it/s]
 44%|████▍     | 2364187/5396106 [00:56<01:05, 46259.73it/s]
 44%|████▍     | 2368868/5396106 [00:56<01:06, 45831.46it/s]
 44%|████▍     | 2375276/5396106 [00:56<00:59, 51010.91it/s]
 44%|████▍     | 2380432/5396106 [00:56<01:00, 50030.13it/s]
 44%|████▍     | 2385526/5396106 [00:56<00:59, 50291.16it/s]
 44%|████▍     | 2390585/5396106 [00:56<01:01, 48832.39it/s]
 44%|████▍     | 2395495/5396106 [00:56<01:03, 46911.16it/s]
 45%|████▍     | 2402067/5396106 [00:57<00:57, 52221.01it/s]
 45%|████▍     | 2407342/5396106 [00:57<00:57, 51788.55it/s]
 45%|████▍     | 2414501/5396106 [00:57<00:51, 57498.36it/s]
 45%|████▍     | 2420657/5396106 [00:57<00:50, 58683.75it/s]
 45%|████▍     | 2428079/5396106 [00:57<00:46, 63255.22it/s]
 45%|████▌     | 2435380/5396106 [00:57<00:44, 66142.53it/s]
 45%|████▌     | 2442023/5396106 [00:57<00:48, 60638.14it/s]
 45%|████▌     | 2448194/5396106 [00:57<00:53, 55366.36it/s]
 45%|████▌     | 2453876/5396106 [00:57<00:55, 52738.21it/s]
 46%|████▌     | 2459257/5396106 [00:58<00:56, 52223.44it/s]
 46%|████▌     | 2465017/5396106 [00:58<00:54, 53664.13it/s]
 46%|████▌     | 2470471/5396106 [00:58<00:54, 53907.74it/s]
 46%|████▌     | 2477055/5396106 [00:58<00:50, 57310.20it/s]
 46%|████▌     | 2482837/5396106 [00:58<00:51, 56065.11it/s]
 46%|████▌     | 2488482/5396106 [00:58<00:55, 52006.73it/s]
 46%|████▌     | 2494199/5396106 [00:58<00:54, 53418.70it/s]
 46%|████▋     | 2499606/5396106 [00:58<00:56, 51706.70it/s]
 46%|████▋     | 2504827/5396106 [00:58<00:59, 48261.54it/s]
 47%|████▋     | 2509720/5396106 [00:58<01:01, 47123.24it/s]
 47%|████▋     | 2514476/5396106 [00:59<01:05, 44207.93it/s]
 47%|████▋     | 2519116/5396106 [00:59<01:04, 44794.45it/s]
 47%|████▋     | 2524255/5396106 [00:59<01:01, 46619.05it/s]
 47%|████▋     | 2530729/5396106 [00:59<00:55, 51712.50it/s]
 47%|████▋     | 2537515/5396106 [00:59<00:50, 56354.61it/s]
 47%|████▋     | 2543212/5396106 [00:59<00:52, 53956.48it/s]
 47%|████▋     | 2549620/5396106 [00:59<00:50, 56834.44it/s]
 47%|████▋     | 2556247/5396106 [00:59<00:47, 59557.46it/s]
 47%|████▋     | 2562722/5396106 [00:59<00:46, 61073.36it/s]
 48%|████▊     | 2569212/5396106 [01:00<00:45, 62198.85it/s]
 48%|████▊     | 2575462/5396106 [01:00<00:47, 58921.37it/s]
 48%|████▊     | 2581409/5396106 [01:00<00:51, 54593.14it/s]
 48%|████▊     | 2586958/5396106 [01:00<00:53, 52404.41it/s]
 48%|████▊     | 2594061/5396106 [01:00<00:48, 57469.92it/s]
 48%|████▊     | 2601290/5396106 [01:00<00:45, 61617.56it/s]
 48%|████▊     | 2608201/5396106 [01:00<00:44, 63079.44it/s]
 48%|████▊     | 2615548/5396106 [01:00<00:42, 66057.73it/s]
 49%|████▊     | 2622583/5396106 [01:00<00:41, 67271.97it/s]
 49%|████▊     | 2629359/5396106 [01:01<00:43, 63718.76it/s]
 49%|████▉     | 2635800/5396106 [01:01<00:43, 63387.33it/s]
 49%|████▉     | 2642186/5396106 [01:01<00:44, 61588.71it/s]
 49%|████▉     | 2648383/5396106 [01:01<00:46, 59130.75it/s]
 49%|████▉     | 2654334/5396106 [01:01<00:46, 58992.09it/s]
 49%|████▉     | 2660259/5396106 [01:01<00:48, 56198.90it/s]
 49%|████▉     | 2665914/5396106 [01:01<00:51, 53427.71it/s]
 50%|████▉     | 2671317/5396106 [01:01<00:50, 53591.55it/s]
 50%|████▉     | 2676983/5396106 [01:01<00:49, 54455.27it/s]
 50%|████▉     | 2683172/5396106 [01:01<00:47, 56588.39it/s]
 50%|████▉     | 2688859/5396106 [01:02<00:50, 53555.20it/s]
 50%|████▉     | 2695544/5396106 [01:02<00:47, 57301.99it/s]
 50%|█████     | 2702057/5396106 [01:02<00:45, 59497.11it/s]
 50%|█████     | 2709074/5396106 [01:02<00:42, 62597.62it/s]
 50%|█████     | 2716030/5396106 [01:02<00:41, 64639.71it/s]
 50%|█████     | 2722612/5396106 [01:02<00:41, 64983.52it/s]
 51%|█████     | 2729136/5396106 [01:09<14:23, 3088.63it/s] 
 51%|█████     | 2733732/5396106 [01:09<11:21, 3904.45it/s]
 51%|█████     | 2737943/5396106 [01:09<08:57, 4941.63it/s]
 51%|█████     | 2742134/5396106 [01:09<07:01, 6300.53it/s]
 51%|█████     | 2747843/5396106 [01:09<04:58, 8867.05it/s]
 51%|█████     | 2752410/5396106 [01:10<03:53, 11329.76it/s]
 51%|█████     | 2756950/5396106 [01:10<03:07, 14063.18it/s]
 51%|█████     | 2761259/5396106 [01:10<02:36, 16803.66it/s]
 51%|█████▏    | 2767394/5396106 [01:10<01:55, 22696.98it/s]
 51%|█████▏    | 2773263/5396106 [01:10<01:32, 28331.54it/s]
 51%|█████▏    | 2778566/5396106 [01:10<01:19, 32890.47it/s]
 52%|█████▏    | 2783700/5396106 [01:10<01:11, 36740.30it/s]
 52%|█████▏    | 2788807/5396106 [01:10<01:05, 39542.68it/s]
 52%|█████▏    | 2793860/5396106 [01:10<01:01, 42230.88it/s]
 52%|█████▏    | 2798896/5396106 [01:11<01:01, 42336.05it/s]
 52%|█████▏    | 2804206/5396106 [01:11<00:57, 45109.81it/s]
 52%|█████▏    | 2809156/5396106 [01:11<00:58, 44426.14it/s]
 52%|█████▏    | 2814391/5396106 [01:11<00:55, 46574.91it/s]
 52%|█████▏    | 2821274/5396106 [01:11<00:48, 52780.07it/s]
 52%|█████▏    | 2828587/5396106 [01:11<00:43, 58576.85it/s]
 53%|█████▎    | 2835590/5396106 [01:11<00:41, 61890.17it/s]
 53%|█████▎    | 2841917/5396106 [01:11<00:43, 58210.59it/s]
 53%|█████▎    | 2847877/5396106 [01:11<00:44, 57454.07it/s]
 53%|█████▎    | 2853718/5396106 [01:11<00:47, 53818.69it/s]
 53%|█████▎    | 2859201/5396106 [01:12<00:50, 50643.01it/s]
 53%|█████▎    | 2864356/5396106 [01:12<00:53, 47635.51it/s]
 53%|█████▎    | 2869197/5396106 [01:12<00:55, 45387.89it/s]
 53%|█████▎    | 2874685/5396106 [01:12<00:52, 47885.58it/s]
 53%|█████▎    | 2879547/5396106 [01:12<00:54, 46467.23it/s]
 53%|█████▎    | 2884244/5396106 [01:12<00:55, 45478.17it/s]
 54%|█████▎    | 2890063/5396106 [01:12<00:51, 48988.93it/s]
 54%|█████▎    | 2895015/5396106 [01:12<00:51, 48352.13it/s]
 54%|█████▎    | 2899886/5396106 [01:12<00:52, 47915.28it/s]
 54%|█████▍    | 2905904/5396106 [01:13<00:48, 51431.58it/s]
 54%|█████▍    | 2911081/5396106 [01:13<00:48, 51175.82it/s]
 54%|█████▍    | 2916222/5396106 [01:13<00:51, 47827.05it/s]
 54%|█████▍    | 2922468/5396106 [01:13<00:47, 51924.46it/s]
 54%|█████▍    | 2929372/5396106 [01:13<00:43, 56816.08it/s]
 54%|█████▍    | 2935857/5396106 [01:13<00:41, 59143.42it/s]
 55%|█████▍    | 2942868/5396106 [01:13<00:39, 62341.14it/s]
 55%|█████▍    | 2949336/5396106 [01:13<00:38, 63029.37it/s]
 55%|█████▍    | 2955674/5396106 [01:13<00:39, 62510.45it/s]
 55%|█████▍    | 2961951/5396106 [01:14<00:41, 58321.16it/s]
 55%|█████▌    | 2968127/5396106 [01:14<00:40, 59269.78it/s]
 55%|█████▌    | 2974573/5396106 [01:14<00:39, 60747.63it/s]
 55%|█████▌    | 2981309/5396106 [01:14<00:38, 62596.85it/s]
 55%|█████▌    | 2987606/5396106 [01:17<06:25, 6243.73it/s] 
 55%|█████▌    | 2992333/5396106 [01:17<05:04, 7887.06it/s]
 56%|█████▌    | 2997198/5396106 [01:17<03:57, 10092.30it/s]
 56%|█████▌    | 3001836/5396106 [01:17<03:11, 12495.52it/s]
 56%|█████▌    | 3006619/5396106 [01:17<02:31, 15733.58it/s]
 56%|█████▌    | 3012395/5396106 [01:18<01:55, 20598.76it/s]
 56%|█████▌    | 3020119/5396106 [01:18<01:22, 28636.57it/s]
 56%|█████▌    | 3025856/5396106 [01:18<01:12, 32825.19it/s]
 56%|█████▌    | 3031411/5396106 [01:18<01:04, 36477.31it/s]
 56%|█████▋    | 3038752/5396106 [01:18<00:53, 44278.28it/s]
 56%|█████▋    | 3046036/5396106 [01:18<00:46, 50898.40it/s]
 57%|█████▋    | 3052411/5396106 [01:18<00:45, 51985.84it/s]
 57%|█████▋    | 3058518/5396106 [01:18<00:44, 52677.91it/s]
 57%|█████▋    | 3065593/5396106 [01:18<00:40, 57389.66it/s]
 57%|█████▋    | 3072646/5396106 [01:18<00:38, 60955.89it/s]
 57%|█████▋    | 3080029/5396106 [01:19<00:35, 64550.13it/s]
 57%|█████▋    | 3086792/5396106 [01:19<00:38, 60519.26it/s]
 57%|█████▋    | 3093106/5396106 [01:19<00:40, 57231.89it/s]
 57%|█████▋    | 3099034/5396106 [01:19<00:40, 57035.83it/s]
 58%|█████▊    | 3104880/5396106 [01:19<00:43, 53102.80it/s]
 58%|█████▊    | 3110883/5396106 [01:19<00:41, 54943.20it/s]
 58%|█████▊    | 3117372/5396106 [01:19<00:39, 57672.13it/s]
 58%|█████▊    | 3123246/5396106 [01:19<00:40, 56668.39it/s]
 58%|█████▊    | 3130897/5396106 [01:19<00:36, 62275.62it/s]
 58%|█████▊    | 3138161/5396106 [01:20<00:34, 65255.22it/s]
 58%|█████▊    | 3145794/5396106 [01:20<00:32, 68478.54it/s]
 58%|█████▊    | 3152950/5396106 [01:20<00:32, 69382.93it/s]
 59%|█████▊    | 3160623/5396106 [01:20<00:31, 71547.57it/s]
 59%|█████▊    | 3168161/5396106 [01:20<00:30, 72684.80it/s]
 59%|█████▉    | 3175455/5396106 [01:20<00:31, 69782.19it/s]
 59%|█████▉    | 3182475/5396106 [01:20<00:33, 66447.59it/s]
 59%|█████▉    | 3189175/5396106 [01:20<00:37, 59635.29it/s]
 59%|█████▉    | 3195287/5396106 [01:20<00:37, 58297.94it/s]
 59%|█████▉    | 3201402/5396106 [01:21<00:37, 59061.93it/s]
 59%|█████▉    | 3207426/5396106 [01:21<00:36, 59387.91it/s]
 60%|█████▉    | 3213843/5396106 [01:21<00:35, 60745.31it/s]
 60%|█████▉    | 3219965/5396106 [01:21<00:36, 59942.59it/s]
 60%|█████▉    | 3225993/5396106 [01:21<00:37, 58039.44it/s]
 60%|█████▉    | 3231828/5396106 [01:21<00:38, 55745.02it/s]
 60%|█████▉    | 3237435/5396106 [01:21<00:42, 50711.42it/s]
 60%|██████    | 3242597/5396106 [01:21<00:43, 49606.48it/s]
 60%|██████    | 3248826/5396106 [01:21<00:40, 53039.72it/s]
 60%|██████    | 3254208/5396106 [01:22<00:42, 50111.27it/s]
 60%|██████    | 3259294/5396106 [01:22<00:44, 48518.20it/s]
 61%|██████    | 3265695/5396106 [01:22<00:40, 52738.51it/s]
 61%|██████    | 3271046/5396106 [01:22<00:41, 51435.23it/s]
 61%|██████    | 3276245/5396106 [01:22<00:41, 50567.85it/s]
 61%|██████    | 3281518/5396106 [01:22<00:41, 51152.28it/s]
 61%|██████    | 3287990/5396106 [01:22<00:38, 55039.90it/s]
 61%|██████    | 3293533/5396106 [01:22<00:41, 51145.89it/s]
 61%|██████    | 3298723/5396106 [01:22<00:42, 49255.71it/s]
 61%|██████    | 3304007/5396106 [01:23<00:41, 50243.69it/s]
 61%|██████▏   | 3309262/5396106 [01:23<00:41, 50892.93it/s]
 61%|██████▏   | 3314826/5396106 [01:23<00:39, 52183.17it/s]
 62%|██████▏   | 3320076/5396106 [01:23<00:40, 50666.32it/s]
 62%|██████▏   | 3325454/5396106 [01:23<00:40, 51429.35it/s]
 62%|██████▏   | 3331649/5396106 [01:23<00:37, 54479.22it/s]
 62%|██████▏   | 3337873/5396106 [01:23<00:36, 56753.46it/s]
 62%|██████▏   | 3345281/5396106 [01:23<00:33, 61864.15it/s]
 62%|██████▏   | 3352608/5396106 [01:23<00:31, 65246.30it/s]
 62%|██████▏   | 3359847/5396106 [01:23<00:30, 67371.02it/s]
 62%|██████▏   | 3367251/5396106 [01:24<00:29, 69359.19it/s]
 63%|██████▎   | 3374200/5396106 [01:24<00:29, 69148.78it/s]
 63%|██████▎   | 3381124/5396106 [01:24<00:32, 61935.38it/s]
 63%|██████▎   | 3388510/5396106 [01:24<00:30, 64766.29it/s]
 63%|██████▎   | 3396171/5396106 [01:24<00:29, 68099.56it/s]
 63%|██████▎   | 3403088/5396106 [01:24<00:30, 64951.48it/s]
 63%|██████▎   | 3409680/5396106 [01:24<00:31, 63473.09it/s]
 63%|██████▎   | 3416095/5396106 [01:24<00:32, 61261.70it/s]
 63%|██████▎   | 3422274/5396106 [01:24<00:35, 55482.08it/s]
 64%|██████▎   | 3427939/5396106 [01:25<00:37, 52458.61it/s]
 64%|██████▎   | 3433275/5396106 [01:25<00:39, 49829.24it/s]
 64%|██████▎   | 3438323/5396106 [01:25<00:40, 48378.48it/s]
 64%|██████▍   | 3444589/5396106 [01:25<00:37, 52051.00it/s]
 64%|██████▍   | 3450820/5396106 [01:25<00:35, 54865.63it/s]
 64%|██████▍   | 3456981/5396106 [01:25<00:34, 56491.16it/s]
 64%|██████▍   | 3464073/5396106 [01:25<00:31, 60612.97it/s]
 64%|██████▍   | 3470214/5396106 [01:25<00:31, 60843.15it/s]
 64%|██████▍   | 3476344/5396106 [01:25<00:35, 54483.61it/s]
 65%|██████▍   | 3481942/5396106 [01:26<00:36, 52454.47it/s]
 65%|██████▍   | 3487296/5396106 [01:26<00:36, 51959.91it/s]
 65%|██████▍   | 3493079/5396106 [01:26<00:35, 53573.95it/s]
 65%|██████▍   | 3499409/5396106 [01:26<00:33, 56321.76it/s]
 65%|██████▍   | 3505104/5396106 [01:26<00:35, 53671.01it/s]
 65%|██████▌   | 3512693/5396106 [01:26<00:31, 59909.32it/s]
 65%|██████▌   | 3519599/5396106 [01:26<00:30, 62509.69it/s]
 65%|██████▌   | 3526231/5396106 [01:26<00:29, 63614.46it/s]
 65%|██████▌   | 3532648/5396106 [01:26<00:32, 57153.15it/s]
 66%|██████▌   | 3538519/5396106 [01:27<00:35, 53045.12it/s]
 66%|██████▌   | 3543970/5396106 [01:27<00:35, 52407.11it/s]
 66%|██████▌   | 3549309/5396106 [01:27<00:36, 49931.56it/s]
 66%|██████▌   | 3554377/5396106 [01:27<00:39, 46937.21it/s]
 66%|██████▌   | 3559137/5396106 [01:27<00:41, 43807.99it/s]
 66%|██████▌   | 3564818/5396106 [01:27<00:38, 47180.47it/s]
 66%|██████▌   | 3570837/5396106 [01:27<00:36, 50697.98it/s]
 66%|██████▋   | 3576013/5396106 [01:27<00:38, 47185.61it/s]
 66%|██████▋   | 3580840/5396106 [01:28<00:38, 46923.78it/s]
 66%|██████▋   | 3587095/5396106 [01:28<00:35, 51226.28it/s]
 67%|██████▋   | 3592308/5396106 [01:28<00:37, 47480.44it/s]
 67%|██████▋   | 3597263/5396106 [01:28<00:37, 48018.78it/s]
 67%|██████▋   | 3602359/5396106 [01:28<00:36, 48591.59it/s]
 67%|██████▋   | 3609378/5396106 [01:28<00:32, 54710.78it/s]
 67%|██████▋   | 3616347/5396106 [01:28<00:30, 59011.29it/s]
 67%|██████▋   | 3622318/5396106 [01:28<00:30, 58765.48it/s]
 67%|██████▋   | 3628243/5396106 [01:28<00:31, 56455.29it/s]
 67%|██████▋   | 3633939/5396106 [01:28<00:33, 53239.45it/s]
 67%|██████▋   | 3639326/5396106 [01:29<00:33, 52358.72it/s]
 68%|██████▊   | 3645244/5396106 [01:29<00:32, 54267.37it/s]
 68%|██████▊   | 3650714/5396106 [01:29<00:32, 53836.90it/s]
 68%|██████▊   | 3657455/5396106 [01:29<00:30, 57741.28it/s]
 68%|██████▊   | 3663266/5396106 [01:29<00:30, 57043.13it/s]
 68%|██████▊   | 3668997/5396106 [01:29<00:32, 53653.12it/s]
 68%|██████▊   | 3674416/5396106 [01:29<00:32, 52391.28it/s]
 68%|██████▊   | 3679692/5396106 [01:29<00:35, 48291.26it/s]
 68%|██████▊   | 3685093/5396106 [01:29<00:34, 49832.15it/s]
 68%|██████▊   | 3691688/5396106 [01:30<00:31, 54311.87it/s]
 69%|██████▊   | 3697950/5396106 [01:30<00:29, 56672.10it/s]
 69%|██████▊   | 3703689/5396106 [01:30<00:31, 53217.46it/s]
 69%|██████▊   | 3709097/5396106 [01:30<00:33, 50107.80it/s]
 69%|██████▉   | 3714191/5396106 [01:30<00:34, 48793.83it/s]
 69%|██████▉   | 3720400/5396106 [01:30<00:31, 52427.14it/s]
 69%|██████▉   | 3727491/5396106 [01:30<00:28, 57617.12it/s]
 69%|██████▉   | 3733866/5396106 [01:30<00:27, 59371.80it/s]
 69%|██████▉   | 3739873/5396106 [01:30<00:29, 55885.38it/s]
 69%|██████▉   | 3746173/5396106 [01:31<00:28, 57877.49it/s]
 70%|██████▉   | 3752034/5396106 [01:31<00:29, 55370.50it/s]
 70%|██████▉   | 3757638/5396106 [01:31<00:31, 51388.17it/s]
 70%|██████▉   | 3762864/5396106 [01:31<00:32, 49788.13it/s]
 70%|██████▉   | 3768151/5396106 [01:31<00:32, 50613.52it/s]
 70%|██████▉   | 3773502/5396106 [01:31<00:31, 51420.28it/s]
 70%|███████   | 3778685/5396106 [01:31<00:32, 49972.70it/s]
 70%|███████   | 3784369/5396106 [01:31<00:31, 51916.52it/s]
 70%|███████   | 3789595/5396106 [01:31<00:31, 51192.39it/s]
 70%|███████   | 3795146/5396106 [01:32<00:30, 52436.16it/s]
 70%|███████   | 3800412/5396106 [01:32<00:31, 51124.32it/s]
 71%|███████   | 3805544/5396106 [01:32<00:32, 48612.50it/s]
 71%|███████   | 3810438/5396106 [01:32<00:33, 47927.58it/s]
 71%|███████   | 3815252/5396106 [01:32<00:33, 46538.70it/s]
 71%|███████   | 3820696/5396106 [01:32<00:32, 48766.24it/s]
 71%|███████   | 3825599/5396106 [01:32<00:32, 48653.59it/s]
 71%|███████   | 3831665/5396106 [01:32<00:30, 52133.17it/s]
 71%|███████   | 3837672/5396106 [01:32<00:28, 54408.90it/s]
 71%|███████   | 3843135/5396106 [01:32<00:28, 54072.76it/s]
 71%|███████▏  | 3848558/5396106 [01:33<00:29, 53210.31it/s]
 71%|███████▏  | 3853892/5396106 [01:33<00:32, 47156.66it/s]
 72%|███████▏  | 3858736/5396106 [01:33<00:38, 40106.62it/s]
 72%|███████▏  | 3862991/5396106 [01:38<09:07, 2802.10it/s] 
 72%|███████▏  | 3866145/5396106 [01:39<07:19, 3480.51it/s]
 72%|███████▏  | 3870402/5396106 [01:39<05:20, 4755.84it/s]
 72%|███████▏  | 3876317/5396106 [01:39<03:31, 7178.11it/s]
 72%|███████▏  | 3882066/5396106 [01:39<02:28, 10187.19it/s]
 72%|███████▏  | 3887690/5396106 [01:39<01:49, 13810.76it/s]
 72%|███████▏  | 3892621/5396106 [01:39<01:30, 16632.39it/s]
 72%|███████▏  | 3897485/5396106 [01:39<01:13, 20514.49it/s]
 72%|███████▏  | 3902735/5396106 [01:39<00:59, 25237.88it/s]
 72%|███████▏  | 3908820/5396106 [01:39<00:47, 31441.66it/s]
 73%|███████▎  | 3913995/5396106 [01:43<05:47, 4263.50it/s] 
 73%|███████▎  | 3918145/5396106 [01:43<04:28, 5494.90it/s]
 73%|███████▎  | 3921955/5396106 [01:43<03:32, 6948.74it/s]
 73%|███████▎  | 3926446/5396106 [01:44<02:39, 9241.75it/s]
 73%|███████▎  | 3932619/5396106 [01:44<01:49, 13411.22it/s]
 73%|███████▎  | 3940365/5396106 [01:44<01:13, 19938.38it/s]
 73%|███████▎  | 3947872/5396106 [01:44<00:53, 26944.67it/s]
 73%|███████▎  | 3954186/5396106 [01:44<00:44, 32505.99it/s]
 73%|███████▎  | 3960384/5396106 [01:44<00:39, 36109.02it/s]
 74%|███████▎  | 3966196/5396106 [01:44<00:36, 39311.74it/s]
 74%|███████▎  | 3971785/5396106 [01:44<00:34, 41628.20it/s]
 74%|███████▎  | 3977169/5396106 [01:44<00:32, 43318.52it/s]
 74%|███████▍  | 3982391/5396106 [01:44<00:31, 44730.46it/s]
 74%|███████▍  | 3987512/5396106 [01:45<00:31, 44306.77it/s]
 74%|███████▍  | 3992395/5396106 [01:45<00:33, 42472.04it/s]
 74%|███████▍  | 3996963/5396106 [01:45<00:32, 43142.14it/s]
 74%|███████▍  | 4004022/5396106 [01:45<00:27, 50458.20it/s]
 74%|███████▍  | 4010844/5396106 [01:45<00:25, 55359.13it/s]
 74%|███████▍  | 4016601/5396106 [01:45<00:24, 55212.06it/s]
 75%|███████▍  | 4022687/5396106 [01:45<00:24, 56810.89it/s]
 75%|███████▍  | 4029886/5396106 [01:45<00:22, 61199.06it/s]
 75%|███████▍  | 4036104/5396106 [01:45<00:23, 56847.85it/s]
 75%|███████▍  | 4041915/5396106 [01:46<00:25, 52213.41it/s]
 75%|███████▌  | 4047360/5396106 [01:46<00:25, 52804.62it/s]
 75%|███████▌  | 4052750/5396106 [01:46<00:27, 48013.97it/s]
 75%|███████▌  | 4057743/5396106 [01:46<00:27, 48515.83it/s]
 75%|███████▌  | 4062699/5396106 [01:46<00:29, 44548.29it/s]
 75%|███████▌  | 4068731/5396106 [01:46<00:27, 48685.90it/s]
 76%|███████▌  | 4074322/5396106 [01:46<00:26, 50645.12it/s]
 76%|███████▌  | 4080719/5396106 [01:46<00:24, 54376.08it/s]
 76%|███████▌  | 4086266/5396106 [01:46<00:25, 52190.73it/s]
 76%|███████▌  | 4092478/5396106 [01:47<00:23, 54974.11it/s]
 76%|███████▌  | 4098142/5396106 [01:47<00:24, 53489.51it/s]
 76%|███████▌  | 4103554/5396106 [01:47<00:24, 52365.09it/s]
 76%|███████▌  | 4108835/5396106 [01:47<00:26, 49178.28it/s]
 76%|███████▌  | 4113811/5396106 [01:47<00:26, 48170.98it/s]
 76%|███████▋  | 4118666/5396106 [01:47<00:27, 46053.87it/s]
 76%|███████▋  | 4123780/5396106 [01:47<00:26, 47420.66it/s]
 77%|███████▋  | 4128588/5396106 [01:47<00:26, 47605.35it/s]
 77%|███████▋  | 4133375/5396106 [01:47<00:27, 46390.08it/s]
 77%|███████▋  | 4138619/5396106 [01:48<00:26, 48111.54it/s]
 77%|███████▋  | 4143454/5396106 [01:48<00:26, 48031.22it/s]
 77%|███████▋  | 4148274/5396106 [01:48<00:27, 45478.63it/s]
 77%|███████▋  | 4152857/5396106 [01:48<00:27, 45275.89it/s]
 77%|███████▋  | 4158047/5396106 [01:48<00:26, 47126.95it/s]
 77%|███████▋  | 4164133/5396106 [01:48<00:24, 51105.41it/s]
 77%|███████▋  | 4170392/5396106 [01:48<00:22, 54469.14it/s]
 77%|███████▋  | 4175869/5396106 [01:48<00:22, 53181.14it/s]
 78%|███████▊  | 4182798/5396106 [01:48<00:20, 57864.95it/s]
 78%|███████▊  | 4188617/5396106 [01:49<00:21, 56041.86it/s]
 78%|███████▊  | 4194254/5396106 [01:49<00:22, 54625.28it/s]
 78%|███████▊  | 4199743/5396106 [01:49<00:22, 53344.47it/s]
 78%|███████▊  | 4205098/5396106 [01:49<00:22, 51937.81it/s]
 78%|███████▊  | 4210309/5396106 [01:49<00:24, 48196.74it/s]
 78%|███████▊  | 4215281/5396106 [01:49<00:24, 48607.32it/s]
 78%|███████▊  | 4222138/5396106 [01:49<00:21, 54209.95it/s]
 78%|███████▊  | 4227626/5396106 [01:49<00:21, 53795.06it/s]
 78%|███████▊  | 4233052/5396106 [01:49<00:26, 44657.36it/s]
 79%|███████▊  | 4237796/5396106 [01:50<00:26, 44219.97it/s]
 79%|███████▊  | 4243431/5396106 [01:50<00:24, 47385.47it/s]
 79%|███████▊  | 4248350/5396106 [01:50<00:26, 43533.97it/s]
 79%|███████▉  | 4252873/5396106 [01:50<00:27, 42146.22it/s]
 79%|███████▉  | 4258581/5396106 [01:50<00:24, 46076.75it/s]
 79%|███████▉  | 4263658/5396106 [01:50<00:23, 47358.28it/s]
 79%|███████▉  | 4268873/5396106 [01:50<00:23, 48702.75it/s]
 79%|███████▉  | 4273828/5396106 [01:50<00:23, 47309.98it/s]
 79%|███████▉  | 4278623/5396106 [01:50<00:23, 46985.43it/s]
 79%|███████▉  | 4283365/5396106 [01:51<00:24, 45055.66it/s]
 79%|███████▉  | 4288536/5396106 [01:51<00:23, 46867.13it/s]
 80%|███████▉  | 4293263/5396106 [01:51<00:23, 46833.21it/s]
 80%|███████▉  | 4299684/5396106 [01:51<00:21, 51775.09it/s]
 80%|███████▉  | 4304897/5396106 [01:51<00:21, 50877.60it/s]
 80%|███████▉  | 4310975/5396106 [01:51<00:20, 53728.73it/s]
 80%|███████▉  | 4316376/5396106 [01:51<00:22, 48305.54it/s]
 80%|████████  | 4321324/5396106 [01:51<00:23, 46024.25it/s]
 80%|████████  | 4326017/5396106 [01:51<00:23, 46202.79it/s]
 80%|████████  | 4330716/5396106 [01:52<00:22, 46342.69it/s]
 80%|████████  | 4335397/5396106 [01:52<00:23, 44999.55it/s]
 80%|████████  | 4340770/5396106 [01:52<00:22, 47451.19it/s]
 81%|████████  | 4345613/5396106 [01:52<00:22, 47726.64it/s]
 81%|████████  | 4352799/5396106 [01:52<00:19, 54739.85it/s]
 81%|████████  | 4359597/5396106 [01:52<00:17, 58624.89it/s]
 81%|████████  | 4366808/5396106 [01:52<00:16, 62607.01it/s]
 81%|████████  | 4373575/5396106 [01:52<00:15, 64105.42it/s]
 81%|████████  | 4380774/5396106 [01:52<00:15, 66451.62it/s]
 81%|████████▏ | 4387953/5396106 [01:52<00:14, 68043.90it/s]
 81%|████████▏ | 4394772/5396106 [01:53<00:16, 59729.21it/s]
 82%|████████▏ | 4400939/5396106 [01:53<00:16, 58736.07it/s]
 82%|████████▏ | 4406945/5396106 [01:53<00:16, 58686.29it/s]
 82%|████████▏ | 4412906/5396106 [01:53<00:17, 56817.13it/s]
 82%|████████▏ | 4418657/5396106 [01:53<00:18, 53770.06it/s]
 82%|████████▏ | 4424101/5396106 [01:53<00:19, 49537.61it/s]
 82%|████████▏ | 4430072/5396106 [01:53<00:18, 52196.01it/s]
 82%|████████▏ | 4436242/5396106 [01:53<00:17, 54795.33it/s]
 82%|████████▏ | 4441816/5396106 [01:53<00:18, 52044.58it/s]
 82%|████████▏ | 4447104/5396106 [01:54<00:19, 49042.12it/s]
 83%|████████▎ | 4452086/5396106 [01:54<00:21, 44534.50it/s]
 83%|████████▎ | 4457117/5396106 [01:54<00:20, 46024.84it/s]
 83%|████████▎ | 4461818/5396106 [01:54<00:21, 43724.04it/s]
 83%|████████▎ | 4467183/5396106 [01:54<00:20, 46357.03it/s]
 83%|████████▎ | 4473540/5396106 [01:54<00:18, 50994.46it/s]
 83%|████████▎ | 4479071/5396106 [01:54<00:17, 52210.78it/s]
 83%|████████▎ | 4485687/5396106 [01:54<00:16, 56214.12it/s]
 83%|████████▎ | 4491833/5396106 [01:54<00:15, 57738.42it/s]
 83%|████████▎ | 4497662/5396106 [01:55<00:16, 55802.28it/s]
 83%|████████▎ | 4503691/5396106 [01:55<00:15, 57093.39it/s]
 84%|████████▎ | 4509767/5396106 [01:55<00:15, 58160.55it/s]
 84%|████████▎ | 4515615/5396106 [01:55<00:15, 57195.47it/s]
 84%|████████▍ | 4521359/5396106 [01:55<00:15, 57224.81it/s]
 84%|████████▍ | 4527099/5396106 [01:55<00:15, 54935.78it/s]
 84%|████████▍ | 4532766/5396106 [01:55<00:15, 55431.95it/s]
 84%|████████▍ | 4538332/5396106 [01:55<00:16, 51845.78it/s]
 84%|████████▍ | 4543572/5396106 [01:55<00:16, 50969.89it/s]
 84%|████████▍ | 4549136/5396106 [01:56<00:16, 52070.02it/s]
 84%|████████▍ | 4554949/5396106 [01:56<00:15, 53798.77it/s]
 85%|████████▍ | 4560608/5396106 [01:56<00:15, 54596.34it/s]
 85%|████████▍ | 4566959/5396106 [01:56<00:14, 57204.88it/s]
 85%|████████▍ | 4572703/5396106 [01:56<00:15, 53704.45it/s]
 85%|████████▍ | 4578130/5396106 [01:56<00:15, 52194.41it/s]
 85%|████████▍ | 4583392/5396106 [01:56<00:15, 51476.61it/s]
 85%|████████▌ | 4589028/5396106 [01:56<00:15, 52854.50it/s]
 85%|████████▌ | 4594341/5396106 [01:56<00:15, 52776.75it/s]
 85%|████████▌ | 4599638/5396106 [01:57<00:16, 48136.71it/s]
 85%|████████▌ | 4604536/5396106 [01:57<00:17, 46505.63it/s]
 85%|████████▌ | 4609247/5396106 [01:57<00:17, 43995.35it/s]
 86%|████████▌ | 4614667/5396106 [01:57<00:16, 46692.48it/s]
 86%|████████▌ | 4620152/5396106 [01:57<00:15, 48942.63it/s]
 86%|████████▌ | 4625112/5396106 [01:57<00:16, 47500.38it/s]
 86%|████████▌ | 4629912/5396106 [01:57<00:16, 46078.44it/s]
 86%|████████▌ | 4634963/5396106 [01:57<00:16, 47319.06it/s]
 86%|████████▌ | 4639730/5396106 [01:57<00:15, 47365.55it/s]
 86%|████████▌ | 4644881/5396106 [01:57<00:15, 48509.95it/s]
 86%|████████▌ | 4650404/5396106 [01:58<00:14, 50473.67it/s]
 86%|████████▋ | 4656703/5396106 [01:58<00:13, 54159.60it/s]
 86%|████████▋ | 4662479/5396106 [01:58<00:13, 55221.95it/s]
 87%|████████▋ | 4668017/5396106 [01:58<00:13, 53939.82it/s]
 87%|████████▋ | 4674806/5396106 [01:58<00:12, 58027.82it/s]
 87%|████████▋ | 4681774/5396106 [01:58<00:11, 61465.78it/s]
 87%|████████▋ | 4688933/5396106 [01:58<00:10, 64464.35it/s]
 87%|████████▋ | 4695750/5396106 [01:58<00:10, 65555.58it/s]
 87%|████████▋ | 4703027/5396106 [01:58<00:10, 67706.08it/s]
 87%|████████▋ | 4710361/5396106 [01:58<00:09, 69388.09it/s]
 87%|████████▋ | 4717308/5396106 [01:59<00:10, 65571.16it/s]
 88%|████████▊ | 4723914/5396106 [01:59<00:11, 57941.21it/s]
 88%|████████▊ | 4730434/5396106 [01:59<00:11, 59870.82it/s]
 88%|████████▊ | 4736573/5396106 [01:59<00:10, 60029.96it/s]
 88%|████████▊ | 4742684/5396106 [01:59<00:11, 57629.83it/s]
 88%|████████▊ | 4748533/5396106 [01:59<00:12, 52402.19it/s]
 88%|████████▊ | 4755212/5396106 [01:59<00:11, 56198.57it/s]
 88%|████████▊ | 4762063/5396106 [01:59<00:10, 59569.74it/s]
 88%|████████▊ | 4768152/5396106 [02:00<00:11, 56665.91it/s]
 88%|████████▊ | 4773930/5396106 [02:00<00:12, 50915.04it/s]
 89%|████████▊ | 4779185/5396106 [02:00<00:12, 50575.76it/s]
 89%|████████▊ | 4784353/5396106 [02:00<00:12, 47809.06it/s]
 89%|████████▉ | 4789599/5396106 [02:00<00:12, 49037.82it/s]
 89%|████████▉ | 4794920/5396106 [02:00<00:11, 50146.66it/s]
 89%|████████▉ | 4800000/5396106 [02:00<00:11, 49917.88it/s]
 89%|████████▉ | 4805037/5396106 [02:00<00:12, 48359.12it/s]
 89%|████████▉ | 4809909/5396106 [02:00<00:12, 48454.61it/s]
 89%|████████▉ | 4814780/5396106 [02:01<00:12, 47965.57it/s]
 89%|████████▉ | 4821041/5396106 [02:01<00:11, 52161.52it/s]
 89%|████████▉ | 4826899/5396106 [02:01<00:10, 54022.83it/s]
 90%|████████▉ | 4832326/5396106 [02:01<00:10, 51806.29it/s]
 90%|████████▉ | 4837980/5396106 [02:01<00:10, 53095.95it/s]
 90%|████████▉ | 4843364/5396106 [02:01<00:10, 53310.27it/s]
 90%|████████▉ | 4848717/5396106 [02:08<03:51, 2368.42it/s] 
 90%|████████▉ | 4854769/5396106 [02:09<02:37, 3429.75it/s]
 90%|█████████ | 4859221/5396106 [02:09<02:00, 4465.15it/s]
 90%|█████████ | 4865574/5396106 [02:09<01:21, 6530.23it/s]
 90%|█████████ | 4872997/5396106 [02:09<00:53, 9750.83it/s]
 90%|█████████ | 4878692/5396106 [02:09<00:41, 12534.41it/s]
 91%|█████████ | 4884267/5396106 [02:09<00:31, 16078.10it/s]
 91%|█████████ | 4890515/5396106 [02:09<00:24, 20944.00it/s]
 91%|█████████ | 4896169/5396106 [02:09<00:19, 25230.36it/s]
 91%|█████████ | 4903156/5396106 [02:09<00:15, 32150.78it/s]
 91%|█████████ | 4909094/5396106 [02:10<00:14, 34108.02it/s]
 91%|█████████ | 4914453/5396106 [02:10<00:12, 37750.70it/s]
 91%|█████████ | 4919789/5396106 [02:10<00:11, 39790.63it/s]
 91%|█████████▏| 4926132/5396106 [02:10<00:10, 45210.08it/s]
 91%|█████████▏| 4932928/5396106 [02:10<00:09, 50822.51it/s]
 92%|█████████▏| 4938809/5396106 [02:10<00:08, 52614.56it/s]
 92%|█████████▏| 4945065/5396106 [02:10<00:08, 55300.99it/s]
 92%|█████████▏| 4951348/5396106 [02:10<00:07, 57389.45it/s]
 92%|█████████▏| 4959193/5396106 [02:10<00:06, 63382.38it/s]
 92%|█████████▏| 4966612/5396106 [02:10<00:06, 66221.64it/s]
 92%|█████████▏| 4973423/5396106 [02:11<00:06, 63887.90it/s]
 92%|█████████▏| 4979960/5396106 [02:11<00:07, 57032.93it/s]
 92%|█████████▏| 4985890/5396106 [02:11<00:07, 54159.47it/s]
 93%|█████████▎| 4992851/5396106 [02:11<00:06, 58211.16it/s]
 93%|█████████▎| 4998848/5396106 [02:11<00:07, 55626.87it/s]
 93%|█████████▎| 5004543/5396106 [02:11<00:07, 55176.82it/s]
 93%|█████████▎| 5010150/5396106 [02:11<00:08, 48126.13it/s]
 93%|█████████▎| 5016102/5396106 [02:11<00:07, 51016.48it/s]
 93%|█████████▎| 5022070/5396106 [02:12<00:07, 53272.97it/s]
 93%|█████████▎| 5027558/5396106 [02:12<00:07, 52229.77it/s]
 93%|█████████▎| 5033282/5396106 [02:12<00:06, 53476.53it/s]
 93%|█████████▎| 5038717/5396106 [02:12<00:06, 51319.96it/s]
 93%|█████████▎| 5043920/5396106 [02:12<00:07, 44209.90it/s]
 94%|█████████▎| 5049079/5396106 [02:12<00:07, 46084.00it/s]
 94%|█████████▎| 5055430/5396106 [02:12<00:06, 50729.07it/s]
 94%|█████████▍| 5062480/5396106 [02:12<00:05, 56178.77it/s]
 94%|█████████▍| 5068272/5396106 [02:12<00:05, 55666.12it/s]
 94%|█████████▍| 5073960/5396106 [02:13<00:05, 53980.86it/s]
 94%|█████████▍| 5079448/5396106 [02:13<00:05, 54214.36it/s]
 94%|█████████▍| 5084934/5396106 [02:13<00:05, 53302.93it/s]
 94%|█████████▍| 5090310/5396106 [02:13<00:05, 53307.79it/s]
 94%|█████████▍| 5095751/5396106 [02:13<00:05, 53618.17it/s]
 95%|█████████▍| 5101137/5396106 [02:13<00:05, 52820.04it/s]
 95%|█████████▍| 5108356/5396106 [02:13<00:04, 58464.12it/s]
 95%|█████████▍| 5115583/5396106 [02:13<00:04, 62520.98it/s]
 95%|█████████▍| 5123110/5396106 [02:13<00:04, 66287.98it/s]
 95%|█████████▌| 5130098/5396106 [02:13<00:03, 67353.87it/s]
 95%|█████████▌| 5137105/5396106 [02:14<00:03, 68124.44it/s]
 95%|█████████▌| 5143931/5396106 [02:14<00:03, 66844.60it/s]
 95%|█████████▌| 5150630/5396106 [02:14<00:03, 62318.88it/s]
 96%|█████████▌| 5156929/5396106 [02:14<00:03, 62418.19it/s]
 96%|█████████▌| 5163249/5396106 [02:14<00:03, 62628.85it/s]
 96%|█████████▌| 5169704/5396106 [02:14<00:03, 63151.21it/s]
 96%|█████████▌| 5176045/5396106 [02:14<00:03, 57024.47it/s]
 96%|█████████▌| 5181871/5396106 [02:14<00:04, 52942.93it/s]
 96%|█████████▌| 5188876/5396106 [02:14<00:03, 57481.62it/s]
 96%|█████████▋| 5196201/5396106 [02:15<00:03, 61807.51it/s]
 96%|█████████▋| 5202523/5396106 [02:15<00:03, 59527.06it/s]
 97%|█████████▋| 5208647/5396106 [02:15<00:03, 59994.87it/s]
 97%|█████████▋| 5214726/5396106 [02:15<00:03, 58395.87it/s]
 97%|█████████▋| 5220625/5396106 [02:15<00:03, 57196.36it/s]
 97%|█████████▋| 5226386/5396106 [02:15<00:02, 56853.87it/s]
 97%|█████████▋| 5232099/5396106 [02:15<00:03, 51148.98it/s]
 97%|█████████▋| 5237327/5396106 [02:15<00:03, 41990.45it/s]
 97%|█████████▋| 5241839/5396106 [02:16<00:03, 41242.51it/s]
 97%|█████████▋| 5246799/5396106 [02:16<00:03, 43309.32it/s]
 97%|█████████▋| 5251321/5396106 [02:16<00:03, 41177.54it/s]
 97%|█████████▋| 5257170/5396106 [02:16<00:03, 45670.87it/s]
 98%|█████████▊| 5264733/5396106 [02:16<00:02, 53775.12it/s]
 98%|█████████▊| 5271052/5396106 [02:16<00:02, 56397.70it/s]
 98%|█████████▊| 5276855/5396106 [02:16<00:02, 53957.58it/s]
 98%|█████████▊| 5282382/5396106 [02:16<00:02, 51935.84it/s]
 98%|█████████▊| 5288872/5396106 [02:16<00:01, 55491.00it/s]
 98%|█████████▊| 5294814/5396106 [02:17<00:01, 56588.73it/s]
 98%|█████████▊| 5300571/5396106 [02:17<00:01, 56864.79it/s]
 98%|█████████▊| 5306313/5396106 [02:17<00:01, 52392.95it/s]
 98%|█████████▊| 5311654/5396106 [02:17<00:01, 51306.55it/s]
 99%|█████████▊| 5316854/5396106 [02:17<00:01, 49684.94it/s]
 99%|█████████▊| 5321960/5396106 [02:17<00:01, 49954.82it/s]
 99%|█████████▊| 5326993/5396106 [02:17<00:01, 46362.41it/s]
 99%|█████████▉| 5332973/5396106 [02:17<00:01, 50020.22it/s]
 99%|█████████▉| 5338058/5396106 [02:17<00:01, 49943.40it/s]
 99%|█████████▉| 5344487/5396106 [02:17<00:00, 54024.17it/s]
 99%|█████████▉| 5351586/5396106 [02:18<00:00, 58925.61it/s]
 99%|█████████▉| 5357541/5396106 [02:18<00:00, 50472.66it/s]
 99%|█████████▉| 5362836/5396106 [02:18<00:00, 47115.47it/s]
 99%|█████████▉| 5367743/5396106 [02:18<00:00, 46772.29it/s]
100%|█████████▉| 5373853/5396106 [02:18<00:00, 50534.28it/s]
100%|█████████▉| 5379049/5396106 [02:18<00:00, 47790.11it/s]
100%|█████████▉| 5384605/5396106 [02:18<00:00, 49879.55it/s]
100%|█████████▉| 5390894/5396106 [02:18<00:00, 53482.33it/s]
100%|██████████| 5396106/5396106 [02:18<00:00, 38821.32it/s]
Nov 02, 2025 5:34:07 PM org.apache.lucene.store.MemorySegmentIndexInputProvider <init>
INFO: Using MemorySegmentIndexInput with Java 21; to disable start with -Dorg.apache.lucene.store.MMapDirectory.enableMemorySegments=false
wiki_jsonl_files/wiki_for_pyserini.jsonl generated
Step 2: Building Lucene index (this may take 10-30 minutes)...
Building index using Pyserini command-line tool...
Pyserini index created at: pyserini_wiki_index
Indexing output: indexable:            0
2025-11-02 17:33:57,881 INFO  [main] index.AbstractIndexer (AbstractIndexer.java:310) - empty:                  0
2025-11-02 17:33:57,881 INFO  [main] index.AbstractIndexer (AbstractIndexer.java:311) - skipped:                0
2025-11-02 17:33:57,881 INFO  [main] index.AbstractIndexer (AbstractIndexer.java:312) - errors:                 0
2025-11-02 17:33:57,884 INFO  [main] index.AbstractIndexer (AbstractIndexer.java:315) - Total 5,396,106 documents indexed in 00:12:28

Start extracting most relevant wiki docs...
Total claims: 145449

  0%|          | 0/145449 [00:00<?, ?it/s]
  0%|          | 1/145449 [00:00<6:49:54,  5.91it/s]
  0%|          | 3/145449 [00:00<4:21:05,  9.28it/s]
  0%|          | 6/145449 [00:00<2:36:17, 15.51it/s]
  0%|          | 9/145449 [00:00<2:04:56, 19.40it/s]
  0%|          | 12/145449 [00:00<1:52:32, 21.54it/s]
  0%|          | 16/145449 [00:00<1:38:06, 24.70it/s]
  0%|          | 21/145449 [00:00<1:17:47, 31.16it/s]
  0%|          | 26/145449 [00:01<1:08:20, 35.46it/s]
  0%|          | 30/145449 [00:01<1:10:31, 34.37it/s]
  0%|          | 36/145449 [00:01<58:50, 41.19it/s]  
  0%|          | 43/145449 [00:01<51:32, 47.02it/s]
  0%|          | 48/145449 [00:01<59:19, 40.85it/s]
  0%|          | 57/145449 [00:01<46:59, 51.57it/s]
  0%|          | 66/145449 [00:01<39:30, 61.32it/s]
  0%|          | 77/145449 [00:01<34:03, 71.14it/s]
  0%|          | 87/145449 [00:01<31:01, 78.11it/s]
  0%|          | 99/145449 [00:02<28:01, 86.46it/s]
  0%|          | 108/145449 [00:02<28:17, 85.60it/s]
  0%|          | 125/145449 [00:02<23:21, 103.69it/s]
  0%|          | 136/145449 [00:02<26:04, 92.85it/s] 
  0%|          | 146/145449 [00:02<29:45, 81.37it/s]
  0%|          | 155/145449 [00:02<31:54, 75.89it/s]
  0%|          | 163/145449 [00:02<34:25, 70.35it/s]
  0%|          | 171/145449 [00:03<35:36, 67.99it/s]
  0%|          | 178/145449 [00:03<36:45, 65.85it/s]
  0%|          | 185/145449 [00:03<36:13, 66.83it/s]
  0%|          | 192/145449 [00:03<38:36, 62.69it/s]
  0%|          | 199/145449 [00:03<45:51, 52.79it/s]
  0%|          | 206/145449 [00:03<45:02, 53.74it/s]
  0%|          | 213/145449 [00:03<43:43, 55.36it/s]
  0%|          | 220/145449 [00:03<42:44, 56.62it/s]
  0%|          | 230/145449 [00:04<36:50, 65.69it/s]
  0%|          | 249/145449 [00:04<24:45, 97.75it/s]
  0%|          | 260/145449 [00:04<25:19, 95.54it/s]
  0%|          | 270/145449 [00:04<26:21, 91.77it/s]
  0%|          | 280/145449 [00:04<33:07, 73.04it/s]
  0%|          | 289/145449 [00:04<32:25, 74.61it/s]
  0%|          | 298/145449 [00:04<33:43, 71.74it/s]
  0%|          | 306/145449 [00:04<36:55, 65.51it/s]
  0%|          | 313/145449 [00:05<36:39, 65.98it/s]
  0%|          | 323/145449 [00:05<33:17, 72.65it/s]
  0%|          | 331/145449 [00:05<34:21, 70.39it/s]
  0%|          | 341/145449 [00:05<31:24, 76.98it/s]
  0%|          | 356/145449 [00:05<26:48, 90.21it/s]
  0%|          | 366/145449 [00:05<27:22, 88.33it/s]
  0%|          | 375/145449 [00:05<29:35, 81.71it/s]
  0%|          | 384/145449 [00:05<29:14, 82.70it/s]
  0%|          | 395/145449 [00:06<27:11, 88.90it/s]
  0%|          | 404/145449 [00:06<31:58, 75.62it/s]
  0%|          | 412/145449 [00:06<35:26, 68.20it/s]
  0%|          | 420/145449 [00:06<35:14, 68.58it/s]
  0%|          | 428/145449 [00:06<35:31, 68.03it/s]
  0%|          | 436/145449 [00:06<35:17, 68.47it/s]
  0%|          | 445/145449 [00:06<32:44, 73.80it/s]
  0%|          | 457/145449 [00:06<29:09, 82.90it/s]
  0%|          | 467/145449 [00:07<29:30, 81.89it/s]
  0%|          | 477/145449 [00:07<28:22, 85.13it/s]
  0%|          | 486/145449 [00:07<30:00, 80.51it/s]
  0%|          | 497/145449 [00:07<27:34, 87.60it/s]
  0%|          | 506/145449 [00:07<27:31, 87.76it/s]
  0%|          | 522/145449 [00:07<23:02, 104.83it/s]
  0%|          | 538/145449 [00:07<20:32, 117.56it/s]
  0%|          | 550/145449 [00:07<22:37, 106.70it/s]
  0%|          | 561/145449 [00:07<22:44, 106.16it/s]
  0%|          | 572/145449 [00:08<22:50, 105.71it/s]
  0%|          | 583/145449 [00:08<24:02, 100.40it/s]
  0%|          | 596/145449 [00:08<23:02, 104.77it/s]
  0%|          | 607/145449 [00:08<25:47, 93.60it/s] 
  0%|          | 618/145449 [00:08<24:46, 97.44it/s]
  0%|          | 628/145449 [00:08<24:40, 97.82it/s]
  0%|          | 642/145449 [00:08<22:53, 105.45it/s]
  0%|          | 653/145449 [00:08<22:47, 105.87it/s]
  0%|          | 664/145449 [00:08<24:02, 100.36it/s]
  0%|          | 675/145449 [00:09<27:18, 88.34it/s] 
  0%|          | 687/145449 [00:09<25:22, 95.06it/s]
  0%|          | 697/145449 [00:09<29:28, 81.84it/s]
  0%|          | 711/145449 [00:09<25:26, 94.83it/s]
  0%|          | 722/145449 [00:09<30:44, 78.48it/s]
  1%|          | 731/145449 [00:09<33:07, 72.81it/s]
  1%|          | 741/145449 [00:09<31:00, 77.76it/s]
  1%|          | 750/145449 [00:10<30:00, 80.38it/s]
  1%|          | 759/145449 [00:10<35:51, 67.24it/s]
  1%|          | 767/145449 [00:10<37:01, 65.14it/s]
  1%|          | 779/145449 [00:10<32:58, 73.12it/s]
  1%|          | 789/145449 [00:10<32:11, 74.88it/s]
  1%|          | 797/145449 [00:10<32:15, 74.75it/s]
  1%|          | 806/145449 [00:10<31:32, 76.44it/s]
  1%|          | 818/145449 [00:10<28:21, 85.01it/s]
  1%|          | 830/145449 [00:11<26:47, 89.94it/s]
  1%|          | 840/145449 [00:11<31:54, 75.55it/s]
  1%|          | 848/145449 [00:11<32:15, 74.72it/s]
  1%|          | 860/145449 [00:11<34:03, 70.77it/s]
  1%|          | 870/145449 [00:11<33:22, 72.21it/s]
  1%|          | 879/145449 [00:11<31:41, 76.02it/s]
  1%|          | 887/145449 [00:11<34:25, 69.98it/s]
  1%|          | 899/145449 [00:12<29:31, 81.59it/s]
  1%|          | 909/145449 [00:12<27:59, 86.08it/s]
  1%|          | 919/145449 [00:12<26:58, 89.31it/s]
  1%|          | 937/145449 [00:12<21:34, 111.62it/s]
  1%|          | 953/145449 [00:12<19:21, 124.42it/s]
  1%|          | 966/145449 [00:12<19:34, 123.03it/s]
  1%|          | 980/145449 [00:12<19:04, 126.22it/s]
  1%|          | 993/145449 [00:12<19:20, 124.43it/s]
  1%|          | 1006/145449 [00:12<20:16, 118.71it/s]
  1%|          | 1018/145449 [00:13<22:48, 105.57it/s]
  1%|          | 1030/145449 [00:13<22:31, 106.89it/s]
  1%|          | 1041/145449 [00:13<22:22, 107.56it/s]
  1%|          | 1052/145449 [00:13<22:41, 106.08it/s]
  1%|          | 1063/145449 [00:13<23:29, 102.44it/s]
  1%|          | 1076/145449 [00:13<22:12, 108.37it/s]
  1%|          | 1087/145449 [00:13<22:46, 105.67it/s]
  1%|          | 1098/145449 [00:13<23:59, 100.26it/s]
  1%|          | 1109/145449 [00:13<24:43, 97.29it/s] 
  1%|          | 1122/145449 [00:14<22:42, 105.94it/s]
  1%|          | 1135/145449 [00:14<21:49, 110.23it/s]
  1%|          | 1147/145449 [00:14<22:27, 107.13it/s]
  1%|          | 1163/145449 [00:14<19:55, 120.71it/s]
  1%|          | 1182/145449 [00:14<17:23, 138.30it/s]
  1%|          | 1197/145449 [00:14<19:55, 120.65it/s]
  1%|          | 1216/145449 [00:14<18:49, 127.68it/s]
  1%|          | 1230/145449 [00:14<19:40, 122.16it/s]
  1%|          | 1243/145449 [00:15<21:07, 113.78it/s]
  1%|          | 1256/145449 [00:15<21:23, 112.36it/s]
  1%|          | 1268/145449 [00:15<24:38, 97.50it/s] 
  1%|          | 1279/145449 [00:15<23:57, 100.27it/s]
  1%|          | 1290/145449 [00:15<25:12, 95.34it/s] 
  1%|          | 1300/145449 [00:15<25:11, 95.35it/s]
  1%|          | 1310/145449 [00:15<25:05, 95.76it/s]
  1%|          | 1320/145449 [00:15<24:59, 96.13it/s]
  1%|          | 1330/145449 [00:15<24:59, 96.13it/s]
  1%|          | 1342/145449 [00:16<23:40, 101.46it/s]
  1%|          | 1353/145449 [00:16<24:14, 99.08it/s] 
  1%|          | 1363/145449 [00:16<27:27, 87.47it/s]
  1%|          | 1372/145449 [00:16<29:09, 82.35it/s]
  1%|          | 1384/145449 [00:16<26:11, 91.66it/s]
  1%|          | 1395/145449 [00:16<25:00, 96.04it/s]
  1%|          | 1406/145449 [00:16<24:18, 98.73it/s]
  1%|          | 1417/145449 [00:16<25:59, 92.33it/s]
  1%|          | 1429/145449 [00:17<24:21, 98.52it/s]
  1%|          | 1443/145449 [00:17<21:56, 109.37it/s]
  1%|          | 1462/145449 [00:17<18:13, 131.70it/s]
  1%|          | 1480/145449 [00:17<16:49, 142.57it/s]
  1%|          | 1495/145449 [00:17<18:26, 130.08it/s]
  1%|          | 1509/145449 [00:17<18:18, 131.00it/s]
  1%|          | 1523/145449 [00:17<19:45, 121.45it/s]
  1%|          | 1536/145449 [00:17<19:31, 122.88it/s]
  1%|          | 1549/145449 [00:17<22:36, 106.10it/s]
  1%|          | 1567/145449 [00:18<19:52, 120.69it/s]
  1%|          | 1580/145449 [00:18<21:13, 112.94it/s]
  1%|          | 1592/145449 [00:18<24:57, 96.06it/s] 
  1%|          | 1603/145449 [00:18<27:59, 85.66it/s]
  1%|          | 1613/145449 [00:18<29:14, 81.97it/s]
  1%|          | 1628/145449 [00:18<24:48, 96.64it/s]
  1%|          | 1639/145449 [00:18<26:46, 89.51it/s]
  1%|          | 1649/145449 [00:19<29:32, 81.13it/s]
  1%|          | 1660/145449 [00:19<27:54, 85.85it/s]
  1%|          | 1670/145449 [00:19<28:12, 84.97it/s]
  1%|          | 1680/145449 [00:19<27:47, 86.22it/s]
  1%|          | 1690/145449 [00:19<26:51, 89.21it/s]
  1%|          | 1707/145449 [00:19<22:06, 108.38it/s]
  1%|          | 1719/145449 [00:19<23:26, 102.16it/s]
  1%|          | 1732/145449 [00:19<22:02, 108.63it/s]
  1%|          | 1747/145449 [00:20<20:20, 117.73it/s]
  1%|          | 1759/145449 [00:20<21:00, 113.98it/s]
  1%|          | 1771/145449 [00:20<28:11, 84.95it/s] 
  1%|          | 1781/145449 [00:20<31:17, 76.51it/s]
  1%|          | 1794/145449 [00:20<28:52, 82.90it/s]
  1%|          | 1803/145449 [00:20<29:24, 81.42it/s]
  1%|          | 1815/145449 [00:20<26:39, 89.79it/s]
  1%|▏         | 1830/145449 [00:20<22:51, 104.71it/s]
  1%|▏         | 1842/145449 [00:21<26:03, 91.86it/s] 
  1%|▏         | 1861/145449 [00:21<20:49, 114.89it/s]
  1%|▏         | 1879/145449 [00:21<18:11, 131.50it/s]
  1%|▏         | 1894/145449 [00:21<18:58, 126.08it/s]
  1%|▏         | 1913/145449 [00:21<16:51, 141.91it/s]
  1%|▏         | 1928/145449 [00:21<16:42, 143.19it/s]
  1%|▏         | 1943/145449 [00:21<17:23, 137.48it/s]
  1%|▏         | 1958/145449 [00:21<17:55, 133.41it/s]
  1%|▏         | 1975/145449 [00:22<16:47, 142.38it/s]
  1%|▏         | 1990/145449 [00:22<18:16, 130.85it/s]
  1%|▏         | 2004/145449 [00:22<19:37, 121.79it/s]
  1%|▏         | 2019/145449 [00:22<18:33, 128.75it/s]
  1%|▏         | 2034/145449 [00:22<17:49, 134.13it/s]
  1%|▏         | 2048/145449 [00:22<17:53, 133.55it/s]
  1%|▏         | 2062/145449 [00:22<21:16, 112.29it/s]
  1%|▏         | 2074/145449 [00:22<24:53, 96.00it/s] 
  1%|▏         | 2085/145449 [00:23<26:02, 91.77it/s]
  1%|▏         | 2095/145449 [00:23<26:11, 91.21it/s]
  1%|▏         | 2105/145449 [00:23<27:54, 85.60it/s]
  1%|▏         | 2114/145449 [00:23<33:22, 71.59it/s]
  1%|▏         | 2124/145449 [00:23<30:39, 77.92it/s]
  1%|▏         | 2136/145449 [00:23<27:25, 87.09it/s]
  1%|▏         | 2148/145449 [00:23<25:54, 92.19it/s]
  1%|▏         | 2160/145449 [00:23<24:23, 97.92it/s]
  1%|▏         | 2171/145449 [00:24<28:09, 84.79it/s]
  1%|▏         | 2181/145449 [00:24<27:07, 88.03it/s]
  2%|▏         | 2191/145449 [00:24<28:29, 83.78it/s]
  2%|▏         | 2200/145449 [00:24<29:50, 80.02it/s]
  2%|▏         | 2214/145449 [00:24<25:14, 94.59it/s]
  2%|▏         | 2224/145449 [00:24<25:56, 92.03it/s]
  2%|▏         | 2234/145449 [00:24<32:34, 73.29it/s]
  2%|▏         | 2243/145449 [00:25<31:06, 76.72it/s]
  2%|▏         | 2257/145449 [00:25<26:14, 90.95it/s]
  2%|▏         | 2270/145449 [00:25<24:07, 98.89it/s]
  2%|▏         | 2284/145449 [00:25<21:54, 108.91it/s]
  2%|▏         | 2296/145449 [00:25<22:52, 104.33it/s]
  2%|▏         | 2307/145449 [00:25<28:37, 83.35it/s] 
  2%|▏         | 2318/145449 [00:25<27:01, 88.29it/s]
  2%|▏         | 2328/145449 [00:25<27:01, 88.26it/s]
  2%|▏         | 2338/145449 [00:26<29:14, 81.57it/s]
  2%|▏         | 2348/145449 [00:26<29:02, 82.11it/s]
  2%|▏         | 2358/145449 [00:26<28:04, 84.94it/s]
  2%|▏         | 2372/145449 [00:26<24:51, 95.92it/s]
  2%|▏         | 2382/145449 [00:26<30:36, 77.88it/s]
  2%|▏         | 2401/145449 [00:26<23:28, 101.54it/s]
  2%|▏         | 2413/145449 [00:26<24:01, 99.26it/s] 
  2%|▏         | 2424/145449 [00:26<24:03, 99.11it/s]
  2%|▏         | 2438/145449 [00:27<21:47, 109.40it/s]
  2%|▏         | 2453/145449 [00:27<20:05, 118.63it/s]
  2%|▏         | 2466/145449 [00:27<19:39, 121.24it/s]
  2%|▏         | 2484/145449 [00:27<17:37, 135.16it/s]
  2%|▏         | 2500/145449 [00:27<17:02, 139.78it/s]
  2%|▏         | 2519/145449 [00:27<16:03, 148.40it/s]
  2%|▏         | 2534/145449 [00:27<16:22, 145.51it/s]
  2%|▏         | 2549/145449 [00:27<17:44, 134.29it/s]
  2%|▏         | 2563/145449 [00:27<17:59, 132.38it/s]
  2%|▏         | 2578/145449 [00:28<18:09, 131.19it/s]
  2%|▏         | 2592/145449 [00:28<20:54, 113.84it/s]
  2%|▏         | 2604/145449 [00:28<21:08, 112.57it/s]
  2%|▏         | 2616/145449 [00:28<24:12, 98.33it/s] 
  2%|▏         | 2632/145449 [00:28<21:53, 108.76it/s]
  2%|▏         | 2644/145449 [00:28<24:34, 96.87it/s] 
  2%|▏         | 2655/145449 [00:28<29:02, 81.94it/s]
  2%|▏         | 2664/145449 [00:29<28:59, 82.11it/s]
  2%|▏         | 2673/145449 [00:29<28:52, 82.39it/s]
  2%|▏         | 2682/145449 [00:29<30:27, 78.11it/s]
  2%|▏         | 2691/145449 [00:29<32:48, 72.52it/s]
  2%|▏         | 2707/145449 [00:29<25:34, 93.00it/s]
  2%|▏         | 2717/145449 [00:29<26:34, 89.50it/s]
  2%|▏         | 2727/145449 [00:29<30:47, 77.23it/s]
  2%|▏         | 2740/145449 [00:29<27:03, 87.90it/s]
  2%|▏         | 2751/145449 [00:30<26:22, 90.16it/s]
  2%|▏         | 2762/145449 [00:30<25:04, 94.83it/s]
  2%|▏         | 2772/145449 [00:30<31:09, 76.32it/s]
  2%|▏         | 2781/145449 [00:30<30:42, 77.44it/s]
  2%|▏         | 2793/145449 [00:30<27:15, 87.25it/s]
  2%|▏         | 2803/145449 [00:30<29:06, 81.69it/s]
  2%|▏         | 2812/145449 [00:30<30:04, 79.05it/s]
  2%|▏         | 2821/145449 [00:30<29:46, 79.85it/s]
  2%|▏         | 2831/145449 [00:31<28:19, 83.90it/s]
  2%|▏         | 2840/145449 [00:31<28:38, 82.98it/s]
  2%|▏         | 2849/145449 [00:31<31:27, 75.53it/s]
  2%|▏         | 2857/145449 [00:31<31:18, 75.92it/s]
  2%|▏         | 2865/145449 [00:31<32:02, 74.18it/s]
  2%|▏         | 2879/145449 [00:31<27:09, 87.51it/s]
  2%|▏         | 2889/145449 [00:31<26:40, 89.08it/s]
  2%|▏         | 2900/145449 [00:31<25:36, 92.75it/s]
  2%|▏         | 2910/145449 [00:31<26:04, 91.11it/s]
  2%|▏         | 2924/145449 [00:32<23:29, 101.12it/s]
  2%|▏         | 2935/145449 [00:32<23:30, 101.03it/s]
  2%|▏         | 2947/145449 [00:32<24:05, 98.57it/s] 
  2%|▏         | 2957/145449 [00:32<24:17, 97.76it/s]
  2%|▏         | 2967/145449 [00:32<24:24, 97.29it/s]
  2%|▏         | 2979/145449 [00:32<23:50, 99.63it/s]
  2%|▏         | 2989/145449 [00:32<25:16, 93.94it/s]
  2%|▏         | 2999/145449 [00:32<25:37, 92.66it/s]
  2%|▏         | 3009/145449 [00:32<25:49, 91.93it/s]
  2%|▏         | 3019/145449 [00:33<26:41, 88.91it/s]
  2%|▏         | 3029/145449 [00:33<26:11, 90.62it/s]
  2%|▏         | 3042/145449 [00:33<25:18, 93.80it/s]
  2%|▏         | 3056/145449 [00:33<22:44, 104.37it/s]
  2%|▏         | 3068/145449 [00:33<22:12, 106.87it/s]
  2%|▏         | 3079/145449 [00:33<22:57, 103.38it/s]
  2%|▏         | 3091/145449 [00:33<23:00, 103.15it/s]
  2%|▏         | 3102/145449 [00:33<24:52, 95.39it/s] 
  2%|▏         | 3115/145449 [00:34<22:51, 103.77it/s]
  2%|▏         | 3126/145449 [00:34<28:46, 82.43it/s] 
  2%|▏         | 3139/145449 [00:34<26:15, 90.33it/s]
  2%|▏         | 3150/145449 [00:34<25:58, 91.29it/s]
  2%|▏         | 3163/145449 [00:34<23:31, 100.82it/s]
  2%|▏         | 3175/145449 [00:34<22:31, 105.31it/s]
  2%|▏         | 3186/145449 [00:34<22:19, 106.21it/s]
  2%|▏         | 3197/145449 [00:34<23:35, 100.47it/s]
  2%|▏         | 3210/145449 [00:34<21:57, 108.00it/s]
  2%|▏         | 3222/145449 [00:35<24:14, 97.77it/s] 
  2%|▏         | 3233/145449 [00:35<26:18, 90.11it/s]
  2%|▏         | 3243/145449 [00:35<28:11, 84.07it/s]
  2%|▏         | 3252/145449 [00:35<28:17, 83.77it/s]
  2%|▏         | 3262/145449 [00:35<27:41, 85.55it/s]
  2%|▏         | 3272/145449 [00:35<26:46, 88.50it/s]
  2%|▏         | 3281/145449 [00:35<27:04, 87.54it/s]
  2%|▏         | 3296/145449 [00:35<23:47, 99.57it/s]
  2%|▏         | 3306/145449 [00:36<26:06, 90.73it/s]
  2%|▏         | 3319/145449 [00:36<23:27, 100.96it/s]
  2%|▏         | 3330/145449 [00:36<24:49, 95.40it/s] 
  2%|▏         | 3340/145449 [00:36<25:51, 91.60it/s]
  2%|▏         | 3352/145449 [00:36<24:04, 98.40it/s]
  2%|▏         | 3363/145449 [00:36<24:22, 97.16it/s]
  2%|▏         | 3376/145449 [00:36<23:10, 102.15it/s]
  2%|▏         | 3389/145449 [00:36<21:44, 108.89it/s]
  2%|▏         | 3402/145449 [00:36<21:05, 112.28it/s]
  2%|▏         | 3414/145449 [00:37<21:39, 109.34it/s]
  2%|▏         | 3426/145449 [00:37<23:41, 99.88it/s] 
  2%|▏         | 3437/145449 [00:37<24:38, 96.07it/s]
  2%|▏         | 3449/145449 [00:37<25:10, 93.98it/s]
  2%|▏         | 3459/145449 [00:37<25:21, 93.30it/s]
  2%|▏         | 3471/145449 [00:37<26:07, 90.56it/s]
  2%|▏         | 3485/145449 [00:37<23:54, 98.96it/s]
  2%|▏         | 3496/145449 [00:37<23:21, 101.29it/s]
  2%|▏         | 3507/145449 [00:38<26:54, 87.92it/s] 
  2%|▏         | 3519/145449 [00:38<25:24, 93.13it/s]
  2%|▏         | 3531/145449 [00:38<24:34, 96.27it/s]
  2%|▏         | 3541/145449 [00:38<27:02, 87.48it/s]
  2%|▏         | 3553/145449 [00:38<24:49, 95.28it/s]
  2%|▏         | 3564/145449 [00:38<24:04, 98.25it/s]
  2%|▏         | 3584/145449 [00:38<19:00, 124.41it/s]
  2%|▏         | 3597/145449 [00:39<23:02, 102.58it/s]
  2%|▏         | 3610/145449 [00:39<21:38, 109.22it/s]
  2%|▏         | 3628/145449 [00:39<18:37, 126.96it/s]
  3%|▎         | 3642/145449 [00:39<18:23, 128.51it/s]
  3%|▎         | 3656/145449 [00:39<19:14, 122.85it/s]
  3%|▎         | 3669/145449 [00:39<25:13, 93.65it/s] 
  3%|▎         | 3682/145449 [00:39<23:39, 99.85it/s]
  3%|▎         | 3694/145449 [00:39<22:41, 104.12it/s]
  3%|▎         | 3706/145449 [00:40<24:46, 95.38it/s] 
  3%|▎         | 3717/145449 [00:40<26:50, 88.02it/s]
  3%|▎         | 3727/145449 [00:40<32:40, 72.27it/s]
  3%|▎         | 3737/145449 [00:40<32:00, 73.78it/s]
  3%|▎         | 3746/145449 [00:40<31:36, 74.73it/s]
  3%|▎         | 3756/145449 [00:40<29:21, 80.42it/s]
  3%|▎         | 3765/145449 [00:40<30:30, 77.40it/s]
  3%|▎         | 3774/145449 [00:41<32:32, 72.58it/s]
  3%|▎         | 3787/145449 [00:41<27:28, 85.95it/s]
  3%|▎         | 3800/145449 [00:41<24:22, 96.83it/s]
  3%|▎         | 3813/145449 [00:41<22:46, 103.65it/s]
  3%|▎         | 3824/145449 [00:41<25:17, 93.32it/s] 
  3%|▎         | 3834/145449 [00:41<24:51, 94.92it/s]
  3%|▎         | 3844/145449 [00:41<26:02, 90.63it/s]
  3%|▎         | 3854/145449 [00:41<27:10, 86.85it/s]
  3%|▎         | 3868/145449 [00:41<23:30, 100.36it/s]
  3%|▎         | 3880/145449 [00:42<22:44, 103.76it/s]
  3%|▎         | 3891/145449 [00:42<25:47, 91.50it/s] 
  3%|▎         | 3907/145449 [00:42<21:56, 107.53it/s]
  3%|▎         | 3919/145449 [00:42<23:05, 102.14it/s]
  3%|▎         | 3930/145449 [00:42<23:50, 98.96it/s] 
  3%|▎         | 3945/145449 [00:42<21:22, 110.30it/s]
  3%|▎         | 3959/145449 [00:42<20:11, 116.77it/s]
  3%|▎         | 3971/145449 [00:42<21:21, 110.37it/s]
  3%|▎         | 3983/145449 [00:42<21:36, 109.09it/s]
  3%|▎         | 3998/145449 [00:43<19:55, 118.28it/s]
  3%|▎         | 4014/145449 [00:43<18:10, 129.69it/s]
  3%|▎         | 4028/145449 [00:43<20:15, 116.39it/s]
  3%|▎         | 4041/145449 [00:43<20:22, 115.70it/s]
  3%|▎         | 4053/145449 [00:43<22:23, 105.24it/s]
  3%|▎         | 4064/145449 [00:43<23:39, 99.58it/s] 
  3%|▎         | 4075/145449 [00:43<25:33, 92.18it/s]
  3%|▎         | 4085/145449 [00:43<26:21, 89.41it/s]
  3%|▎         | 4095/145449 [00:44<25:55, 90.86it/s]
  3%|▎         | 4105/145449 [00:44<26:13, 89.82it/s]
  3%|▎         | 4115/145449 [00:44<27:19, 86.21it/s]
  3%|▎         | 4124/145449 [00:44<29:02, 81.10it/s]
  3%|▎         | 4133/145449 [00:44<30:42, 76.70it/s]
  3%|▎         | 4141/145449 [00:44<31:12, 75.45it/s]
  3%|▎         | 4152/145449 [00:44<29:10, 80.71it/s]
  3%|▎         | 4161/145449 [00:44<29:19, 80.32it/s]
  3%|▎         | 4171/145449 [00:45<27:39, 85.14it/s]
  3%|▎         | 4180/145449 [00:45<27:33, 85.43it/s]
  3%|▎         | 4189/145449 [00:45<30:04, 78.28it/s]
  3%|▎         | 4200/145449 [00:45<27:33, 85.43it/s]
  3%|▎         | 4209/145449 [00:45<27:47, 84.71it/s]
  3%|▎         | 4218/145449 [00:45<28:02, 83.94it/s]
  3%|▎         | 4227/145449 [00:45<30:53, 76.21it/s]
  3%|▎         | 4244/145449 [00:45<23:25, 100.49it/s]
  3%|▎         | 4257/145449 [00:45<22:02, 106.79it/s]
  3%|▎         | 4269/145449 [00:46<27:40, 85.00it/s] 
  3%|▎         | 4279/145449 [00:46<30:10, 77.99it/s]
  3%|▎         | 4288/145449 [00:46<32:48, 71.70it/s]
  3%|▎         | 4299/145449 [00:46<30:04, 78.20it/s]
  3%|▎         | 4308/145449 [00:46<31:29, 74.69it/s]
  3%|▎         | 4316/145449 [00:46<33:06, 71.03it/s]
  3%|▎         | 4329/145449 [00:46<28:00, 83.96it/s]
  3%|▎         | 4341/145449 [00:47<25:32, 92.11it/s]
  3%|▎         | 4352/145449 [00:47<25:05, 93.70it/s]
  3%|▎         | 4367/145449 [00:47<22:02, 106.71it/s]
  3%|▎         | 4378/145449 [00:47<22:09, 106.14it/s]
  3%|▎         | 4389/145449 [00:47<23:20, 100.75it/s]
  3%|▎         | 4400/145449 [00:47<24:26, 96.17it/s] 
  3%|▎         | 4413/145449 [00:47<23:08, 101.56it/s]
  3%|▎         | 4424/145449 [00:47<25:18, 92.85it/s] 
  3%|▎         | 4434/145449 [00:48<26:21, 89.15it/s]
  3%|▎         | 4449/145449 [00:48<22:40, 103.63it/s]
  3%|▎         | 4460/145449 [00:48<23:01, 102.08it/s]
  3%|▎         | 4471/145449 [00:48<24:39, 95.28it/s] 
  3%|▎         | 4482/145449 [00:48<24:25, 96.22it/s]
  3%|▎         | 4498/145449 [00:48<21:01, 111.69it/s]
  3%|▎         | 4510/145449 [00:48<21:33, 108.98it/s]
  3%|▎         | 4522/145449 [00:48<23:19, 100.67it/s]
  3%|▎         | 4533/145449 [00:49<28:40, 81.92it/s] 
  3%|▎         | 4549/145449 [00:49<23:51, 98.45it/s]
  3%|▎         | 4561/145449 [00:49<23:12, 101.16it/s]
  3%|▎         | 4573/145449 [00:49<22:27, 104.54it/s]
  3%|▎         | 4587/145449 [00:49<21:28, 109.36it/s]
  3%|▎         | 4599/145449 [00:49<21:40, 108.33it/s]
  3%|▎         | 4611/145449 [00:49<25:10, 93.26it/s] 
  3%|▎         | 4621/145449 [00:49<27:11, 86.30it/s]
  3%|▎         | 4631/145449 [00:50<27:14, 86.15it/s]
  3%|▎         | 4650/145449 [00:50<21:11, 110.76it/s]
  3%|▎         | 4662/145449 [00:50<22:13, 105.56it/s]
  3%|▎         | 4674/145449 [00:50<22:29, 104.30it/s]
  3%|▎         | 4685/145449 [00:50<23:42, 98.94it/s] 
  3%|▎         | 4696/145449 [00:50<26:51, 87.35it/s]
  3%|▎         | 4712/145449 [00:50<23:12, 101.10it/s]
  3%|▎         | 4725/145449 [00:50<23:41, 98.97it/s] 
  3%|▎         | 4740/145449 [00:51<22:12, 105.58it/s]
  3%|▎         | 4751/145449 [00:51<24:47, 94.59it/s] 
  3%|▎         | 4763/145449 [00:51<23:17, 100.65it/s]
  3%|▎         | 4774/145449 [00:51<23:04, 101.63it/s]
  3%|▎         | 4785/145449 [00:51<23:07, 101.41it/s]
  3%|▎         | 4796/145449 [00:51<23:20, 100.41it/s]
  3%|▎         | 4807/145449 [00:51<22:56, 102.21it/s]
  3%|▎         | 4820/145449 [00:51<21:55, 106.89it/s]
  3%|▎         | 4831/145449 [00:52<28:56, 80.97it/s] 
  3%|▎         | 4841/145449 [00:52<27:29, 85.22it/s]
  3%|▎         | 4855/145449 [00:52<24:07, 97.16it/s]
  3%|▎         | 4870/145449 [00:52<21:32, 108.76it/s]
  3%|▎         | 4884/145449 [00:52<20:02, 116.93it/s]
  3%|▎         | 4897/145449 [00:52<22:31, 103.99it/s]
  3%|▎         | 4909/145449 [00:52<24:26, 95.82it/s] 
  3%|▎         | 4920/145449 [00:52<27:41, 84.59it/s]
  3%|▎         | 4930/145449 [00:53<26:37, 87.98it/s]
  3%|▎         | 4946/145449 [00:53<23:44, 98.60it/s]
  3%|▎         | 4957/145449 [00:53<26:15, 89.19it/s]
  3%|▎         | 4967/145449 [00:53<26:11, 89.37it/s]
  3%|▎         | 4980/145449 [00:53<24:06, 97.12it/s]
  3%|▎         | 4990/145449 [00:53<24:52, 94.08it/s]
  3%|▎         | 5000/145449 [00:53<25:09, 93.04it/s]
  3%|▎         | 5013/145449 [00:53<22:49, 102.58it/s]
  3%|▎         | 5024/145449 [00:54<28:00, 83.58it/s] 
  3%|▎         | 5034/145449 [00:54<30:13, 77.44it/s]
  3%|▎         | 5045/145449 [00:54<28:49, 81.17it/s]
  3%|▎         | 5056/145449 [00:54<27:01, 86.60it/s]
  3%|▎         | 5066/145449 [00:54<26:54, 86.93it/s]
  3%|▎         | 5076/145449 [00:54<26:03, 89.80it/s]
  3%|▎         | 5086/145449 [00:54<27:51, 84.00it/s]
  4%|▎         | 5096/145449 [00:54<27:31, 84.98it/s]
  4%|▎         | 5114/145449 [00:55<21:20, 109.62it/s]
  4%|▎         | 5126/145449 [00:55<23:12, 100.74it/s]
  4%|▎         | 5140/145449 [00:55<21:32, 108.54it/s]
  4%|▎         | 5152/145449 [00:55<22:38, 103.27it/s]
  4%|▎         | 5163/145449 [00:55<22:53, 102.17it/s]
  4%|▎         | 5174/145449 [00:55<24:20, 96.05it/s] 
  4%|▎         | 5184/145449 [00:55<26:26, 88.41it/s]
  4%|▎         | 5196/145449 [00:55<24:56, 93.73it/s]
  4%|▎         | 5206/145449 [00:56<28:05, 83.18it/s]
  4%|▎         | 5217/145449 [00:56<26:13, 89.12it/s]
  4%|▎         | 5227/145449 [00:56<26:25, 88.46it/s]
  4%|▎         | 5237/145449 [00:56<25:58, 89.96it/s]
  4%|▎         | 5247/145449 [00:56<25:57, 90.01it/s]
  4%|▎         | 5257/145449 [00:56<27:47, 84.07it/s]
  4%|▎         | 5266/145449 [00:56<27:49, 83.96it/s]
  4%|▎         | 5275/145449 [00:56<28:48, 81.11it/s]
  4%|▎         | 5284/145449 [00:56<28:16, 82.62it/s]
  4%|▎         | 5294/145449 [00:57<26:50, 87.01it/s]
  4%|▎         | 5305/145449 [00:57<25:15, 92.48it/s]
  4%|▎         | 5315/145449 [00:57<25:17, 92.33it/s]
  4%|▎         | 5326/145449 [00:57<24:37, 94.83it/s]
  4%|▎         | 5336/145449 [00:57<27:50, 83.87it/s]
  4%|▎         | 5347/145449 [00:57<25:47, 90.54it/s]
  4%|▎         | 5361/145449 [00:57<22:36, 103.24it/s]
  4%|▎         | 5372/145449 [00:57<26:25, 88.33it/s] 
  4%|▎         | 5382/145449 [00:58<29:13, 79.87it/s]
  4%|▎         | 5391/145449 [00:58<30:23, 76.80it/s]
  4%|▎         | 5400/145449 [00:58<30:42, 76.03it/s]
  4%|▎         | 5408/145449 [00:58<33:18, 70.07it/s]
  4%|▎         | 5419/145449 [00:58<29:35, 78.88it/s]
  4%|▎         | 5428/145449 [00:58<28:33, 81.72it/s]
  4%|▎         | 5440/145449 [00:58<25:55, 90.02it/s]
  4%|▎         | 5450/145449 [00:58<26:18, 88.71it/s]
  4%|▍         | 5463/145449 [00:59<23:44, 98.26it/s]
  4%|▍         | 5474/145449 [00:59<23:37, 98.75it/s]
  4%|▍         | 5484/145449 [00:59<24:05, 96.85it/s]
  4%|▍         | 5494/145449 [00:59<25:43, 90.69it/s]
  4%|▍         | 5504/145449 [00:59<29:15, 79.70it/s]
  4%|▍         | 5513/145449 [00:59<34:41, 67.24it/s]
  4%|▍         | 5521/145449 [00:59<37:22, 62.39it/s]
  4%|▍         | 5533/145449 [00:59<31:45, 73.44it/s]
  4%|▍         | 5549/145449 [01:00<24:52, 93.75it/s]
  4%|▍         | 5560/145449 [01:00<27:18, 85.40it/s]
  4%|▍         | 5570/145449 [01:00<28:54, 80.65it/s]
  4%|▍         | 5583/145449 [01:00<25:47, 90.39it/s]
  4%|▍         | 5595/145449 [01:00<23:58, 97.25it/s]
  4%|▍         | 5606/145449 [01:00<25:03, 93.00it/s]
  4%|▍         | 5619/145449 [01:00<23:00, 101.31it/s]
  4%|▍         | 5630/145449 [01:00<23:28, 99.26it/s] 
  4%|▍         | 5641/145449 [01:01<24:08, 96.51it/s]
  4%|▍         | 5651/145449 [01:01<30:53, 75.44it/s]
  4%|▍         | 5662/145449 [01:01<28:05, 82.93it/s]
  4%|▍         | 5672/145449 [01:01<27:24, 85.02it/s]
  4%|▍         | 5682/145449 [01:01<33:06, 70.37it/s]
  4%|▍         | 5696/145449 [01:01<27:22, 85.10it/s]
  4%|▍         | 5712/145449 [01:01<22:42, 102.58it/s]
  4%|▍         | 5729/145449 [01:01<19:41, 118.25it/s]
  4%|▍         | 5744/145449 [01:02<18:41, 124.58it/s]
  4%|▍         | 5758/145449 [01:02<19:15, 120.89it/s]
  4%|▍         | 5773/145449 [01:02<18:15, 127.44it/s]
  4%|▍         | 5787/145449 [01:02<18:30, 125.78it/s]
  4%|▍         | 5805/145449 [01:02<16:46, 138.74it/s]
  4%|▍         | 5820/145449 [01:02<16:51, 138.01it/s]
  4%|▍         | 5835/145449 [01:02<23:24, 99.41it/s] 
  4%|▍         | 5847/145449 [01:03<25:45, 90.31it/s]
  4%|▍         | 5858/145449 [01:03<25:47, 90.18it/s]
  4%|▍         | 5872/145449 [01:03<23:01, 101.01it/s]
  4%|▍         | 5884/145449 [01:03<23:10, 100.37it/s]
  4%|▍         | 5895/145449 [01:03<25:18, 91.91it/s] 
  4%|▍         | 5908/145449 [01:03<23:49, 97.62it/s]
  4%|▍         | 5919/145449 [01:03<24:24, 95.26it/s]
  4%|▍         | 5929/145449 [01:03<27:12, 85.46it/s]
  4%|▍         | 5943/145449 [01:04<23:43, 97.97it/s]
  4%|▍         | 5955/145449 [01:04<22:29, 103.34it/s]
  4%|▍         | 5968/145449 [01:04<21:49, 106.50it/s]
  4%|▍         | 5979/145449 [01:04<24:11, 96.06it/s] 
  4%|▍         | 5990/145449 [01:04<23:47, 97.73it/s]
  4%|▍         | 6001/145449 [01:04<23:50, 97.49it/s]
  4%|▍         | 6019/145449 [01:04<19:48, 117.31it/s]
  4%|▍         | 6032/145449 [01:04<19:41, 117.95it/s]
  4%|▍         | 6048/145449 [01:04<18:24, 126.21it/s]
  4%|▍         | 6063/145449 [01:05<17:40, 131.48it/s]
  4%|▍         | 6077/145449 [01:05<18:40, 124.39it/s]
  4%|▍         | 6090/145449 [01:05<19:38, 118.26it/s]
  4%|▍         | 6102/145449 [01:05<20:02, 115.92it/s]
  4%|▍         | 6114/145449 [01:05<21:44, 106.80it/s]
  4%|▍         | 6125/145449 [01:05<21:38, 107.33it/s]
  4%|▍         | 6136/145449 [01:05<23:14, 99.87it/s] 
  4%|▍         | 6148/145449 [01:05<22:54, 101.37it/s]
  4%|▍         | 6164/145449 [01:06<19:55, 116.52it/s]
  4%|▍         | 6176/145449 [01:06<20:46, 111.72it/s]
  4%|▍         | 6188/145449 [01:06<20:53, 111.13it/s]
  4%|▍         | 6200/145449 [01:06<24:50, 93.44it/s] 
  4%|▍         | 6210/145449 [01:06<25:30, 90.98it/s]
  4%|▍         | 6223/145449 [01:06<23:23, 99.17it/s]
  4%|▍         | 6236/145449 [01:06<21:56, 105.71it/s]
  4%|▍         | 6250/145449 [01:06<20:42, 112.05it/s]
  4%|▍         | 6262/145449 [01:06<20:31, 113.05it/s]
  4%|▍         | 6274/145449 [01:07<21:37, 107.24it/s]
  4%|▍         | 6286/145449 [01:07<21:05, 109.93it/s]
  4%|▍         | 6298/145449 [01:07<21:32, 107.67it/s]
  4%|▍         | 6309/145449 [01:07<25:03, 92.52it/s] 
  4%|▍         | 6319/145449 [01:07<25:35, 90.59it/s]
  4%|▍         | 6331/145449 [01:07<23:43, 97.71it/s]
  4%|▍         | 6343/145449 [01:07<24:47, 93.50it/s]
  4%|▍         | 6353/145449 [01:07<26:51, 86.32it/s]
  4%|▍         | 6363/145449 [01:08<25:59, 89.20it/s]
  4%|▍         | 6376/145449 [01:08<23:38, 98.05it/s]
  4%|▍         | 6387/145449 [01:08<23:21, 99.25it/s]
  4%|▍         | 6398/145449 [01:08<27:18, 84.87it/s]
  4%|▍         | 6412/145449 [01:08<23:42, 97.72it/s]
  4%|▍         | 6424/145449 [01:08<22:59, 100.76it/s]
  4%|▍         | 6438/145449 [01:08<21:02, 110.09it/s]
  4%|▍         | 6450/145449 [01:08<21:10, 109.41it/s]
  4%|▍         | 6463/145449 [01:08<20:23, 113.61it/s]
  4%|▍         | 6475/145449 [01:09<22:57, 100.90it/s]
  4%|▍         | 6486/145449 [01:09<23:21, 99.14it/s] 
  4%|▍         | 6499/145449 [01:09<22:07, 104.70it/s]
  4%|▍         | 6510/145449 [01:09<22:00, 105.20it/s]
  4%|▍         | 6521/145449 [01:09<22:48, 101.55it/s]
  4%|▍         | 6532/145449 [01:09<25:41, 90.10it/s] 
  4%|▍         | 6542/145449 [01:09<28:19, 81.75it/s]
  5%|▍         | 6556/145449 [01:09<24:15, 95.44it/s]
  5%|▍         | 6567/145449 [01:10<26:03, 88.80it/s]
  5%|▍         | 6577/145449 [01:10<30:43, 75.34it/s]
  5%|▍         | 6586/145449 [01:10<32:26, 71.33it/s]
  5%|▍         | 6594/145449 [01:10<32:51, 70.43it/s]
  5%|▍         | 6602/145449 [01:10<32:49, 70.49it/s]
  5%|▍         | 6610/145449 [01:10<34:06, 67.85it/s]
  5%|▍         | 6623/145449 [01:10<28:00, 82.62it/s]
  5%|▍         | 6635/145449 [01:11<25:41, 90.06it/s]
  5%|▍         | 6648/145449 [01:11<23:46, 97.28it/s]
  5%|▍         | 6662/145449 [01:11<22:04, 104.80it/s]
  5%|▍         | 6673/145449 [01:11<22:56, 100.82it/s]
  5%|▍         | 6685/145449 [01:11<21:50, 105.87it/s]
  5%|▍         | 6698/145449 [01:11<20:57, 110.32it/s]
  5%|▍         | 6710/145449 [01:11<20:55, 110.47it/s]
  5%|▍         | 6722/145449 [01:11<22:25, 103.10it/s]
  5%|▍         | 6733/145449 [01:11<22:39, 102.06it/s]
  5%|▍         | 6744/145449 [01:12<22:51, 101.12it/s]
  5%|▍         | 6757/145449 [01:12<21:14, 108.83it/s]
  5%|▍         | 6769/145449 [01:12<21:46, 106.12it/s]
  5%|▍         | 6780/145449 [01:12<21:49, 105.86it/s]
  5%|▍         | 6791/145449 [01:12<22:58, 100.56it/s]
  5%|▍         | 6804/145449 [01:12<21:46, 106.09it/s]
  5%|▍         | 6815/145449 [01:12<24:21, 94.86it/s] 
  5%|▍         | 6825/145449 [01:12<27:29, 84.05it/s]
  5%|▍         | 6836/145449 [01:13<25:39, 90.05it/s]
  5%|▍         | 6846/145449 [01:13<25:54, 89.17it/s]
  5%|▍         | 6861/145449 [01:13<22:58, 100.51it/s]
  5%|▍         | 6872/145449 [01:13<25:13, 91.56it/s] 
  5%|▍         | 6885/145449 [01:13<23:04, 100.09it/s]
  5%|▍         | 6896/145449 [01:13<22:49, 101.18it/s]
  5%|▍         | 6907/145449 [01:13<23:36, 97.79it/s] 
  5%|▍         | 6918/145449 [01:13<22:56, 100.63it/s]
  5%|▍         | 6930/145449 [01:13<22:05, 104.50it/s]
  5%|▍         | 6943/145449 [01:14<21:32, 107.16it/s]
  5%|▍         | 6956/145449 [01:14<20:31, 112.50it/s]
  5%|▍         | 6968/145449 [01:14<21:12, 108.83it/s]
  5%|▍         | 6979/145449 [01:14<21:50, 105.69it/s]
  5%|▍         | 6992/145449 [01:14<21:02, 109.68it/s]
  5%|▍         | 7004/145449 [01:14<21:27, 107.53it/s]
  5%|▍         | 7015/145449 [01:14<24:48, 92.98it/s] 
  5%|▍         | 7025/145449 [01:14<24:45, 93.19it/s]
  5%|▍         | 7035/145449 [01:15<24:55, 92.58it/s]
  5%|▍         | 7045/145449 [01:15<24:29, 94.18it/s]
  5%|▍         | 7055/145449 [01:15<24:25, 94.44it/s]
  5%|▍         | 7065/145449 [01:15<25:47, 89.41it/s]
  5%|▍         | 7082/145449 [01:15<21:01, 109.68it/s]
  5%|▍         | 7098/145449 [01:15<19:32, 118.03it/s]
  5%|▍         | 7113/145449 [01:15<18:11, 126.75it/s]
  5%|▍         | 7127/145449 [01:15<17:40, 130.45it/s]
  5%|▍         | 7141/145449 [01:15<19:01, 121.21it/s]
  5%|▍         | 7154/145449 [01:16<20:33, 112.10it/s]
  5%|▍         | 7166/145449 [01:16<22:00, 104.72it/s]
  5%|▍         | 7177/145449 [01:16<22:09, 104.02it/s]
  5%|▍         | 7188/145449 [01:16<22:16, 103.45it/s]
  5%|▍         | 7205/145449 [01:16<19:15, 119.69it/s]
  5%|▍         | 7222/145449 [01:16<17:24, 132.39it/s]
  5%|▍         | 7238/145449 [01:16<16:32, 139.19it/s]
  5%|▍         | 7253/145449 [01:16<16:46, 137.30it/s]
  5%|▍         | 7267/145449 [01:17<21:38, 106.45it/s]
  5%|▌         | 7279/145449 [01:17<22:28, 102.44it/s]
  5%|▌         | 7291/145449 [01:17<26:06, 88.17it/s] 
  5%|▌         | 7303/145449 [01:17<24:33, 93.78it/s]
  5%|▌         | 7314/145449 [01:17<26:36, 86.51it/s]
  5%|▌         | 7325/145449 [01:17<25:13, 91.24it/s]
  5%|▌         | 7335/145449 [01:17<25:44, 89.40it/s]
  5%|▌         | 7345/145449 [01:17<25:18, 90.97it/s]
  5%|▌         | 7355/145449 [01:18<25:38, 89.75it/s]
  5%|▌         | 7365/145449 [01:18<26:58, 85.34it/s]
  5%|▌         | 7374/145449 [01:18<27:56, 82.36it/s]
  5%|▌         | 7386/145449 [01:18<25:46, 89.25it/s]
  5%|▌         | 7396/145449 [01:18<26:53, 85.58it/s]
  5%|▌         | 7405/145449 [01:18<26:35, 86.53it/s]
  5%|▌         | 7419/145449 [01:18<22:57, 100.21it/s]
  5%|▌         | 7431/145449 [01:18<22:20, 102.96it/s]
  5%|▌         | 7442/145449 [01:18<24:43, 93.06it/s] 
  5%|▌         | 7453/145449 [01:19<24:40, 93.19it/s]
  5%|▌         | 7464/145449 [01:19<23:51, 96.40it/s]
  5%|▌         | 7476/145449 [01:19<22:29, 102.27it/s]
  5%|▌         | 7487/145449 [01:19<23:08, 99.33it/s] 
  5%|▌         | 7499/145449 [01:19<21:54, 104.91it/s]
  5%|▌         | 7510/145449 [01:19<22:47, 100.88it/s]
  5%|▌         | 7522/145449 [01:19<23:10, 99.23it/s] 
  5%|▌         | 7533/145449 [01:19<24:03, 95.54it/s]
  5%|▌         | 7543/145449 [01:20<25:25, 90.40it/s]
  5%|▌         | 7554/145449 [01:20<24:04, 95.45it/s]
  5%|▌         | 7564/145449 [01:20<24:04, 95.46it/s]
  5%|▌         | 7579/145449 [01:20<20:55, 109.84it/s]
  5%|▌         | 7591/145449 [01:20<23:51, 96.29it/s] 
  5%|▌         | 7603/145449 [01:20<22:30, 102.07it/s]
  5%|▌         | 7614/145449 [01:20<23:17, 98.64it/s] 
  5%|▌         | 7625/145449 [01:20<22:51, 100.49it/s]
  5%|▌         | 7642/145449 [01:20<20:10, 113.87it/s]
  5%|▌         | 7654/145449 [01:21<20:07, 114.10it/s]
  5%|▌         | 7666/145449 [01:21<19:54, 115.33it/s]
  5%|▌         | 7678/145449 [01:21<22:38, 101.38it/s]
  5%|▌         | 7689/145449 [01:21<25:49, 88.88it/s] 
  5%|▌         | 7703/145449 [01:21<22:54, 100.23it/s]
  5%|▌         | 7717/145449 [01:21<21:00, 109.25it/s]
  5%|▌         | 7732/145449 [01:21<20:23, 112.57it/s]
  5%|▌         | 7753/145449 [01:21<16:44, 137.14it/s]
  5%|▌         | 7768/145449 [01:22<20:38, 111.19it/s]
  5%|▌         | 7781/145449 [01:22<21:54, 104.70it/s]
  5%|▌         | 7794/145449 [01:22<20:48, 110.25it/s]
  5%|▌         | 7806/145449 [01:22<21:07, 108.62it/s]
  5%|▌         | 7818/145449 [01:22<24:07, 95.08it/s] 
  5%|▌         | 7837/145449 [01:22<19:35, 117.05it/s]
  5%|▌         | 7852/145449 [01:22<18:20, 125.00it/s]
  5%|▌         | 7868/145449 [01:22<17:08, 133.75it/s]
  5%|▌         | 7883/145449 [01:23<24:56, 91.94it/s] 
  5%|▌         | 7895/145449 [01:23<24:32, 93.42it/s]
  5%|▌         | 7906/145449 [01:23<23:46, 96.44it/s]
  5%|▌         | 7917/145449 [01:23<23:17, 98.40it/s]
  5%|▌         | 7929/145449 [01:23<22:07, 103.62it/s]
  5%|▌         | 7942/145449 [01:23<22:16, 102.86it/s]
  5%|▌         | 7953/145449 [01:23<23:16, 98.48it/s] 
  5%|▌         | 7965/145449 [01:23<22:09, 103.38it/s]
  5%|▌         | 7982/145449 [01:24<19:25, 117.91it/s]
  5%|▌         | 7995/145449 [01:24<22:02, 103.95it/s]
  6%|▌         | 8006/145449 [01:24<23:23, 97.96it/s] 
  6%|▌         | 8020/145449 [01:24<22:43, 100.82it/s]
  6%|▌         | 8031/145449 [01:24<27:17, 83.89it/s] 
  6%|▌         | 8041/145449 [01:24<26:14, 87.24it/s]
  6%|▌         | 8057/145449 [01:24<22:03, 103.78it/s]
  6%|▌         | 8069/145449 [01:25<25:44, 88.93it/s] 
  6%|▌         | 8079/145449 [01:25<25:21, 90.27it/s]
  6%|▌         | 8089/145449 [01:25<25:40, 89.18it/s]
  6%|▌         | 8099/145449 [01:25<25:08, 91.04it/s]
  6%|▌         | 8115/145449 [01:25<21:16, 107.58it/s]
  6%|▌         | 8127/145449 [01:25<21:18, 107.41it/s]
  6%|▌         | 8142/145449 [01:25<19:53, 115.07it/s]
  6%|▌         | 8154/145449 [01:25<24:32, 93.21it/s] 
  6%|▌         | 8165/145449 [01:26<31:34, 72.46it/s]
  6%|▌         | 8178/145449 [01:26<28:00, 81.68it/s]
  6%|▌         | 8188/145449 [01:26<28:19, 80.77it/s]
  6%|▌         | 8199/145449 [01:26<26:29, 86.33it/s]
  6%|▌         | 8210/145449 [01:26<24:51, 91.99it/s]
  6%|▌         | 8225/145449 [01:26<21:40, 105.48it/s]
  6%|▌         | 8240/145449 [01:26<19:32, 117.06it/s]
  6%|▌         | 8253/145449 [01:26<20:06, 113.75it/s]
  6%|▌         | 8265/145449 [01:27<24:01, 95.18it/s] 
  6%|▌         | 8276/145449 [01:27<25:13, 90.65it/s]
  6%|▌         | 8286/145449 [01:27<26:11, 87.28it/s]
  6%|▌         | 8298/145449 [01:27<24:05, 94.87it/s]
  6%|▌         | 8309/145449 [01:27<23:51, 95.82it/s]
  6%|▌         | 8325/145449 [01:27<20:34, 111.12it/s]
  6%|▌         | 8344/145449 [01:27<17:20, 131.74it/s]
  6%|▌         | 8358/145449 [01:27<17:22, 131.54it/s]
  6%|▌         | 8372/145449 [01:28<19:07, 119.47it/s]
  6%|▌         | 8385/145449 [01:28<22:20, 102.25it/s]
  6%|▌         | 8396/145449 [01:28<23:38, 96.60it/s] 
  6%|▌         | 8407/145449 [01:28<26:14, 87.02it/s]
  6%|▌         | 8417/145449 [01:28<27:00, 84.56it/s]
  6%|▌         | 8429/145449 [01:28<24:56, 91.54it/s]
  6%|▌         | 8441/145449 [01:28<23:23, 97.64it/s]
  6%|▌         | 8455/145449 [01:29<21:29, 106.20it/s]
  6%|▌         | 8469/145449 [01:29<20:04, 113.69it/s]
  6%|▌         | 8481/145449 [01:29<21:14, 107.43it/s]
  6%|▌         | 8498/145449 [01:29<18:26, 123.80it/s]
  6%|▌         | 8512/145449 [01:29<17:50, 127.94it/s]
  6%|▌         | 8529/145449 [01:29<16:55, 134.85it/s]
  6%|▌         | 8543/145449 [01:29<19:58, 114.19it/s]
  6%|▌         | 8557/145449 [01:29<19:04, 119.56it/s]
  6%|▌         | 8573/145449 [01:29<17:34, 129.78it/s]
  6%|▌         | 8588/145449 [01:30<17:13, 132.46it/s]
  6%|▌         | 8602/145449 [01:30<19:56, 114.37it/s]
  6%|▌         | 8615/145449 [01:30<19:40, 115.94it/s]
  6%|▌         | 8628/145449 [01:30<19:23, 117.56it/s]
  6%|▌         | 8641/145449 [01:30<18:54, 120.56it/s]
  6%|▌         | 8654/145449 [01:30<21:36, 105.50it/s]
  6%|▌         | 8672/145449 [01:30<18:53, 120.72it/s]
  6%|▌         | 8685/145449 [01:30<18:51, 120.90it/s]
  6%|▌         | 8701/145449 [01:30<17:26, 130.65it/s]
  6%|▌         | 8717/145449 [01:31<16:57, 134.36it/s]
  6%|▌         | 8731/145449 [01:31<16:58, 134.20it/s]
  6%|▌         | 8745/145449 [01:31<18:36, 122.48it/s]
  6%|▌         | 8758/145449 [01:31<21:44, 104.78it/s]
  6%|▌         | 8770/145449 [01:31<22:48, 99.88it/s] 
  6%|▌         | 8781/145449 [01:31<22:18, 102.11it/s]
  6%|▌         | 8792/145449 [01:31<22:08, 102.85it/s]
  6%|▌         | 8803/145449 [01:32<24:31, 92.87it/s] 
  6%|▌         | 8813/145449 [01:32<25:19, 89.94it/s]
  6%|▌         | 8823/145449 [01:32<24:48, 91.78it/s]
  6%|▌         | 8833/145449 [01:32<24:22, 93.41it/s]
  6%|▌         | 8843/145449 [01:32<24:58, 91.17it/s]
  6%|▌         | 8860/145449 [01:32<20:28, 111.22it/s]
  6%|▌         | 8872/145449 [01:32<21:38, 105.18it/s]
  6%|▌         | 8883/145449 [01:32<22:04, 103.11it/s]
  6%|▌         | 8894/145449 [01:32<22:40, 100.36it/s]
  6%|▌         | 8906/145449 [01:33<22:05, 102.99it/s]
  6%|▌         | 8917/145449 [01:33<25:49, 88.11it/s] 
  6%|▌         | 8927/145449 [01:33<27:57, 81.40it/s]
  6%|▌         | 8938/145449 [01:33<26:18, 86.50it/s]
  6%|▌         | 8947/145449 [01:33<30:46, 73.90it/s]
  6%|▌         | 8955/145449 [01:33<33:07, 68.69it/s]
  6%|▌         | 8963/145449 [01:33<34:38, 65.68it/s]
  6%|▌         | 8977/145449 [01:34<28:18, 80.33it/s]
  6%|▌         | 8987/145449 [01:34<27:15, 83.44it/s]
  6%|▌         | 9003/145449 [01:34<22:18, 101.94it/s]
  6%|▌         | 9018/145449 [01:34<19:54, 114.20it/s]
  6%|▌         | 9033/145449 [01:34<18:28, 123.03it/s]
  6%|▌         | 9046/145449 [01:34<18:46, 121.06it/s]
  6%|▌         | 9059/145449 [01:34<21:33, 105.46it/s]
  6%|▌         | 9072/145449 [01:34<20:26, 111.23it/s]
  6%|▌         | 9084/145449 [01:34<23:58, 94.82it/s] 
  6%|▋         | 9095/145449 [01:35<23:16, 97.62it/s]
  6%|▋         | 9109/145449 [01:35<21:49, 104.13it/s]
  6%|▋         | 9120/145449 [01:35<22:58, 98.86it/s] 
  6%|▋         | 9131/145449 [01:35<26:47, 84.78it/s]
  6%|▋         | 9140/145449 [01:35<27:56, 81.32it/s]
  6%|▋         | 9151/145449 [01:35<28:25, 79.90it/s]
  6%|▋         | 9160/145449 [01:35<28:44, 79.05it/s]
  6%|▋         | 9169/145449 [01:36<28:51, 78.71it/s]
  6%|▋         | 9178/145449 [01:36<28:26, 79.86it/s]
  6%|▋         | 9187/145449 [01:36<30:52, 73.55it/s]
  6%|▋         | 9195/145449 [01:36<32:11, 70.53it/s]
  6%|▋         | 9203/145449 [01:36<32:47, 69.24it/s]
  6%|▋         | 9210/145449 [01:36<34:40, 65.48it/s]
  6%|▋         | 9225/145449 [01:36<26:06, 86.96it/s]
  6%|▋         | 9241/145449 [01:36<21:38, 104.89it/s]
  6%|▋         | 9253/145449 [01:36<20:57, 108.31it/s]
  6%|▋         | 9265/145449 [01:37<21:02, 107.90it/s]
  6%|▋         | 9277/145449 [01:37<20:26, 111.03it/s]
  6%|▋         | 9292/145449 [01:37<18:38, 121.74it/s]
  6%|▋         | 9309/145449 [01:37<16:56, 133.87it/s]
  6%|▋         | 9323/145449 [01:37<17:46, 127.66it/s]
  6%|▋         | 9336/145449 [01:37<18:39, 121.58it/s]
  6%|▋         | 9351/145449 [01:37<17:59, 126.08it/s]
  6%|▋         | 9368/145449 [01:37<16:33, 136.96it/s]
  6%|▋         | 9382/145449 [01:37<17:12, 131.78it/s]
  6%|▋         | 9396/145449 [01:38<20:16, 111.86it/s]
  6%|▋         | 9408/145449 [01:38<21:59, 103.10it/s]
  6%|▋         | 9419/145449 [01:38<24:01, 94.34it/s] 
  6%|▋         | 9432/145449 [01:38<22:52, 99.10it/s]
  6%|▋         | 9443/145449 [01:38<23:02, 98.41it/s]
  6%|▋         | 9454/145449 [01:38<28:22, 79.90it/s]
  7%|▋         | 9466/145449 [01:38<27:29, 82.41it/s]
  7%|▋         | 9475/145449 [01:39<27:53, 81.23it/s]
  7%|▋         | 9493/145449 [01:39<22:09, 102.26it/s]
  7%|▋         | 9511/145449 [01:39<18:41, 121.25it/s]
  7%|▋         | 9526/145449 [01:39<18:20, 123.49it/s]
  7%|▋         | 9539/145449 [01:39<18:56, 119.55it/s]
  7%|▋         | 9552/145449 [01:39<19:09, 118.21it/s]
  7%|▋         | 9566/145449 [01:39<19:05, 118.63it/s]
  7%|▋         | 9579/145449 [01:39<20:29, 110.47it/s]
  7%|▋         | 9591/145449 [01:40<22:34, 100.33it/s]
  7%|▋         | 9603/145449 [01:40<21:32, 105.14it/s]
  7%|▋         | 9616/145449 [01:40<21:35, 104.85it/s]
  7%|▋         | 9632/145449 [01:40<19:13, 117.72it/s]
  7%|▋         | 9645/145449 [01:40<21:10, 106.89it/s]
  7%|▋         | 9657/145449 [01:40<21:40, 104.42it/s]
  7%|▋         | 9670/145449 [01:40<20:26, 110.70it/s]
  7%|▋         | 9682/145449 [01:40<22:57, 98.58it/s] 
  7%|▋         | 9696/145449 [01:40<20:53, 108.33it/s]
  7%|▋         | 9715/145449 [01:41<17:31, 129.13it/s]
  7%|▋         | 9730/145449 [01:41<17:37, 128.33it/s]
  7%|▋         | 9746/145449 [01:41<16:35, 136.31it/s]
  7%|▋         | 9761/145449 [01:41<17:51, 126.68it/s]
  7%|▋         | 9775/145449 [01:41<18:27, 122.52it/s]
  7%|▋         | 9788/145449 [01:41<20:09, 112.15it/s]
  7%|▋         | 9803/145449 [01:41<18:35, 121.62it/s]
  7%|▋         | 9821/145449 [01:41<16:44, 135.05it/s]
  7%|▋         | 9839/145449 [01:42<15:33, 145.22it/s]
  7%|▋         | 9854/145449 [01:42<15:41, 144.07it/s]
  7%|▋         | 9870/145449 [01:42<15:15, 148.13it/s]
  7%|▋         | 9886/145449 [01:42<18:17, 123.47it/s]
  7%|▋         | 9900/145449 [01:42<22:02, 102.52it/s]
  7%|▋         | 9912/145449 [01:42<22:31, 100.28it/s]
  7%|▋         | 9925/145449 [01:42<21:09, 106.77it/s]
  7%|▋         | 9937/145449 [01:42<21:38, 104.36it/s]
  7%|▋         | 9949/145449 [01:43<20:54, 107.99it/s]
  7%|▋         | 9962/145449 [01:43<19:56, 113.26it/s]
  7%|▋         | 9974/145449 [01:43<19:55, 113.28it/s]
  7%|▋         | 9988/145449 [01:43<18:43, 120.59it/s]
  7%|▋         | 10001/145449 [01:43<18:42, 120.65it/s]
  7%|▋         | 10017/145449 [01:43<17:36, 128.17it/s]
  7%|▋         | 10034/145449 [01:43<16:11, 139.46it/s]
  7%|▋         | 10049/145449 [01:43<15:51, 142.25it/s]
  7%|▋         | 10064/145449 [01:43<15:54, 141.81it/s]
  7%|▋         | 10081/145449 [01:44<15:03, 149.82it/s]
  7%|▋         | 10099/145449 [01:44<14:13, 158.54it/s]
  7%|▋         | 10115/145449 [01:44<14:33, 154.97it/s]
  7%|▋         | 10131/145449 [01:44<16:04, 140.30it/s]
  7%|▋         | 10146/145449 [01:44<17:46, 126.92it/s]
  7%|▋         | 10160/145449 [01:44<19:20, 116.53it/s]
  7%|▋         | 10173/145449 [01:44<20:10, 111.80it/s]
  7%|▋         | 10188/145449 [01:44<19:45, 114.05it/s]
  7%|▋         | 10200/145449 [01:45<22:27, 100.40it/s]
  7%|▋         | 10211/145449 [01:45<23:55, 94.18it/s] 
  7%|▋         | 10221/145449 [01:45<24:50, 90.75it/s]
  7%|▋         | 10231/145449 [01:45<27:35, 81.70it/s]
  7%|▋         | 10240/145449 [01:45<29:10, 77.23it/s]
  7%|▋         | 10248/145449 [01:45<31:29, 71.57it/s]
  7%|▋         | 10258/145449 [01:45<29:31, 76.29it/s]
  7%|▋         | 10269/145449 [01:45<27:22, 82.28it/s]
  7%|▋         | 10278/145449 [01:46<30:30, 73.83it/s]
  7%|▋         | 10292/145449 [01:46<25:18, 89.03it/s]
  7%|▋         | 10307/145449 [01:46<21:36, 104.22it/s]
  7%|▋         | 10320/145449 [01:46<20:24, 110.35it/s]
  7%|▋         | 10333/145449 [01:46<19:40, 114.46it/s]
  7%|▋         | 10346/145449 [01:46<20:15, 111.18it/s]
  7%|▋         | 10358/145449 [01:46<23:09, 97.24it/s] 
  7%|▋         | 10369/145449 [01:47<27:16, 82.55it/s]
  7%|▋         | 10378/145449 [01:47<27:46, 81.07it/s]
  7%|▋         | 10387/145449 [01:47<29:27, 76.41it/s]
  7%|▋         | 10398/145449 [01:47<27:17, 82.49it/s]
  7%|▋         | 10409/145449 [01:47<27:06, 83.02it/s]
  7%|▋         | 10426/145449 [01:47<21:41, 103.77it/s]
  7%|▋         | 10437/145449 [01:47<24:17, 92.66it/s] 
  7%|▋         | 10447/145449 [01:47<26:51, 83.77it/s]
  7%|▋         | 10457/145449 [01:48<26:03, 86.35it/s]
  7%|▋         | 10467/145449 [01:48<26:04, 86.26it/s]
  7%|▋         | 10479/145449 [01:48<24:25, 92.07it/s]
  7%|▋         | 10489/145449 [01:48<23:59, 93.76it/s]
  7%|▋         | 10502/145449 [01:48<22:04, 101.88it/s]
  7%|▋         | 10515/145449 [01:48<20:32, 109.44it/s]
  7%|▋         | 10529/145449 [01:48<19:25, 115.75it/s]
  7%|▋         | 10541/145449 [01:48<22:49, 98.48it/s] 
  7%|▋         | 10553/145449 [01:48<22:32, 99.76it/s]
  7%|▋         | 10564/145449 [01:49<24:16, 92.59it/s]
  7%|▋         | 10577/145449 [01:49<22:53, 98.17it/s]
  7%|▋         | 10594/145449 [01:49<19:19, 116.28it/s]
  7%|▋         | 10607/145449 [01:49<19:51, 113.19it/s]
  7%|▋         | 10622/145449 [01:49<19:07, 117.48it/s]
  7%|▋         | 10634/145449 [01:49<19:26, 115.62it/s]
  7%|▋         | 10646/145449 [01:49<20:53, 107.58it/s]
  7%|▋         | 10657/145449 [01:49<22:22, 100.38it/s]
  7%|▋         | 10668/145449 [01:50<22:13, 101.06it/s]
  7%|▋         | 10679/145449 [01:50<21:59, 102.16it/s]
  7%|▋         | 10690/145449 [01:50<23:51, 94.11it/s] 
  7%|▋         | 10700/145449 [01:50<24:57, 89.97it/s]
  7%|▋         | 10713/145449 [01:50<22:34, 99.47it/s]
  7%|▋         | 10724/145449 [01:50<25:36, 87.69it/s]
  7%|▋         | 10734/145449 [01:50<25:31, 87.99it/s]
  7%|▋         | 10745/145449 [01:50<24:54, 90.13it/s]
  7%|▋         | 10758/145449 [01:50<22:33, 99.55it/s]
  7%|▋         | 10769/145449 [01:51<22:42, 98.87it/s]
  7%|▋         | 10781/145449 [01:51<21:51, 102.70it/s]
  7%|▋         | 10793/145449 [01:51<20:53, 107.44it/s]
  7%|▋         | 10804/145449 [01:51<21:11, 105.93it/s]
  7%|▋         | 10819/145449 [01:51<21:11, 105.88it/s]
  7%|▋         | 10830/145449 [01:51<23:11, 96.75it/s] 
  7%|▋         | 10841/145449 [01:51<22:43, 98.70it/s]
  7%|▋         | 10851/145449 [01:51<22:59, 97.56it/s]
  7%|▋         | 10861/145449 [01:52<23:17, 96.27it/s]
  7%|▋         | 10875/145449 [01:52<20:59, 106.88it/s]
  7%|▋         | 10889/145449 [01:52<19:29, 115.05it/s]
  7%|▋         | 10901/145449 [01:52<20:11, 111.02it/s]
  8%|▊         | 10913/145449 [01:52<20:39, 108.52it/s]
  8%|▊         | 10927/145449 [01:52<19:10, 116.93it/s]
  8%|▊         | 10942/145449 [01:52<17:56, 124.90it/s]
  8%|▊         | 10956/145449 [01:52<17:22, 129.03it/s]
  8%|▊         | 10970/145449 [01:52<17:22, 128.98it/s]
  8%|▊         | 10983/145449 [01:52<17:23, 128.90it/s]
  8%|▊         | 10996/145449 [01:53<20:16, 110.56it/s]
  8%|▊         | 11008/145449 [01:53<19:49, 113.00it/s]
  8%|▊         | 11020/145449 [01:53<19:36, 114.26it/s]
  8%|▊         | 11032/145449 [01:53<21:33, 103.93it/s]
  8%|▊         | 11043/145449 [01:53<26:27, 84.67it/s] 
  8%|▊         | 11053/145449 [01:53<25:27, 87.98it/s]
  8%|▊         | 11063/145449 [01:53<27:57, 80.12it/s]
  8%|▊         | 11075/145449 [01:54<25:01, 89.47it/s]
  8%|▊         | 11085/145449 [01:54<24:45, 90.44it/s]
  8%|▊         | 11095/145449 [01:54<24:36, 91.00it/s]
  8%|▊         | 11113/145449 [01:54<20:40, 108.33it/s]
  8%|▊         | 11125/145449 [01:54<20:10, 110.93it/s]
  8%|▊         | 11139/145449 [01:54<19:12, 116.50it/s]
  8%|▊         | 11156/145449 [01:54<17:04, 131.05it/s]
  8%|▊         | 11172/145449 [01:54<16:09, 138.56it/s]
  8%|▊         | 11187/145449 [01:54<15:47, 141.70it/s]
  8%|▊         | 11202/145449 [01:54<15:55, 140.52it/s]
  8%|▊         | 11217/145449 [01:55<21:13, 105.40it/s]
  8%|▊         | 11229/145449 [01:55<24:21, 91.86it/s] 
  8%|▊         | 11240/145449 [01:55<25:01, 89.40it/s]
  8%|▊         | 11251/145449 [01:55<24:04, 92.89it/s]
  8%|▊         | 11261/145449 [01:55<24:05, 92.83it/s]
  8%|▊         | 11271/145449 [01:55<23:42, 94.30it/s]
  8%|▊         | 11286/145449 [01:55<21:26, 104.26it/s]
  8%|▊         | 11298/145449 [01:56<21:07, 105.87it/s]
  8%|▊         | 11309/145449 [01:56<21:23, 104.49it/s]
  8%|▊         | 11325/145449 [01:56<18:46, 119.09it/s]
  8%|▊         | 11340/145449 [01:56<18:14, 122.53it/s]
  8%|▊         | 11355/145449 [01:56<17:13, 129.73it/s]
  8%|▊         | 11371/145449 [01:56<16:12, 137.81it/s]
  8%|▊         | 11385/145449 [01:56<17:18, 129.12it/s]
  8%|▊         | 11399/145449 [01:56<17:35, 127.00it/s]
  8%|▊         | 11412/145449 [01:56<18:19, 121.93it/s]
  8%|▊         | 11425/145449 [01:57<18:29, 120.77it/s]
  8%|▊         | 11438/145449 [01:57<19:29, 114.54it/s]
  8%|▊         | 11450/145449 [01:57<19:20, 115.45it/s]
  8%|▊         | 11462/145449 [01:57<20:29, 108.95it/s]
  8%|▊         | 11473/145449 [01:57<23:36, 94.56it/s] 
  8%|▊         | 11483/145449 [01:57<23:31, 94.92it/s]
  8%|▊         | 11493/145449 [01:57<24:22, 91.57it/s]
  8%|▊         | 11503/145449 [01:57<24:17, 91.91it/s]
  8%|▊         | 11513/145449 [01:58<27:49, 80.21it/s]
  8%|▊         | 11522/145449 [01:58<30:30, 73.18it/s]
  8%|▊         | 11530/145449 [01:58<31:20, 71.20it/s]
  8%|▊         | 11540/145449 [01:58<28:43, 77.70it/s]
  8%|▊         | 11549/145449 [01:58<30:48, 72.42it/s]
  8%|▊         | 11557/145449 [01:58<33:49, 65.98it/s]
  8%|▊         | 11568/145449 [01:58<29:46, 74.92it/s]
  8%|▊         | 11580/145449 [01:58<26:13, 85.07it/s]
  8%|▊         | 11593/145449 [01:59<23:49, 93.62it/s]
  8%|▊         | 11607/145449 [01:59<21:07, 105.60it/s]
  8%|▊         | 11621/145449 [01:59<19:30, 114.32it/s]
  8%|▊         | 11633/145449 [01:59<21:50, 102.10it/s]
  8%|▊         | 11644/145449 [01:59<22:08, 100.74it/s]
  8%|▊         | 11664/145449 [01:59<17:38, 126.43it/s]
  8%|▊         | 11679/145449 [01:59<16:58, 131.36it/s]
  8%|▊         | 11693/145449 [01:59<17:10, 129.86it/s]
  8%|▊         | 11707/145449 [02:00<19:39, 113.42it/s]
  8%|▊         | 11719/145449 [02:00<22:19, 99.82it/s] 
  8%|▊         | 11730/145449 [02:00<23:57, 93.00it/s]
  8%|▊         | 11740/145449 [02:00<24:41, 90.25it/s]
  8%|▊         | 11750/145449 [02:00<25:33, 87.19it/s]
  8%|▊         | 11759/145449 [02:00<28:43, 77.57it/s]
  8%|▊         | 11767/145449 [02:00<29:25, 75.73it/s]
  8%|▊         | 11779/145449 [02:00<26:11, 85.08it/s]
  8%|▊         | 11790/145449 [02:01<24:42, 90.18it/s]
  8%|▊         | 11803/145449 [02:01<22:08, 100.62it/s]
  8%|▊         | 11816/145449 [02:01<21:15, 104.78it/s]
  8%|▊         | 11828/145449 [02:01<20:39, 107.76it/s]
  8%|▊         | 11840/145449 [02:01<20:03, 110.98it/s]
  8%|▊         | 11852/145449 [02:01<21:11, 105.05it/s]
  8%|▊         | 11863/145449 [02:01<23:38, 94.15it/s] 
  8%|▊         | 11876/145449 [02:01<21:42, 102.57it/s]
  8%|▊         | 11888/145449 [02:01<21:30, 103.47it/s]
  8%|▊         | 11901/145449 [02:02<20:10, 110.36it/s]
  8%|▊         | 11913/145449 [02:02<20:43, 107.36it/s]
  8%|▊         | 11924/145449 [02:02<23:40, 94.02it/s] 
  8%|▊         | 11934/145449 [02:02<26:13, 84.86it/s]
  8%|▊         | 11943/145449 [02:02<28:05, 79.22it/s]
  8%|▊         | 11955/145449 [02:02<25:03, 88.81it/s]
  8%|▊         | 11969/145449 [02:02<22:11, 100.24it/s]
  8%|▊         | 11981/145449 [02:02<21:25, 103.81it/s]
  8%|▊         | 11992/145449 [02:03<21:37, 102.88it/s]
  8%|▊         | 12004/145449 [02:03<20:53, 106.45it/s]
  8%|▊         | 12019/145449 [02:03<18:48, 118.20it/s]
  8%|▊         | 12032/145449 [02:03<20:12, 110.03it/s]
  8%|▊         | 12044/145449 [02:03<21:18, 104.36it/s]
  8%|▊         | 12060/145449 [02:03<18:49, 118.14it/s]
  8%|▊         | 12073/145449 [02:03<19:29, 114.08it/s]
  8%|▊         | 12085/145449 [02:03<20:21, 109.18it/s]
  8%|▊         | 12097/145449 [02:03<21:52, 101.63it/s]
  8%|▊         | 12108/145449 [02:04<22:13, 100.02it/s]
  8%|▊         | 12119/145449 [02:04<23:08, 96.03it/s] 
  8%|▊         | 12131/145449 [02:04<22:02, 100.78it/s]
  8%|▊         | 12142/145449 [02:04<23:25, 94.82it/s] 
  8%|▊         | 12153/145449 [02:04<22:56, 96.85it/s]
  8%|▊         | 12163/145449 [02:04<24:24, 90.98it/s]
  8%|▊         | 12174/145449 [02:04<23:27, 94.70it/s]
  8%|▊         | 12184/145449 [02:04<25:56, 85.61it/s]
  8%|▊         | 12197/145449 [02:05<23:03, 96.28it/s]
  8%|▊         | 12210/145449 [02:05<21:06, 105.21it/s]
  8%|▊         | 12223/145449 [02:05<20:22, 108.95it/s]
  8%|▊         | 12237/145449 [02:05<18:54, 117.44it/s]
  8%|▊         | 12257/145449 [02:05<15:58, 138.92it/s]
  8%|▊         | 12274/145449 [02:05<15:05, 147.09it/s]
  8%|▊         | 12289/145449 [02:05<15:33, 142.65it/s]
  8%|▊         | 12304/145449 [02:05<16:24, 135.23it/s]
  8%|▊         | 12318/145449 [02:05<18:38, 119.05it/s]
  8%|▊         | 12331/145449 [02:06<23:26, 94.62it/s] 
  8%|▊         | 12342/145449 [02:06<25:33, 86.80it/s]
  8%|▊         | 12352/145449 [02:06<26:06, 84.97it/s]
  8%|▊         | 12362/145449 [02:06<25:45, 86.09it/s]
  9%|▊         | 12371/145449 [02:06<27:35, 80.39it/s]
  9%|▊         | 12382/145449 [02:06<25:23, 87.33it/s]
  9%|▊         | 12398/145449 [02:06<22:42, 97.68it/s]
  9%|▊         | 12412/145449 [02:07<20:29, 108.18it/s]
  9%|▊         | 12432/145449 [02:07<16:50, 131.64it/s]
  9%|▊         | 12446/145449 [02:07<18:34, 119.39it/s]
  9%|▊         | 12460/145449 [02:07<18:00, 123.09it/s]
  9%|▊         | 12473/145449 [02:07<17:50, 124.25it/s]
  9%|▊         | 12487/145449 [02:07<17:15, 128.45it/s]
  9%|▊         | 12503/145449 [02:07<16:14, 136.39it/s]
  9%|▊         | 12517/145449 [02:07<17:04, 129.80it/s]
  9%|▊         | 12531/145449 [02:07<19:31, 113.46it/s]
  9%|▊         | 12545/145449 [02:08<18:34, 119.21it/s]
  9%|▊         | 12564/145449 [02:08<16:07, 137.39it/s]
  9%|▊         | 12579/145449 [02:08<16:12, 136.61it/s]
  9%|▊         | 12594/145449 [02:08<22:16, 99.39it/s] 
  9%|▊         | 12606/145449 [02:08<22:50, 96.91it/s]
  9%|▊         | 12620/145449 [02:08<21:01, 105.32it/s]
  9%|▊         | 12632/145449 [02:08<21:03, 105.08it/s]
  9%|▊         | 12646/145449 [02:09<19:45, 112.07it/s]
  9%|▊         | 12662/145449 [02:09<17:57, 123.24it/s]
  9%|▊         | 12676/145449 [02:09<18:04, 122.43it/s]
  9%|▊         | 12689/145449 [02:09<19:17, 114.72it/s]
  9%|▊         | 12701/145449 [02:09<25:05, 88.18it/s] 
  9%|▊         | 12712/145449 [02:09<24:06, 91.77it/s]
  9%|▊         | 12723/145449 [02:09<24:20, 90.91it/s]
  9%|▉         | 12735/145449 [02:09<22:50, 96.87it/s]
  9%|▉         | 12750/145449 [02:10<20:02, 110.33it/s]
  9%|▉         | 12762/145449 [02:10<19:56, 110.89it/s]
  9%|▉         | 12774/145449 [02:10<20:17, 108.93it/s]
  9%|▉         | 12791/145449 [02:10<17:40, 125.11it/s]
  9%|▉         | 12804/145449 [02:10<18:17, 120.87it/s]
  9%|▉         | 12817/145449 [02:10<19:05, 115.83it/s]
  9%|▉         | 12831/145449 [02:10<18:21, 120.41it/s]
  9%|▉         | 12850/145449 [02:10<16:04, 137.49it/s]
  9%|▉         | 12864/145449 [02:10<17:33, 125.85it/s]
  9%|▉         | 12881/145449 [02:11<16:36, 133.02it/s]
  9%|▉         | 12897/145449 [02:11<16:09, 136.69it/s]
  9%|▉         | 12911/145449 [02:11<17:04, 129.41it/s]
  9%|▉         | 12925/145449 [02:11<18:43, 117.91it/s]
  9%|▉         | 12946/145449 [02:11<15:44, 140.25it/s]
  9%|▉         | 12966/145449 [02:11<14:33, 151.60it/s]
  9%|▉         | 12982/145449 [02:11<15:01, 147.00it/s]
  9%|▉         | 12997/145449 [02:11<16:27, 134.17it/s]
  9%|▉         | 13012/145449 [02:11<16:16, 135.57it/s]
  9%|▉         | 13030/145449 [02:12<15:20, 143.88it/s]
  9%|▉         | 13045/145449 [02:12<15:54, 138.74it/s]
  9%|▉         | 13060/145449 [02:12<17:49, 123.83it/s]
  9%|▉         | 13073/145449 [02:12<19:48, 111.42it/s]
  9%|▉         | 13085/145449 [02:12<23:25, 94.17it/s] 
  9%|▉         | 13096/145449 [02:12<24:15, 90.92it/s]
  9%|▉         | 13106/145449 [02:12<26:02, 84.73it/s]
  9%|▉         | 13116/145449 [02:13<25:15, 87.31it/s]
  9%|▉         | 13133/145449 [02:13<20:32, 107.38it/s]
  9%|▉         | 13148/145449 [02:13<18:54, 116.66it/s]
  9%|▉         | 13164/145449 [02:13<17:16, 127.68it/s]
  9%|▉         | 13178/145449 [02:13<17:11, 128.29it/s]
  9%|▉         | 13192/145449 [02:13<18:37, 118.37it/s]
  9%|▉         | 13209/145449 [02:13<16:48, 131.16it/s]
  9%|▉         | 13223/145449 [02:13<17:12, 128.04it/s]
  9%|▉         | 13237/145449 [02:14<19:52, 110.89it/s]
  9%|▉         | 13249/145449 [02:14<29:48, 73.91it/s] 
  9%|▉         | 13260/145449 [02:14<27:27, 80.23it/s]
  9%|▉         | 13270/145449 [02:14<29:22, 74.99it/s]
  9%|▉         | 13279/145449 [02:14<30:27, 72.34it/s]
  9%|▉         | 13293/145449 [02:14<26:25, 83.36it/s]
  9%|▉         | 13304/145449 [02:14<24:52, 88.52it/s]
  9%|▉         | 13324/145449 [02:15<19:20, 113.83it/s]
  9%|▉         | 13338/145449 [02:15<18:17, 120.32it/s]
  9%|▉         | 13351/145449 [02:15<18:55, 116.38it/s]
  9%|▉         | 13364/145449 [02:15<19:43, 111.63it/s]
  9%|▉         | 13382/145449 [02:15<17:05, 128.78it/s]
  9%|▉         | 13396/145449 [02:15<17:25, 126.35it/s]
  9%|▉         | 13409/145449 [02:15<18:16, 120.45it/s]
  9%|▉         | 13422/145449 [02:15<18:21, 119.87it/s]
  9%|▉         | 13435/145449 [02:15<18:49, 116.84it/s]
  9%|▉         | 13447/145449 [02:16<19:43, 111.53it/s]
  9%|▉         | 13466/145449 [02:16<16:37, 132.33it/s]
  9%|▉         | 13484/145449 [02:16<15:20, 143.31it/s]
  9%|▉         | 13500/145449 [02:16<14:54, 147.53it/s]
  9%|▉         | 13515/145449 [02:16<18:53, 116.39it/s]
  9%|▉         | 13528/145449 [02:16<23:25, 93.85it/s] 
  9%|▉         | 13539/145449 [02:16<22:35, 97.28it/s]
  9%|▉         | 13555/145449 [02:17<20:07, 109.21it/s]
  9%|▉         | 13568/145449 [02:17<19:22, 113.45it/s]
  9%|▉         | 13581/145449 [02:17<20:37, 106.59it/s]
  9%|▉         | 13593/145449 [02:17<21:36, 101.70it/s]
  9%|▉         | 13609/145449 [02:17<19:00, 115.57it/s]
  9%|▉         | 13626/145449 [02:17<17:26, 125.98it/s]
  9%|▉         | 13640/145449 [02:17<17:20, 126.66it/s]
  9%|▉         | 13654/145449 [02:17<16:53, 130.02it/s]
  9%|▉         | 13668/145449 [02:17<17:01, 128.99it/s]
  9%|▉         | 13685/145449 [02:18<15:41, 139.95it/s]
  9%|▉         | 13700/145449 [02:18<16:09, 135.92it/s]
  9%|▉         | 13714/145449 [02:18<16:30, 133.02it/s]
  9%|▉         | 13730/145449 [02:18<15:41, 139.91it/s]
  9%|▉         | 13745/145449 [02:18<17:27, 125.78it/s]
  9%|▉         | 13758/145449 [02:18<20:52, 105.12it/s]
  9%|▉         | 13770/145449 [02:18<21:08, 103.84it/s]
  9%|▉         | 13781/145449 [02:18<22:37, 97.00it/s] 
  9%|▉         | 13792/145449 [02:19<25:24, 86.36it/s]
  9%|▉         | 13805/145449 [02:19<23:05, 95.03it/s]
  9%|▉         | 13817/145449 [02:19<21:59, 99.72it/s]
 10%|▉         | 13828/145449 [02:19<23:03, 95.12it/s]
 10%|▉         | 13839/145449 [02:19<22:17, 98.42it/s]
 10%|▉         | 13850/145449 [02:19<23:07, 94.82it/s]
 10%|▉         | 13860/145449 [02:19<24:58, 87.82it/s]
 10%|▉         | 13873/145449 [02:19<22:21, 98.07it/s]
 10%|▉         | 13885/145449 [02:20<21:40, 101.14it/s]
 10%|▉         | 13899/145449 [02:20<20:36, 106.40it/s]
 10%|▉         | 13910/145449 [02:20<21:51, 100.32it/s]
 10%|▉         | 13921/145449 [02:20<22:47, 96.19it/s] 
 10%|▉         | 13937/145449 [02:20<19:42, 111.23it/s]
 10%|▉         | 13949/145449 [02:20<22:55, 95.61it/s] 
 10%|▉         | 13960/145449 [02:20<23:28, 93.36it/s]
 10%|▉         | 13977/145449 [02:20<19:34, 111.94it/s]
 10%|▉         | 13989/145449 [02:21<21:19, 102.77it/s]
 10%|▉         | 14000/145449 [02:21<23:19, 93.90it/s] 
 10%|▉         | 14010/145449 [02:21<24:20, 90.02it/s]
 10%|▉         | 14023/145449 [02:21<22:39, 96.64it/s]
 10%|▉         | 14039/145449 [02:21<19:58, 109.66it/s]
 10%|▉         | 14051/145449 [02:21<19:59, 109.59it/s]
 10%|▉         | 14063/145449 [02:21<20:30, 106.77it/s]
 10%|▉         | 14078/145449 [02:21<19:21, 113.08it/s]
 10%|▉         | 14090/145449 [02:22<19:18, 113.39it/s]
 10%|▉         | 14102/145449 [02:22<19:56, 109.76it/s]
 10%|▉         | 14115/145449 [02:22<19:05, 114.61it/s]
 10%|▉         | 14132/145449 [02:22<17:32, 124.71it/s]
 10%|▉         | 14145/145449 [02:22<18:00, 121.55it/s]
 10%|▉         | 14160/145449 [02:22<16:57, 129.06it/s]
 10%|▉         | 14173/145449 [02:22<17:46, 123.15it/s]
 10%|▉         | 14187/145449 [02:22<17:28, 125.18it/s]
 10%|▉         | 14207/145449 [02:22<15:00, 145.68it/s]
 10%|▉         | 14222/145449 [02:23<16:11, 135.01it/s]
 10%|▉         | 14236/145449 [02:23<17:17, 126.48it/s]
 10%|▉         | 14249/145449 [02:23<21:35, 101.27it/s]
 10%|▉         | 14261/145449 [02:23<23:28, 93.11it/s] 
 10%|▉         | 14272/145449 [02:23<23:09, 94.39it/s]
 10%|▉         | 14284/145449 [02:23<21:45, 100.45it/s]
 10%|▉         | 14297/145449 [02:23<20:41, 105.60it/s]
 10%|▉         | 14308/145449 [02:23<22:00, 99.28it/s] 
 10%|▉         | 14322/145449 [02:24<19:58, 109.39it/s]
 10%|▉         | 14336/145449 [02:24<18:54, 115.58it/s]
 10%|▉         | 14353/145449 [02:24<17:13, 126.89it/s]
 10%|▉         | 14366/145449 [02:24<20:09, 108.39it/s]
 10%|▉         | 14378/145449 [02:24<23:40, 92.28it/s] 
 10%|▉         | 14388/145449 [02:24<28:30, 76.62it/s]
 10%|▉         | 14402/145449 [02:24<24:32, 89.00it/s]
 10%|▉         | 14416/145449 [02:25<21:43, 100.52it/s]
 10%|▉         | 14428/145449 [02:25<20:46, 105.13it/s]
 10%|▉         | 14440/145449 [02:25<22:01, 99.12it/s] 
 10%|▉         | 14451/145449 [02:25<23:49, 91.67it/s]
 10%|▉         | 14465/145449 [02:25<21:13, 102.88it/s]
 10%|▉         | 14482/145449 [02:25<18:19, 119.16it/s]
 10%|▉         | 14495/145449 [02:25<18:13, 119.72it/s]
 10%|▉         | 14508/145449 [02:25<18:03, 120.79it/s]
 10%|▉         | 14522/145449 [02:25<17:36, 123.98it/s]
 10%|▉         | 14541/145449 [02:26<15:33, 140.24it/s]
 10%|█         | 14558/145449 [02:26<14:46, 147.58it/s]
 10%|█         | 14573/145449 [02:26<16:27, 132.57it/s]
 10%|█         | 14587/145449 [02:26<17:43, 123.06it/s]
 10%|█         | 14600/145449 [02:26<21:18, 102.31it/s]
 10%|█         | 14614/145449 [02:26<19:40, 110.79it/s]
 10%|█         | 14629/145449 [02:26<18:22, 118.70it/s]
 10%|█         | 14645/145449 [02:26<17:28, 124.80it/s]
 10%|█         | 14659/145449 [02:27<17:28, 124.73it/s]
 10%|█         | 14672/145449 [02:27<20:38, 105.62it/s]
 10%|█         | 14686/145449 [02:27<19:59, 109.05it/s]
 10%|█         | 14698/145449 [02:27<19:45, 110.28it/s]
 10%|█         | 14711/145449 [02:27<19:11, 113.51it/s]
 10%|█         | 14724/145449 [02:27<18:53, 115.37it/s]
 10%|█         | 14736/145449 [02:27<22:42, 95.96it/s] 
 10%|█         | 14750/145449 [02:27<21:20, 102.11it/s]
 10%|█         | 14764/145449 [02:28<19:35, 111.22it/s]
 10%|█         | 14779/145449 [02:28<18:07, 120.18it/s]
 10%|█         | 14792/145449 [02:28<20:16, 107.36it/s]
 10%|█         | 14804/145449 [02:28<22:31, 96.64it/s] 
 10%|█         | 14818/145449 [02:28<20:42, 105.14it/s]
 10%|█         | 14835/145449 [02:28<18:34, 117.15it/s]
 10%|█         | 14852/145449 [02:28<16:40, 130.58it/s]
 10%|█         | 14870/145449 [02:28<15:17, 142.34it/s]
 10%|█         | 14885/145449 [02:29<19:47, 109.96it/s]
 10%|█         | 14898/145449 [02:29<19:57, 108.98it/s]
 10%|█         | 14910/145449 [02:29<20:58, 103.69it/s]
 10%|█         | 14922/145449 [02:29<25:15, 86.11it/s] 
 10%|█         | 14933/145449 [02:29<23:59, 90.69it/s]
 10%|█         | 14948/145449 [02:29<21:16, 102.25it/s]
 10%|█         | 14959/145449 [02:29<25:42, 84.61it/s] 
 10%|█         | 14969/145449 [02:30<25:51, 84.12it/s]
 10%|█         | 14979/145449 [02:30<26:31, 82.00it/s]
 10%|█         | 14988/145449 [02:30<28:59, 75.00it/s]
 10%|█         | 14996/145449 [02:30<31:51, 68.24it/s]
 10%|█         | 15004/145449 [02:30<32:45, 66.38it/s]
 10%|█         | 15021/145449 [02:30<24:17, 89.47it/s]
 10%|█         | 15031/145449 [02:30<25:15, 86.06it/s]
 10%|█         | 15041/145449 [02:30<25:02, 86.77it/s]
 10%|█         | 15050/145449 [02:31<25:00, 86.88it/s]
 10%|█         | 15061/145449 [02:31<23:30, 92.46it/s]
 10%|█         | 15077/145449 [02:31<20:03, 108.31it/s]
 10%|█         | 15089/145449 [02:31<22:19, 97.35it/s] 
 10%|█         | 15100/145449 [02:31<23:02, 94.25it/s]
 10%|█         | 15114/145449 [02:31<20:55, 103.78it/s]
 10%|█         | 15132/145449 [02:31<18:00, 120.64it/s]
 10%|█         | 15146/145449 [02:31<17:31, 123.93it/s]
 10%|█         | 15164/145449 [02:32<15:49, 137.18it/s]
 10%|█         | 15186/145449 [02:32<13:36, 159.63it/s]
 10%|█         | 15203/145449 [02:32<13:59, 155.12it/s]
 10%|█         | 15219/145449 [02:32<14:30, 149.63it/s]
 10%|█         | 15235/145449 [02:32<14:40, 147.86it/s]
 10%|█         | 15250/145449 [02:32<15:15, 142.17it/s]
 10%|█         | 15265/145449 [02:32<17:23, 124.72it/s]
 11%|█         | 15278/145449 [02:32<19:07, 113.45it/s]
 11%|█         | 15290/145449 [02:33<22:24, 96.79it/s] 
 11%|█         | 15301/145449 [02:33<24:23, 88.95it/s]
 11%|█         | 15312/145449 [02:33<23:17, 93.14it/s]
 11%|█         | 15322/145449 [02:33<24:06, 89.98it/s]
 11%|█         | 15332/145449 [02:33<28:37, 75.74it/s]
 11%|█         | 15344/145449 [02:33<25:24, 85.35it/s]
 11%|█         | 15354/145449 [02:33<27:33, 78.67it/s]
 11%|█         | 15364/145449 [02:33<26:13, 82.69it/s]
 11%|█         | 15373/145449 [02:34<27:02, 80.17it/s]
 11%|█         | 15383/145449 [02:34<25:47, 84.02it/s]
 11%|█         | 15393/145449 [02:34<24:37, 88.04it/s]
 11%|█         | 15409/145449 [02:34<20:14, 107.11it/s]
 11%|█         | 15426/145449 [02:34<17:32, 123.54it/s]
 11%|█         | 15440/145449 [02:34<17:04, 126.89it/s]
 11%|█         | 15453/145449 [02:34<17:45, 121.95it/s]
 11%|█         | 15466/145449 [02:34<20:28, 105.80it/s]
 11%|█         | 15478/145449 [02:35<23:43, 91.32it/s] 
 11%|█         | 15491/145449 [02:35<21:45, 99.56it/s]
 11%|█         | 15502/145449 [02:35<21:25, 101.07it/s]
 11%|█         | 15513/145449 [02:35<21:32, 100.57it/s]
 11%|█         | 15526/145449 [02:35<20:06, 107.65it/s]
 11%|█         | 15538/145449 [02:35<21:28, 100.86it/s]
 11%|█         | 15553/145449 [02:35<19:49, 109.23it/s]
 11%|█         | 15566/145449 [02:35<18:59, 113.97it/s]
 11%|█         | 15578/145449 [02:35<19:55, 108.65it/s]
 11%|█         | 15590/145449 [02:36<20:06, 107.63it/s]
 11%|█         | 15603/145449 [02:36<19:05, 113.36it/s]
 11%|█         | 15615/145449 [02:36<22:45, 95.07it/s] 
 11%|█         | 15626/145449 [02:36<25:04, 86.31it/s]
 11%|█         | 15640/145449 [02:36<22:14, 97.26it/s]
 11%|█         | 15651/145449 [02:36<22:10, 97.59it/s]
 11%|█         | 15662/145449 [02:36<23:33, 91.79it/s]
 11%|█         | 15673/145449 [02:36<22:29, 96.14it/s]
 11%|█         | 15683/145449 [02:37<22:35, 95.73it/s]
 11%|█         | 15693/145449 [02:37<25:14, 85.68it/s]
 11%|█         | 15705/145449 [02:37<23:12, 93.19it/s]
 11%|█         | 15719/145449 [02:37<20:57, 103.15it/s]
 11%|█         | 15731/145449 [02:37<20:12, 106.98it/s]
 11%|█         | 15743/145449 [02:37<20:11, 107.06it/s]
 11%|█         | 15754/145449 [02:37<21:43, 99.51it/s] 
 11%|█         | 15769/145449 [02:37<19:15, 112.26it/s]
 11%|█         | 15784/145449 [02:38<17:47, 121.44it/s]
 11%|█         | 15797/145449 [02:38<21:20, 101.26it/s]
 11%|█         | 15812/145449 [02:38<19:28, 110.96it/s]
 11%|█         | 15824/145449 [02:38<21:10, 102.06it/s]
 11%|█         | 15835/145449 [02:38<21:02, 102.64it/s]
 11%|█         | 15849/145449 [02:38<19:29, 110.78it/s]
 11%|█         | 15866/145449 [02:38<18:38, 115.87it/s]
 11%|█         | 15881/145449 [02:38<17:50, 121.07it/s]
 11%|█         | 15894/145449 [02:39<20:56, 103.11it/s]
 11%|█         | 15905/145449 [02:39<21:06, 102.26it/s]
 11%|█         | 15916/145449 [02:39<21:58, 98.25it/s] 
 11%|█         | 15929/145449 [02:39<21:36, 99.90it/s]
 11%|█         | 15950/145449 [02:39<17:40, 122.16it/s]
 11%|█         | 15963/145449 [02:39<18:44, 115.13it/s]
 11%|█         | 15975/145449 [02:39<20:08, 107.16it/s]
 11%|█         | 15993/145449 [02:39<17:17, 124.81it/s]
 11%|█         | 16010/145449 [02:40<15:56, 135.26it/s]
 11%|█         | 16025/145449 [02:40<15:53, 135.74it/s]
 11%|█         | 16039/145449 [02:40<17:21, 124.31it/s]
 11%|█         | 16053/145449 [02:40<16:51, 127.98it/s]
 11%|█         | 16067/145449 [02:40<16:27, 131.00it/s]
 11%|█         | 16081/145449 [02:40<17:53, 120.52it/s]
 11%|█         | 16094/145449 [02:40<22:42, 94.91it/s] 
 11%|█         | 16105/145449 [02:40<22:06, 97.54it/s]
 11%|█         | 16116/145449 [02:41<25:00, 86.20it/s]
 11%|█         | 16136/145449 [02:41<19:19, 111.55it/s]
 11%|█         | 16152/145449 [02:41<17:28, 123.32it/s]
 11%|█         | 16166/145449 [02:41<16:54, 127.39it/s]
 11%|█         | 16180/145449 [02:41<19:03, 113.07it/s]
 11%|█         | 16193/145449 [02:41<19:39, 109.59it/s]
 11%|█         | 16205/145449 [02:41<19:46, 108.90it/s]
 11%|█         | 16218/145449 [02:41<19:02, 113.10it/s]
 11%|█         | 16230/145449 [02:42<19:40, 109.49it/s]
 11%|█         | 16244/145449 [02:42<18:46, 114.71it/s]
 11%|█         | 16256/145449 [02:42<18:46, 114.67it/s]
 11%|█         | 16268/145449 [02:42<18:51, 114.13it/s]
 11%|█         | 16281/145449 [02:42<18:22, 117.20it/s]
 11%|█         | 16293/145449 [02:42<22:42, 94.78it/s] 
 11%|█         | 16305/145449 [02:42<21:21, 100.74it/s]
 11%|█         | 16316/145449 [02:42<25:16, 85.16it/s] 
 11%|█         | 16327/145449 [02:43<23:42, 90.75it/s]
 11%|█         | 16340/145449 [02:43<21:33, 99.81it/s]
 11%|█         | 16358/145449 [02:43<17:49, 120.65it/s]
 11%|█▏        | 16376/145449 [02:43<15:45, 136.49it/s]
 11%|█▏        | 16392/145449 [02:43<15:17, 140.65it/s]
 11%|█▏        | 16407/145449 [02:43<16:11, 132.89it/s]
 11%|█▏        | 16421/145449 [02:43<16:56, 126.93it/s]
 11%|█▏        | 16435/145449 [02:43<19:13, 111.88it/s]
 11%|█▏        | 16447/145449 [02:43<19:34, 109.83it/s]
 11%|█▏        | 16459/145449 [02:44<20:13, 106.29it/s]
 11%|█▏        | 16475/145449 [02:44<17:59, 119.50it/s]
 11%|█▏        | 16495/145449 [02:44<15:27, 139.11it/s]
 11%|█▏        | 16510/145449 [02:44<15:24, 139.50it/s]
 11%|█▏        | 16525/145449 [02:44<16:18, 131.76it/s]
 11%|█▏        | 16539/145449 [02:44<19:32, 109.97it/s]
 11%|█▏        | 16553/145449 [02:44<20:22, 105.47it/s]
 11%|█▏        | 16565/145449 [02:45<26:01, 82.56it/s] 
 11%|█▏        | 16582/145449 [02:45<21:57, 97.79it/s]
 11%|█▏        | 16594/145449 [02:45<22:43, 94.51it/s]
 11%|█▏        | 16606/145449 [02:45<22:38, 94.81it/s]
 11%|█▏        | 16617/145449 [02:45<22:05, 97.20it/s]
 11%|█▏        | 16631/145449 [02:45<20:06, 106.75it/s]
 11%|█▏        | 16643/145449 [02:45<20:39, 103.88it/s]
 11%|█▏        | 16654/145449 [02:45<20:41, 103.72it/s]
 11%|█▏        | 16671/145449 [02:46<18:12, 117.83it/s]
 11%|█▏        | 16684/145449 [02:46<17:47, 120.67it/s]
 11%|█▏        | 16697/145449 [02:46<18:20, 117.00it/s]
 11%|█▏        | 16709/145449 [02:46<19:03, 112.60it/s]
 11%|█▏        | 16721/145449 [02:46<20:04, 106.87it/s]
 12%|█▏        | 16732/145449 [02:46<24:52, 86.22it/s] 
 12%|█▏        | 16744/145449 [02:46<22:48, 94.03it/s]
 12%|█▏        | 16758/145449 [02:46<20:48, 103.07it/s]
 12%|█▏        | 16769/145449 [02:47<27:30, 77.95it/s] 
 12%|█▏        | 16780/145449 [02:47<25:29, 84.13it/s]
 12%|█▏        | 16790/145449 [02:47<25:10, 85.20it/s]
 12%|█▏        | 16802/145449 [02:47<23:08, 92.67it/s]
 12%|█▏        | 16818/145449 [02:47<19:46, 108.38it/s]
 12%|█▏        | 16830/145449 [02:47<21:34, 99.38it/s] 
 12%|█▏        | 16841/145449 [02:47<22:40, 94.54it/s]
 12%|█▏        | 16851/145449 [02:47<23:01, 93.05it/s]
 12%|█▏        | 16861/145449 [02:48<24:31, 87.39it/s]
 12%|█▏        | 16870/145449 [02:48<26:12, 81.79it/s]
 12%|█▏        | 16883/145449 [02:48<23:13, 92.26it/s]
 12%|█▏        | 16897/145449 [02:48<20:40, 103.63it/s]
 12%|█▏        | 16908/145449 [02:48<20:28, 104.59it/s]
 12%|█▏        | 16928/145449 [02:48<16:44, 127.89it/s]
 12%|█▏        | 16941/145449 [02:48<19:30, 109.79it/s]
 12%|█▏        | 16956/145449 [02:48<17:56, 119.35it/s]
 12%|█▏        | 16969/145449 [02:48<18:44, 114.24it/s]
 12%|█▏        | 16981/145449 [02:49<21:19, 100.44it/s]
 12%|█▏        | 16992/145449 [02:49<22:03, 97.06it/s] 
 12%|█▏        | 17004/145449 [02:49<21:12, 100.90it/s]
 12%|█▏        | 17015/145449 [02:49<20:48, 102.84it/s]
 12%|█▏        | 17029/145449 [02:49<19:24, 110.32it/s]
 12%|█▏        | 17041/145449 [02:49<19:16, 110.99it/s]
 12%|█▏        | 17053/145449 [02:49<19:34, 109.35it/s]
 12%|█▏        | 17069/145449 [02:49<17:22, 123.17it/s]
 12%|█▏        | 17082/145449 [02:50<17:34, 121.75it/s]
 12%|█▏        | 17095/145449 [02:50<19:46, 108.20it/s]
 12%|█▏        | 17107/145449 [02:50<20:22, 104.96it/s]
 12%|█▏        | 17118/145449 [02:50<22:44, 94.02it/s] 
 12%|█▏        | 17134/145449 [02:50<19:25, 110.10it/s]
 12%|█▏        | 17148/145449 [02:50<19:04, 112.12it/s]
 12%|█▏        | 17164/145449 [02:50<17:38, 121.15it/s]
 12%|█▏        | 17177/145449 [02:50<17:50, 119.86it/s]
 12%|█▏        | 17190/145449 [02:51<19:43, 108.40it/s]
 12%|█▏        | 17202/145449 [02:51<21:43, 98.40it/s] 
 12%|█▏        | 17213/145449 [02:51<23:34, 90.66it/s]
 12%|█▏        | 17223/145449 [02:51<25:58, 82.29it/s]
 12%|█▏        | 17232/145449 [02:51<26:17, 81.26it/s]
 12%|█▏        | 17246/145449 [02:51<22:43, 94.06it/s]
 12%|█▏        | 17259/145449 [02:51<22:31, 94.83it/s]
 12%|█▏        | 17275/145449 [02:51<19:21, 110.37it/s]
 12%|█▏        | 17287/145449 [02:52<19:31, 109.43it/s]
 12%|█▏        | 17299/145449 [02:52<23:22, 91.37it/s] 
 12%|█▏        | 17312/145449 [02:52<21:20, 100.10it/s]
 12%|█▏        | 17323/145449 [02:52<23:40, 90.18it/s] 
 12%|█▏        | 17333/145449 [02:52<24:57, 85.56it/s]
 12%|█▏        | 17342/145449 [02:52<26:15, 81.34it/s]
 12%|█▏        | 17351/145449 [02:52<26:20, 81.05it/s]
 12%|█▏        | 17361/145449 [02:52<25:17, 84.40it/s]
 12%|█▏        | 17370/145449 [02:53<27:11, 78.48it/s]
 12%|█▏        | 17379/145449 [02:53<26:51, 79.49it/s]
 12%|█▏        | 17388/145449 [02:53<27:44, 76.95it/s]
 12%|█▏        | 17399/145449 [02:53<25:34, 83.47it/s]
 12%|█▏        | 17408/145449 [02:53<25:12, 84.68it/s]
 12%|█▏        | 17420/145449 [02:53<22:50, 93.43it/s]
 12%|█▏        | 17430/145449 [02:53<22:29, 94.87it/s]
 12%|█▏        | 17440/145449 [02:53<24:29, 87.09it/s]
 12%|█▏        | 17451/145449 [02:54<23:00, 92.74it/s]
 12%|█▏        | 17461/145449 [02:54<22:35, 94.46it/s]
 12%|█▏        | 17475/145449 [02:54<20:10, 105.69it/s]
 12%|█▏        | 17488/145449 [02:54<19:40, 108.38it/s]
 12%|█▏        | 17501/145449 [02:54<18:55, 112.66it/s]
 12%|█▏        | 17513/145449 [02:54<21:13, 100.48it/s]
 12%|█▏        | 17524/145449 [02:54<22:04, 96.55it/s] 
 12%|█▏        | 17535/145449 [02:54<21:26, 99.41it/s]
 12%|█▏        | 17547/145449 [02:54<20:20, 104.82it/s]
 12%|█▏        | 17559/145449 [02:55<19:43, 108.09it/s]
 12%|█▏        | 17573/145449 [02:55<18:16, 116.63it/s]
 12%|█▏        | 17585/145449 [02:55<18:44, 113.69it/s]
 12%|█▏        | 17597/145449 [02:55<21:37, 98.53it/s] 
 12%|█▏        | 17608/145449 [02:55<21:58, 96.97it/s]
 12%|█▏        | 17619/145449 [02:55<21:14, 100.26it/s]
 12%|█▏        | 17631/145449 [02:55<20:18, 104.86it/s]
 12%|█▏        | 17646/145449 [02:55<18:10, 117.19it/s]
 12%|█▏        | 17658/145449 [02:55<18:35, 114.54it/s]
 12%|█▏        | 17670/145449 [02:56<18:23, 115.76it/s]
 12%|█▏        | 17688/145449 [02:56<15:54, 133.85it/s]
 12%|█▏        | 17702/145449 [02:56<22:56, 92.77it/s] 
 12%|█▏        | 17714/145449 [02:56<23:23, 91.03it/s]
 12%|█▏        | 17729/145449 [02:56<21:03, 101.11it/s]
 12%|█▏        | 17741/145449 [02:56<20:43, 102.70it/s]
 12%|█▏        | 17757/145449 [02:56<18:16, 116.49it/s]
 12%|█▏        | 17770/145449 [02:56<19:17, 110.35it/s]
 12%|█▏        | 17782/145449 [02:57<19:05, 111.46it/s]
 12%|█▏        | 17795/145449 [02:57<18:25, 115.43it/s]
 12%|█▏        | 17807/145449 [02:57<19:10, 110.90it/s]
 12%|█▏        | 17822/145449 [02:57<18:20, 115.98it/s]
 12%|█▏        | 17834/145449 [02:57<19:11, 110.83it/s]
 12%|█▏        | 17846/145449 [02:57<19:17, 110.28it/s]
 12%|█▏        | 17861/145449 [02:57<17:45, 119.74it/s]
 12%|█▏        | 17874/145449 [02:57<19:47, 107.44it/s]
 12%|█▏        | 17886/145449 [02:58<20:26, 104.03it/s]
 12%|█▏        | 17900/145449 [02:58<19:15, 110.36it/s]
 12%|█▏        | 17912/145449 [02:58<20:06, 105.72it/s]
 12%|█▏        | 17926/145449 [02:58<19:11, 110.73it/s]
 12%|█▏        | 17938/145449 [02:58<20:12, 105.17it/s]
 12%|█▏        | 17953/145449 [02:58<18:38, 113.95it/s]
 12%|█▏        | 17969/145449 [02:58<17:01, 124.85it/s]
 12%|█▏        | 17982/145449 [02:58<19:20, 109.85it/s]
 12%|█▏        | 17996/145449 [02:58<18:15, 116.34it/s]
 12%|█▏        | 18009/145449 [02:59<18:01, 117.86it/s]
 12%|█▏        | 18022/145449 [02:59<20:09, 105.35it/s]
 12%|█▏        | 18035/145449 [02:59<19:12, 110.52it/s]
 12%|█▏        | 18050/145449 [02:59<18:01, 117.85it/s]
 12%|█▏        | 18063/145449 [02:59<17:54, 118.51it/s]
 12%|█▏        | 18077/145449 [02:59<17:08, 123.78it/s]
 12%|█▏        | 18090/145449 [02:59<19:43, 107.61it/s]
 12%|█▏        | 18102/145449 [02:59<21:48, 97.33it/s] 
 12%|█▏        | 18113/145449 [03:00<21:13, 99.98it/s]
 12%|█▏        | 18126/145449 [03:00<20:02, 105.90it/s]
 12%|█▏        | 18137/145449 [03:00<22:44, 93.33it/s] 
 12%|█▏        | 18147/145449 [03:00<23:19, 90.99it/s]
 12%|█▏        | 18158/145449 [03:00<22:54, 92.64it/s]
 12%|█▏        | 18171/145449 [03:00<20:45, 102.22it/s]
 13%|█▎        | 18182/145449 [03:00<21:48, 97.27it/s] 
 13%|█▎        | 18194/145449 [03:00<20:40, 102.59it/s]
 13%|█▎        | 18206/145449 [03:01<19:58, 106.15it/s]
 13%|█▎        | 18217/145449 [03:01<22:36, 93.79it/s] 
 13%|█▎        | 18227/145449 [03:01<25:55, 81.77it/s]
 13%|█▎        | 18243/145449 [03:01<21:09, 100.17it/s]
 13%|█▎        | 18259/145449 [03:01<18:37, 113.79it/s]
 13%|█▎        | 18272/145449 [03:01<22:40, 93.46it/s] 
 13%|█▎        | 18284/145449 [03:01<21:20, 99.30it/s]
 13%|█▎        | 18295/145449 [03:02<23:40, 89.52it/s]
 13%|█▎        | 18313/145449 [03:02<19:14, 110.16it/s]
 13%|█▎        | 18326/145449 [03:02<19:07, 110.75it/s]
 13%|█▎        | 18341/145449 [03:02<17:46, 119.13it/s]
 13%|█▎        | 18354/145449 [03:02<17:30, 120.98it/s]
 13%|█▎        | 18370/145449 [03:02<16:09, 131.10it/s]
 13%|█▎        | 18388/145449 [03:02<14:39, 144.39it/s]
 13%|█▎        | 18403/145449 [03:02<17:02, 124.20it/s]
 13%|█▎        | 18417/145449 [03:02<16:56, 124.92it/s]
 13%|█▎        | 18431/145449 [03:03<20:32, 103.05it/s]
 13%|█▎        | 18443/145449 [03:03<21:24, 98.84it/s] 
 13%|█▎        | 18454/145449 [03:03<22:39, 93.40it/s]
 13%|█▎        | 18464/145449 [03:03<22:41, 93.27it/s]
 13%|█▎        | 18477/145449 [03:03<20:46, 101.88it/s]
 13%|█▎        | 18495/145449 [03:03<17:34, 120.36it/s]
 13%|█▎        | 18512/145449 [03:03<15:52, 133.34it/s]
 13%|█▎        | 18526/145449 [03:03<16:16, 129.99it/s]
 13%|█▎        | 18540/145449 [03:04<16:46, 126.13it/s]
 13%|█▎        | 18554/145449 [03:04<16:51, 125.40it/s]
 13%|█▎        | 18567/145449 [03:04<18:47, 112.57it/s]
 13%|█▎        | 18580/145449 [03:04<18:15, 115.83it/s]
 13%|█▎        | 18593/145449 [03:04<17:53, 118.16it/s]
 13%|█▎        | 18606/145449 [03:04<19:16, 109.70it/s]
 13%|█▎        | 18618/145449 [03:04<21:16, 99.38it/s] 
 13%|█▎        | 18629/145449 [03:04<21:44, 97.19it/s]
 13%|█▎        | 18639/145449 [03:05<22:51, 92.47it/s]
 13%|█▎        | 18649/145449 [03:05<23:15, 90.88it/s]
 13%|█▎        | 18659/145449 [03:05<26:46, 78.93it/s]
 13%|█▎        | 18668/145449 [03:05<31:50, 66.35it/s]
 13%|█▎        | 18677/145449 [03:05<30:53, 68.39it/s]
 13%|█▎        | 18686/145449 [03:05<29:18, 72.10it/s]
 13%|█▎        | 18694/145449 [03:05<28:46, 73.43it/s]
 13%|█▎        | 18702/145449 [03:05<29:22, 71.92it/s]
 13%|█▎        | 18713/145449 [03:06<25:53, 81.58it/s]
 13%|█▎        | 18723/145449 [03:06<25:43, 82.09it/s]
 13%|█▎        | 18732/145449 [03:06<25:36, 82.46it/s]
 13%|█▎        | 18747/145449 [03:06<22:06, 95.52it/s]
 13%|█▎        | 18757/145449 [03:06<22:56, 92.05it/s]
 13%|█▎        | 18767/145449 [03:06<22:30, 93.82it/s]
 13%|█▎        | 18777/145449 [03:06<23:10, 91.10it/s]
 13%|█▎        | 18791/145449 [03:06<20:28, 103.12it/s]
 13%|█▎        | 18802/145449 [03:06<21:15, 99.31it/s] 
 13%|█▎        | 18822/145449 [03:07<16:50, 125.33it/s]
 13%|█▎        | 18835/145449 [03:07<16:47, 125.68it/s]
 13%|█▎        | 18848/145449 [03:07<17:32, 120.28it/s]
 13%|█▎        | 18861/145449 [03:07<20:06, 104.90it/s]
 13%|█▎        | 18878/145449 [03:07<17:52, 118.01it/s]
 13%|█▎        | 18891/145449 [03:07<18:38, 113.16it/s]
 13%|█▎        | 18903/145449 [03:07<19:18, 109.19it/s]
 13%|█▎        | 18915/145449 [03:07<20:40, 101.97it/s]
 13%|█▎        | 18926/145449 [03:08<20:54, 100.83it/s]
 13%|█▎        | 18939/145449 [03:08<19:31, 107.98it/s]
 13%|█▎        | 18952/145449 [03:08<18:43, 112.58it/s]
 13%|█▎        | 18965/145449 [03:08<19:18, 109.22it/s]
 13%|█▎        | 18984/145449 [03:08<16:22, 128.72it/s]
 13%|█▎        | 18998/145449 [03:08<18:29, 113.97it/s]
 13%|█▎        | 19010/145449 [03:08<18:26, 114.30it/s]
 13%|█▎        | 19024/145449 [03:08<17:31, 120.22it/s]
 13%|█▎        | 19038/145449 [03:08<16:48, 125.40it/s]
 13%|█▎        | 19051/145449 [03:09<17:27, 120.63it/s]
 13%|█▎        | 19064/145449 [03:09<19:20, 108.88it/s]
 13%|█▎        | 19080/145449 [03:09<17:41, 119.07it/s]
 13%|█▎        | 19094/145449 [03:09<16:57, 124.16it/s]
 13%|█▎        | 19107/145449 [03:09<20:02, 105.08it/s]
 13%|█▎        | 19119/145449 [03:09<19:41, 106.91it/s]
 13%|█▎        | 19131/145449 [03:09<22:04, 95.37it/s] 
 13%|█▎        | 19142/145449 [03:10<23:43, 88.74it/s]
 13%|█▎        | 19152/145449 [03:10<24:18, 86.59it/s]
 13%|█▎        | 19161/145449 [03:10<24:28, 85.99it/s]
 13%|█▎        | 19173/145449 [03:10<22:24, 93.89it/s]
 13%|█▎        | 19187/145449 [03:10<20:00, 105.21it/s]
 13%|█▎        | 19200/145449 [03:10<19:13, 109.47it/s]
 13%|█▎        | 19212/145449 [03:10<19:57, 105.42it/s]
 13%|█▎        | 19223/145449 [03:10<23:00, 91.46it/s] 
 13%|█▎        | 19233/145449 [03:10<23:48, 88.38it/s]
 13%|█▎        | 19244/145449 [03:11<22:31, 93.37it/s]
 13%|█▎        | 19256/145449 [03:11<21:30, 97.80it/s]
 13%|█▎        | 19268/145449 [03:11<20:30, 102.51it/s]
 13%|█▎        | 19279/145449 [03:11<22:27, 93.60it/s] 
 13%|█▎        | 19290/145449 [03:11<21:38, 97.16it/s]
 13%|█▎        | 19305/145449 [03:11<19:06, 110.02it/s]
 13%|█▎        | 19317/145449 [03:11<19:06, 110.02it/s]
 13%|█▎        | 19329/145449 [03:11<19:28, 107.92it/s]
 13%|█▎        | 19340/145449 [03:11<19:37, 107.11it/s]
 13%|█▎        | 19351/145449 [03:12<21:46, 96.52it/s] 
 13%|█▎        | 19365/145449 [03:12<19:32, 107.53it/s]
 13%|█▎        | 19377/145449 [03:12<22:54, 91.75it/s] 
 13%|█▎        | 19387/145449 [03:12<24:07, 87.10it/s]
 13%|█▎        | 19397/145449 [03:12<25:08, 83.54it/s]
 13%|█▎        | 19408/145449 [03:12<23:25, 89.68it/s]
 13%|█▎        | 19421/145449 [03:12<21:20, 98.41it/s]
 13%|█▎        | 19432/145449 [03:13<22:04, 95.13it/s]
 13%|█▎        | 19444/145449 [03:13<21:17, 98.66it/s]
 13%|█▎        | 19455/145449 [03:13<22:22, 93.88it/s]
 13%|█▎        | 19470/145449 [03:13<19:22, 108.34it/s]
 13%|█▎        | 19482/145449 [03:13<20:46, 101.08it/s]
 13%|█▎        | 19493/145449 [03:13<21:03, 99.67it/s] 
 13%|█▎        | 19505/145449 [03:13<20:28, 102.50it/s]
 13%|█▎        | 19518/145449 [03:13<19:20, 108.48it/s]
 13%|█▎        | 19530/145449 [03:13<20:13, 103.80it/s]
 13%|█▎        | 19541/145449 [03:14<20:52, 100.52it/s]
 13%|█▎        | 19552/145449 [03:14<21:29, 97.65it/s] 
 13%|█▎        | 19562/145449 [03:14<21:43, 96.61it/s]
 13%|█▎        | 19575/145449 [03:14<19:51, 105.65it/s]
 13%|█▎        | 19586/145449 [03:14<20:43, 101.23it/s]
 13%|█▎        | 19600/145449 [03:14<18:46, 111.76it/s]
 13%|█▎        | 19613/145449 [03:14<18:17, 114.70it/s]
 13%|█▎        | 19626/145449 [03:14<17:51, 117.45it/s]
 14%|█▎        | 19641/145449 [03:14<16:47, 124.90it/s]
 14%|█▎        | 19658/145449 [03:15<15:20, 136.69it/s]
 14%|█▎        | 19672/145449 [03:15<17:07, 122.42it/s]
 14%|█▎        | 19685/145449 [03:15<17:11, 121.89it/s]
 14%|█▎        | 19698/145449 [03:15<18:30, 113.26it/s]
 14%|█▎        | 19710/145449 [03:15<20:53, 100.28it/s]
 14%|█▎        | 19721/145449 [03:15<20:42, 101.16it/s]
 14%|█▎        | 19734/145449 [03:15<20:22, 102.81it/s]
 14%|█▎        | 19746/145449 [03:15<20:09, 103.90it/s]
 14%|█▎        | 19757/145449 [03:16<20:50, 100.54it/s]
 14%|█▎        | 19769/145449 [03:16<20:08, 103.97it/s]
 14%|█▎        | 19780/145449 [03:16<23:57, 87.41it/s] 
 14%|█▎        | 19790/145449 [03:16<25:05, 83.47it/s]
 14%|█▎        | 19800/145449 [03:16<24:21, 85.98it/s]
 14%|█▎        | 19812/145449 [03:16<22:34, 92.77it/s]
 14%|█▎        | 19823/145449 [03:16<21:31, 97.25it/s]
 14%|█▎        | 19836/145449 [03:16<20:36, 101.56it/s]
 14%|█▎        | 19850/145449 [03:17<19:53, 105.26it/s]
 14%|█▎        | 19861/145449 [03:17<22:38, 92.42it/s] 
 14%|█▎        | 19877/145449 [03:17<19:24, 107.84it/s]
 14%|█▎        | 19891/145449 [03:17<18:09, 115.20it/s]
 14%|█▎        | 19905/145449 [03:17<17:34, 119.09it/s]
 14%|█▎        | 19918/145449 [03:17<17:21, 120.52it/s]
 14%|█▎        | 19932/145449 [03:17<16:38, 125.72it/s]
 14%|█▎        | 19947/145449 [03:17<15:47, 132.48it/s]
 14%|█▎        | 19968/145449 [03:17<13:39, 153.15it/s]
 14%|█▎        | 19984/145449 [03:18<18:49, 111.11it/s]
 14%|█▎        | 19999/145449 [03:18<17:38, 118.50it/s]
 14%|█▍        | 20013/145449 [03:18<17:04, 122.48it/s]
 14%|█▍        | 20027/145449 [03:18<17:28, 119.59it/s]
 14%|█▍        | 20040/145449 [03:18<17:49, 117.28it/s]
 14%|█▍        | 20053/145449 [03:18<19:13, 108.66it/s]
 14%|█▍        | 20065/145449 [03:18<22:02, 94.80it/s] 
 14%|█▍        | 20079/145449 [03:18<19:56, 104.81it/s]
 14%|█▍        | 20091/145449 [03:19<20:00, 104.38it/s]
 14%|█▍        | 20105/145449 [03:19<18:25, 113.34it/s]
 14%|█▍        | 20118/145449 [03:19<17:51, 116.93it/s]
 14%|█▍        | 20131/145449 [03:19<20:33, 101.58it/s]
 14%|█▍        | 20143/145449 [03:19<19:55, 104.84it/s]
 14%|█▍        | 20154/145449 [03:19<20:29, 101.94it/s]
 14%|█▍        | 20165/145449 [03:19<22:14, 93.89it/s] 
 14%|█▍        | 20179/145449 [03:19<19:53, 105.00it/s]
 14%|█▍        | 20194/145449 [03:20<17:58, 116.12it/s]
 14%|█▍        | 20207/145449 [03:20<18:58, 110.05it/s]
 14%|█▍        | 20221/145449 [03:20<17:56, 116.36it/s]
 14%|█▍        | 20234/145449 [03:20<17:39, 118.14it/s]
 14%|█▍        | 20247/145449 [03:20<18:36, 112.10it/s]
 14%|█▍        | 20259/145449 [03:20<18:45, 111.21it/s]
 14%|█▍        | 20274/145449 [03:20<17:08, 121.68it/s]
 14%|█▍        | 20292/145449 [03:20<15:14, 136.82it/s]
 14%|█▍        | 20306/145449 [03:20<17:18, 120.53it/s]
 14%|█▍        | 20319/145449 [03:21<17:13, 121.08it/s]
 14%|█▍        | 20332/145449 [03:21<20:30, 101.64it/s]
 14%|█▍        | 20343/145449 [03:21<22:23, 93.14it/s] 
 14%|█▍        | 20353/145449 [03:21<24:28, 85.20it/s]
 14%|█▍        | 20366/145449 [03:21<23:12, 89.80it/s]
 14%|█▍        | 20376/145449 [03:21<22:56, 90.88it/s]
 14%|█▍        | 20387/145449 [03:21<22:07, 94.22it/s]
 14%|█▍        | 20399/145449 [03:22<21:25, 97.26it/s]
 14%|█▍        | 20409/145449 [03:22<21:23, 97.39it/s]
 14%|█▍        | 20420/145449 [03:22<21:01, 99.10it/s]
 14%|█▍        | 20434/145449 [03:22<19:02, 109.38it/s]
 14%|█▍        | 20451/145449 [03:22<16:43, 124.60it/s]
 14%|█▍        | 20469/145449 [03:22<15:01, 138.64it/s]
 14%|█▍        | 20483/145449 [03:22<15:07, 137.68it/s]
 14%|█▍        | 20497/145449 [03:22<17:00, 122.39it/s]
 14%|█▍        | 20510/145449 [03:22<20:26, 101.90it/s]
 14%|█▍        | 20523/145449 [03:23<19:33, 106.46it/s]
 14%|█▍        | 20535/145449 [03:23<23:59, 86.78it/s] 
 14%|█▍        | 20545/145449 [03:23<25:33, 81.44it/s]
 14%|█▍        | 20554/145449 [03:23<26:30, 78.51it/s]
 14%|█▍        | 20567/145449 [03:23<23:11, 89.76it/s]
 14%|█▍        | 20577/145449 [03:23<24:14, 85.85it/s]
 14%|█▍        | 20591/145449 [03:23<21:09, 98.35it/s]
 14%|█▍        | 20606/145449 [03:24<19:01, 109.40it/s]
 14%|█▍        | 20618/145449 [03:24<19:38, 105.88it/s]
 14%|█▍        | 20632/145449 [03:24<18:08, 114.70it/s]
 14%|█▍        | 20644/145449 [03:24<18:05, 115.03it/s]
 14%|█▍        | 20656/145449 [03:24<18:25, 112.93it/s]
 14%|█▍        | 20670/145449 [03:24<17:17, 120.28it/s]
 14%|█▍        | 20683/145449 [03:24<20:18, 102.36it/s]
 14%|█▍        | 20694/145449 [03:24<20:05, 103.49it/s]
 14%|█▍        | 20708/145449 [03:24<18:43, 111.02it/s]
 14%|█▍        | 20721/145449 [03:25<18:22, 113.13it/s]
 14%|█▍        | 20737/145449 [03:25<16:38, 124.84it/s]
 14%|█▍        | 20754/145449 [03:25<15:21, 135.26it/s]
 14%|█▍        | 20768/145449 [03:25<15:59, 129.96it/s]
 14%|█▍        | 20782/145449 [03:25<17:44, 117.15it/s]
 14%|█▍        | 20795/145449 [03:25<19:04, 108.89it/s]
 14%|█▍        | 20808/145449 [03:25<18:36, 111.66it/s]
 14%|█▍        | 20820/145449 [03:25<18:35, 111.69it/s]
 14%|█▍        | 20834/145449 [03:25<17:26, 119.04it/s]
 14%|█▍        | 20850/145449 [03:26<16:02, 129.43it/s]
 14%|█▍        | 20866/145449 [03:26<15:18, 135.63it/s]
 14%|█▍        | 20880/145449 [03:26<15:27, 134.34it/s]
 14%|█▍        | 20894/145449 [03:26<16:00, 129.68it/s]
 14%|█▍        | 20908/145449 [03:26<19:04, 108.80it/s]
 14%|█▍        | 20922/145449 [03:26<17:54, 115.90it/s]
 14%|█▍        | 20941/145449 [03:26<15:35, 133.15it/s]
 14%|█▍        | 20956/145449 [03:26<15:20, 135.27it/s]
 14%|█▍        | 20971/145449 [03:26<15:07, 137.21it/s]
 14%|█▍        | 20986/145449 [03:27<19:41, 105.36it/s]
 14%|█▍        | 20998/145449 [03:27<21:24, 96.88it/s] 
 14%|█▍        | 21013/145449 [03:27<19:11, 108.10it/s]
 14%|█▍        | 21025/145449 [03:27<19:44, 105.02it/s]
 14%|█▍        | 21046/145449 [03:27<16:11, 128.06it/s]
 14%|█▍        | 21060/145449 [03:27<19:50, 104.51it/s]
 14%|█▍        | 21076/145449 [03:28<18:02, 114.87it/s]
 15%|█▍        | 21094/145449 [03:28<16:03, 129.03it/s]
 15%|█▍        | 21108/145449 [03:28<15:44, 131.70it/s]
 15%|█▍        | 21127/145449 [03:28<14:08, 146.53it/s]
 15%|█▍        | 21143/145449 [03:28<16:16, 127.34it/s]
 15%|█▍        | 21157/145449 [03:28<17:24, 119.03it/s]
 15%|█▍        | 21170/145449 [03:28<19:09, 108.09it/s]
 15%|█▍        | 21182/145449 [03:28<20:58, 98.72it/s] 
 15%|█▍        | 21194/145449 [03:29<20:01, 103.41it/s]
 15%|█▍        | 21205/145449 [03:29<21:20, 97.03it/s] 
 15%|█▍        | 21219/145449 [03:29<19:29, 106.22it/s]
 15%|█▍        | 21231/145449 [03:29<21:13, 97.58it/s] 
 15%|█▍        | 21245/145449 [03:29<20:09, 102.71it/s]
 15%|█▍        | 21258/145449 [03:29<19:07, 108.24it/s]
 15%|█▍        | 21272/145449 [03:29<17:49, 116.11it/s]
 15%|█▍        | 21288/145449 [03:29<16:13, 127.48it/s]
 15%|█▍        | 21302/145449 [03:29<16:00, 129.23it/s]
 15%|█▍        | 21316/145449 [03:30<16:41, 123.94it/s]
 15%|█▍        | 21332/145449 [03:30<15:28, 133.73it/s]
 15%|█▍        | 21346/145449 [03:30<15:46, 131.14it/s]
 15%|█▍        | 21360/145449 [03:30<15:41, 131.80it/s]
 15%|█▍        | 21374/145449 [03:30<17:34, 117.65it/s]
 15%|█▍        | 21387/145449 [03:30<18:00, 114.84it/s]
 15%|█▍        | 21402/145449 [03:30<17:09, 120.49it/s]
 15%|█▍        | 21416/145449 [03:30<16:57, 121.85it/s]
 15%|█▍        | 21429/145449 [03:31<17:31, 117.98it/s]
 15%|█▍        | 21443/145449 [03:31<16:59, 121.68it/s]
 15%|█▍        | 21456/145449 [03:31<17:30, 118.01it/s]
 15%|█▍        | 21468/145449 [03:31<18:12, 113.50it/s]
 15%|█▍        | 21482/145449 [03:31<17:21, 119.04it/s]
 15%|█▍        | 21494/145449 [03:31<21:34, 95.75it/s] 
 15%|█▍        | 21505/145449 [03:31<22:28, 91.90it/s]
 15%|█▍        | 21515/145449 [03:31<23:04, 89.53it/s]
 15%|█▍        | 21529/145449 [03:32<20:51, 98.99it/s]
 15%|█▍        | 21540/145449 [03:32<23:50, 86.63it/s]
 15%|█▍        | 21550/145449 [03:32<25:24, 81.25it/s]
 15%|█▍        | 21559/145449 [03:32<24:56, 82.79it/s]
 15%|█▍        | 21568/145449 [03:32<25:10, 82.03it/s]
 15%|█▍        | 21577/145449 [03:32<24:40, 83.68it/s]
 15%|█▍        | 21589/145449 [03:32<22:31, 91.66it/s]
 15%|█▍        | 21607/145449 [03:32<18:05, 114.05it/s]
 15%|█▍        | 21619/145449 [03:32<19:24, 106.30it/s]
 15%|█▍        | 21634/145449 [03:33<17:33, 117.53it/s]
 15%|█▍        | 21650/145449 [03:33<16:12, 127.24it/s]
 15%|█▍        | 21663/145449 [03:33<17:27, 118.21it/s]
 15%|█▍        | 21676/145449 [03:33<18:43, 110.19it/s]
 15%|█▍        | 21688/145449 [03:33<19:08, 107.77it/s]
 15%|█▍        | 21701/145449 [03:33<20:01, 103.03it/s]
 15%|█▍        | 21717/145449 [03:33<17:48, 115.75it/s]
 15%|█▍        | 21729/145449 [03:33<17:57, 114.78it/s]
 15%|█▍        | 21741/145449 [03:34<32:12, 64.02it/s] 
 15%|█▍        | 21754/145449 [03:34<27:35, 74.73it/s]
 15%|█▍        | 21769/145449 [03:34<23:07, 89.13it/s]
 15%|█▍        | 21788/145449 [03:34<18:36, 110.71it/s]
 15%|█▍        | 21802/145449 [03:34<18:34, 110.90it/s]
 15%|█▍        | 21815/145449 [03:34<20:53, 98.66it/s] 
 15%|█▌        | 21827/145449 [03:35<21:31, 95.69it/s]
 15%|█▌        | 21843/145449 [03:35<19:03, 108.12it/s]
 15%|█▌        | 21855/145449 [03:35<20:12, 101.96it/s]
 15%|█▌        | 21866/145449 [03:35<19:53, 103.59it/s]
 15%|█▌        | 21877/145449 [03:35<21:24, 96.24it/s] 
 15%|█▌        | 21889/145449 [03:35<20:16, 101.56it/s]
 15%|█▌        | 21900/145449 [03:35<21:39, 95.04it/s] 
 15%|█▌        | 21910/145449 [03:35<23:42, 86.82it/s]
 15%|█▌        | 21922/145449 [03:36<21:49, 94.33it/s]
 15%|█▌        | 21932/145449 [03:36<21:44, 94.69it/s]
 15%|█▌        | 21942/145449 [03:36<24:29, 84.02it/s]
 15%|█▌        | 21954/145449 [03:36<22:43, 90.59it/s]
 15%|█▌        | 21966/145449 [03:36<21:09, 97.27it/s]
 15%|█▌        | 21977/145449 [03:36<22:57, 89.65it/s]
 15%|█▌        | 21989/145449 [03:36<21:13, 96.93it/s]
 15%|█▌        | 22000/145449 [03:36<21:12, 97.03it/s]
 15%|█▌        | 22011/145449 [03:37<22:24, 91.82it/s]
 15%|█▌        | 22021/145449 [03:37<24:04, 85.46it/s]
 15%|█▌        | 22030/145449 [03:37<24:22, 84.36it/s]
 15%|█▌        | 22042/145449 [03:37<22:09, 92.80it/s]
 15%|█▌        | 22054/145449 [03:37<20:37, 99.72it/s]
 15%|█▌        | 22065/145449 [03:37<22:25, 91.73it/s]
 15%|█▌        | 22076/145449 [03:37<21:21, 96.28it/s]
 15%|█▌        | 22088/145449 [03:37<20:49, 98.69it/s]
 15%|█▌        | 22099/145449 [03:37<20:43, 99.23it/s]
 15%|█▌        | 22110/145449 [03:38<21:32, 95.46it/s]
 15%|█▌        | 22120/145449 [03:38<22:30, 91.35it/s]
 15%|█▌        | 22132/145449 [03:38<21:17, 96.54it/s]
 15%|█▌        | 22142/145449 [03:38<21:24, 96.01it/s]
 15%|█▌        | 22152/145449 [03:38<21:26, 95.85it/s]
 15%|█▌        | 22162/145449 [03:38<22:23, 91.76it/s]
 15%|█▌        | 22177/145449 [03:38<19:44, 104.04it/s]
 15%|█▌        | 22188/145449 [03:38<21:41, 94.72it/s] 
 15%|█▌        | 22204/145449 [03:38<18:55, 108.56it/s]
 15%|█▌        | 22216/145449 [03:39<20:50, 98.51it/s] 
 15%|█▌        | 22227/145449 [03:39<20:31, 100.04it/s]
 15%|█▌        | 22238/145449 [03:39<21:59, 93.35it/s] 
 15%|█▌        | 22257/145449 [03:39<17:49, 115.23it/s]
 15%|█▌        | 22269/145449 [03:39<20:49, 98.60it/s] 
 15%|█▌        | 22280/145449 [03:39<21:39, 94.77it/s]
 15%|█▌        | 22290/145449 [03:39<23:02, 89.06it/s]
 15%|█▌        | 22300/145449 [03:40<24:12, 84.81it/s]
 15%|█▌        | 22317/145449 [03:40<19:31, 105.12it/s]
 15%|█▌        | 22329/145449 [03:40<19:57, 102.79it/s]
 15%|█▌        | 22346/145449 [03:40<17:15, 118.84it/s]
 15%|█▌        | 22359/145449 [03:40<17:34, 116.68it/s]
 15%|█▌        | 22372/145449 [03:40<18:42, 109.64it/s]
 15%|█▌        | 22384/145449 [03:40<19:58, 102.67it/s]
 15%|█▌        | 22395/145449 [03:40<21:01, 97.53it/s] 
 15%|█▌        | 22414/145449 [03:41<17:32, 116.86it/s]
 15%|█▌        | 22427/145449 [03:41<17:08, 119.62it/s]
 15%|█▌        | 22440/145449 [03:41<17:13, 118.99it/s]
 15%|█▌        | 22453/145449 [03:41<18:43, 109.52it/s]
 15%|█▌        | 22468/145449 [03:41<17:05, 119.95it/s]
 15%|█▌        | 22481/145449 [03:41<17:41, 115.84it/s]
 15%|█▌        | 22493/145449 [03:41<18:06, 113.14it/s]
 15%|█▌        | 22507/145449 [03:41<17:03, 120.10it/s]
 15%|█▌        | 22520/145449 [03:41<18:26, 111.08it/s]
 15%|█▌        | 22532/145449 [03:42<23:07, 88.59it/s] 
 15%|█▌        | 22542/145449 [03:42<24:28, 83.72it/s]
 16%|█▌        | 22551/145449 [03:42<25:12, 81.24it/s]
 16%|█▌        | 22560/145449 [03:42<26:06, 78.43it/s]
 16%|█▌        | 22572/145449 [03:42<23:15, 88.08it/s]
 16%|█▌        | 22582/145449 [03:42<23:28, 87.25it/s]
 16%|█▌        | 22591/145449 [03:42<25:18, 80.90it/s]
 16%|█▌        | 22601/145449 [03:42<23:59, 85.36it/s]
 16%|█▌        | 22615/145449 [03:43<20:41, 98.92it/s]
 16%|█▌        | 22626/145449 [03:43<20:39, 99.10it/s]
 16%|█▌        | 22637/145449 [03:43<20:24, 100.33it/s]
 16%|█▌        | 22649/145449 [03:43<19:25, 105.32it/s]
 16%|█▌        | 22660/145449 [03:43<19:25, 105.36it/s]
 16%|█▌        | 22671/145449 [03:43<20:57, 97.66it/s] 
 16%|█▌        | 22682/145449 [03:43<20:18, 100.74it/s]
 16%|█▌        | 22693/145449 [03:43<20:03, 102.00it/s]
 16%|█▌        | 22710/145449 [03:43<17:26, 117.34it/s]
 16%|█▌        | 22726/145449 [03:44<15:50, 129.05it/s]
 16%|█▌        | 22740/145449 [03:44<17:01, 120.16it/s]
 16%|█▌        | 22753/145449 [03:44<16:57, 120.56it/s]
 16%|█▌        | 22766/145449 [03:44<17:34, 116.39it/s]
 16%|█▌        | 22779/145449 [03:44<17:02, 119.99it/s]
 16%|█▌        | 22792/145449 [03:44<17:33, 116.47it/s]
 16%|█▌        | 22811/145449 [03:44<15:10, 134.63it/s]
 16%|█▌        | 22829/145449 [03:44<14:15, 143.39it/s]
 16%|█▌        | 22844/145449 [03:45<16:47, 121.66it/s]
 16%|█▌        | 22858/145449 [03:45<16:13, 125.96it/s]
 16%|█▌        | 22873/145449 [03:45<16:04, 127.12it/s]
 16%|█▌        | 22887/145449 [03:45<18:23, 111.11it/s]
 16%|█▌        | 22900/145449 [03:45<17:40, 115.57it/s]
 16%|█▌        | 22914/145449 [03:45<16:46, 121.76it/s]
 16%|█▌        | 22927/145449 [03:45<18:18, 111.58it/s]
 16%|█▌        | 22939/145449 [03:45<21:20, 95.64it/s] 
 16%|█▌        | 22950/145449 [03:46<20:55, 97.56it/s]
 16%|█▌        | 22966/145449 [03:46<20:04, 101.67it/s]
 16%|█▌        | 22977/145449 [03:46<23:30, 86.86it/s] 
 16%|█▌        | 22987/145449 [03:46<22:52, 89.20it/s]
 16%|█▌        | 22998/145449 [03:46<21:49, 93.52it/s]
 16%|█▌        | 23015/145449 [03:46<18:22, 111.03it/s]
 16%|█▌        | 23028/145449 [03:46<17:51, 114.22it/s]
 16%|█▌        | 23043/145449 [03:46<17:11, 118.69it/s]
 16%|█▌        | 23060/145449 [03:46<15:29, 131.71it/s]
 16%|█▌        | 23076/145449 [03:47<14:50, 137.35it/s]
 16%|█▌        | 23092/145449 [03:47<14:14, 143.12it/s]
 16%|█▌        | 23107/145449 [03:47<14:56, 136.48it/s]
 16%|█▌        | 23121/145449 [03:47<15:42, 129.78it/s]
 16%|█▌        | 23135/145449 [03:47<20:14, 100.74it/s]
 16%|█▌        | 23147/145449 [03:47<22:25, 90.91it/s] 
 16%|█▌        | 23159/145449 [03:47<21:39, 94.08it/s]
 16%|█▌        | 23170/145449 [03:48<23:14, 87.71it/s]
 16%|█▌        | 23180/145449 [03:48<24:21, 83.68it/s]
 16%|█▌        | 23192/145449 [03:48<22:18, 91.32it/s]
 16%|█▌        | 23209/145449 [03:48<18:35, 109.54it/s]
 16%|█▌        | 23226/145449 [03:48<16:16, 125.21it/s]
 16%|█▌        | 23248/145449 [03:48<13:39, 149.08it/s]
 16%|█▌        | 23264/145449 [03:48<14:20, 141.96it/s]
 16%|█▌        | 23279/145449 [03:48<18:47, 108.39it/s]
 16%|█▌        | 23292/145449 [03:49<21:33, 94.45it/s] 
 16%|█▌        | 23303/145449 [03:49<21:37, 94.13it/s]
 16%|█▌        | 23314/145449 [03:49<22:57, 88.68it/s]
 16%|█▌        | 23325/145449 [03:49<22:19, 91.16it/s]
 16%|█▌        | 23336/145449 [03:49<21:31, 94.54it/s]
 16%|█▌        | 23358/145449 [03:49<16:11, 125.70it/s]
 16%|█▌        | 23372/145449 [03:49<16:07, 126.19it/s]
 16%|█▌        | 23386/145449 [03:49<15:49, 128.55it/s]
 16%|█▌        | 23405/145449 [03:50<14:47, 137.48it/s]
 16%|█▌        | 23420/145449 [03:50<15:55, 127.72it/s]
 16%|█▌        | 23434/145449 [03:50<15:45, 128.98it/s]
 16%|█▌        | 23448/145449 [03:50<18:39, 108.99it/s]
 16%|█▌        | 23460/145449 [03:50<20:15, 100.33it/s]
 16%|█▌        | 23479/145449 [03:50<16:48, 120.90it/s]
 16%|█▌        | 23497/145449 [03:50<15:33, 130.60it/s]
 16%|█▌        | 23511/145449 [03:51<16:15, 125.03it/s]
 16%|█▌        | 23525/145449 [03:51<16:30, 123.04it/s]
 16%|█▌        | 23538/145449 [03:51<16:18, 124.62it/s]
 16%|█▌        | 23556/145449 [03:51<14:34, 139.38it/s]
 16%|█▌        | 23571/145449 [03:51<14:51, 136.71it/s]
 16%|█▌        | 23585/145449 [03:51<15:15, 133.12it/s]
 16%|█▌        | 23599/145449 [03:51<16:04, 126.30it/s]
 16%|█▌        | 23618/145449 [03:51<14:35, 139.14it/s]
 16%|█▌        | 23633/145449 [03:52<19:07, 106.17it/s]
 16%|█▋        | 23649/145449 [03:52<17:22, 116.80it/s]
 16%|█▋        | 23663/145449 [03:52<16:50, 120.54it/s]
 16%|█▋        | 23677/145449 [03:52<16:24, 123.65it/s]
 16%|█▋        | 23691/145449 [03:52<17:00, 119.33it/s]
 16%|█▋        | 23705/145449 [03:52<16:41, 121.55it/s]
 16%|█▋        | 23721/145449 [03:52<15:31, 130.74it/s]
 16%|█▋        | 23736/145449 [03:52<15:01, 134.98it/s]
 16%|█▋        | 23750/145449 [03:52<15:43, 128.96it/s]
 16%|█▋        | 23764/145449 [03:53<15:50, 128.03it/s]
 16%|█▋        | 23777/145449 [03:53<16:15, 124.73it/s]
 16%|█▋        | 23790/145449 [03:53<16:29, 123.01it/s]
 16%|█▋        | 23803/145449 [03:53<16:42, 121.36it/s]
 16%|█▋        | 23816/145449 [03:53<19:55, 101.74it/s]
 16%|█▋        | 23827/145449 [03:53<20:28, 98.97it/s] 
 16%|█▋        | 23846/145449 [03:53<16:46, 120.84it/s]
 16%|█▋        | 23859/145449 [03:53<20:35, 98.40it/s] 
 16%|█▋        | 23873/145449 [03:54<18:48, 107.74it/s]
 16%|█▋        | 23890/145449 [03:54<16:29, 122.88it/s]
 16%|█▋        | 23904/145449 [03:54<17:47, 113.81it/s]
 16%|█▋        | 23917/145449 [03:54<19:20, 104.74it/s]
 16%|█▋        | 23929/145449 [03:54<20:53, 96.91it/s] 
 16%|█▋        | 23940/145449 [03:54<22:03, 91.79it/s]
 16%|█▋        | 23952/145449 [03:54<20:55, 96.80it/s]
 16%|█▋        | 23964/145449 [03:54<19:49, 102.14it/s]
 16%|█▋        | 23981/145449 [03:55<16:53, 119.81it/s]
 16%|█▋        | 23994/145449 [03:55<16:53, 119.81it/s]
 17%|█▋        | 24007/145449 [03:55<17:46, 113.89it/s]
 17%|█▋        | 24021/145449 [03:55<16:55, 119.62it/s]
 17%|█▋        | 24034/145449 [03:55<17:21, 116.54it/s]
 17%|█▋        | 24052/145449 [03:55<15:16, 132.39it/s]
 17%|█▋        | 24067/145449 [03:55<15:07, 133.75it/s]
 17%|█▋        | 24081/145449 [03:55<15:53, 127.23it/s]
 17%|█▋        | 24094/145449 [03:55<18:14, 110.84it/s]
 17%|█▋        | 24106/145449 [03:56<21:45, 92.97it/s] 
 17%|█▋        | 24116/145449 [03:56<21:59, 91.93it/s]
 17%|█▋        | 24127/145449 [03:56<22:26, 90.12it/s]
 17%|█▋        | 24137/145449 [03:56<23:15, 86.92it/s]
 17%|█▋        | 24146/145449 [03:56<23:18, 86.71it/s]
 17%|█▋        | 24157/145449 [03:56<22:14, 90.91it/s]
 17%|█▋        | 24171/145449 [03:56<19:43, 102.48it/s]
 17%|█▋        | 24182/145449 [03:56<21:04, 95.92it/s] 
 17%|█▋        | 24199/145449 [03:57<17:50, 113.31it/s]
 17%|█▋        | 24213/145449 [03:57<16:47, 120.28it/s]
 17%|█▋        | 24232/145449 [03:57<14:34, 138.67it/s]
 17%|█▋        | 24251/145449 [03:57<13:22, 151.01it/s]
 17%|█▋        | 24267/145449 [03:57<14:27, 139.62it/s]
 17%|█▋        | 24282/145449 [03:57<17:35, 114.77it/s]
 17%|█▋        | 24295/145449 [03:57<18:26, 109.50it/s]
 17%|█▋        | 24308/145449 [03:57<18:10, 111.10it/s]
 17%|█▋        | 24324/145449 [03:58<16:30, 122.31it/s]
 17%|█▋        | 24337/145449 [03:58<18:30, 109.05it/s]
 17%|█▋        | 24349/145449 [03:58<19:17, 104.65it/s]
 17%|█▋        | 24360/145449 [03:58<19:14, 104.85it/s]
 17%|█▋        | 24371/145449 [03:58<21:11, 95.21it/s] 
 17%|█▋        | 24381/145449 [03:58<22:47, 88.56it/s]
 17%|█▋        | 24394/145449 [03:58<20:34, 98.07it/s]
 17%|█▋        | 24405/145449 [03:58<20:36, 97.90it/s]
 17%|█▋        | 24420/145449 [03:59<18:58, 106.32it/s]
 17%|█▋        | 24437/145449 [03:59<16:24, 122.94it/s]
 17%|█▋        | 24452/145449 [03:59<16:08, 124.99it/s]
 17%|█▋        | 24465/145449 [03:59<18:32, 108.77it/s]
 17%|█▋        | 24477/145449 [03:59<18:57, 106.37it/s]
 17%|█▋        | 24488/145449 [03:59<19:18, 104.40it/s]
 17%|█▋        | 24503/145449 [03:59<18:07, 111.17it/s]
 17%|█▋        | 24515/145449 [03:59<18:07, 111.24it/s]
 17%|█▋        | 24527/145449 [04:00<19:30, 103.27it/s]
 17%|█▋        | 24538/145449 [04:00<19:21, 104.13it/s]
 17%|█▋        | 24549/145449 [04:00<19:31, 103.17it/s]
 17%|█▋        | 24564/145449 [04:00<17:28, 115.29it/s]
 17%|█▋        | 24576/145449 [04:00<18:17, 110.15it/s]
 17%|█▋        | 24590/145449 [04:00<17:25, 115.62it/s]
 17%|█▋        | 24602/145449 [04:00<17:20, 116.14it/s]
 17%|█▋        | 24614/145449 [04:00<18:24, 109.40it/s]
 17%|█▋        | 24627/145449 [04:00<18:05, 111.27it/s]
 17%|█▋        | 24639/145449 [04:01<19:11, 104.89it/s]
 17%|█▋        | 24650/145449 [04:01<19:54, 101.11it/s]
 17%|█▋        | 24664/145449 [04:01<18:39, 107.88it/s]
 17%|█▋        | 24675/145449 [04:01<18:52, 106.61it/s]
 17%|█▋        | 24686/145449 [04:01<19:41, 102.20it/s]
 17%|█▋        | 24697/145449 [04:01<22:39, 88.81it/s] 
 17%|█▋        | 24709/145449 [04:01<21:16, 94.57it/s]
 17%|█▋        | 24730/145449 [04:01<16:23, 122.75it/s]
 17%|█▋        | 24743/145449 [04:02<19:03, 105.59it/s]
 17%|█▋        | 24755/145449 [04:02<20:19, 98.97it/s] 
 17%|█▋        | 24766/145449 [04:02<24:26, 82.29it/s]
 17%|█▋        | 24775/145449 [04:02<26:13, 76.69it/s]
 17%|█▋        | 24784/145449 [04:02<26:32, 75.76it/s]
 17%|█▋        | 24794/145449 [04:02<24:43, 81.31it/s]
 17%|█▋        | 24807/145449 [04:02<21:50, 92.07it/s]
 17%|█▋        | 24817/145449 [04:02<21:37, 93.00it/s]
 17%|█▋        | 24827/145449 [04:03<22:52, 87.87it/s]
 17%|█▋        | 24837/145449 [04:03<22:35, 88.99it/s]
 17%|█▋        | 24852/145449 [04:03<19:48, 101.48it/s]
 17%|█▋        | 24869/145449 [04:03<16:50, 119.30it/s]
 17%|█▋        | 24884/145449 [04:03<16:05, 124.91it/s]
 17%|█▋        | 24897/145449 [04:03<17:13, 116.66it/s]
 17%|█▋        | 24909/145449 [04:03<21:53, 91.80it/s] 
 17%|█▋        | 24925/145449 [04:03<18:42, 107.36it/s]
 17%|█▋        | 24937/145449 [04:04<18:38, 107.71it/s]
 17%|█▋        | 24949/145449 [04:04<19:22, 103.69it/s]
 17%|█▋        | 24962/145449 [04:04<18:29, 108.60it/s]
 17%|█▋        | 24976/145449 [04:04<17:18, 115.98it/s]
 17%|█▋        | 24994/145449 [04:04<15:21, 130.69it/s]
 17%|█▋        | 25008/145449 [04:04<15:55, 126.01it/s]
 17%|█▋        | 25022/145449 [04:04<15:31, 129.23it/s]
 17%|█▋        | 25036/145449 [04:04<15:59, 125.54it/s]
 17%|█▋        | 25054/145449 [04:04<15:19, 130.93it/s]
 17%|█▋        | 25069/145449 [04:05<15:36, 128.54it/s]
 17%|█▋        | 25082/145449 [04:05<15:55, 126.03it/s]
 17%|█▋        | 25095/145449 [04:05<19:24, 103.33it/s]
 17%|█▋        | 25112/145449 [04:05<17:36, 113.87it/s]
 17%|█▋        | 25128/145449 [04:05<16:01, 125.16it/s]
 17%|█▋        | 25142/145449 [04:05<17:00, 117.90it/s]
 17%|█▋        | 25157/145449 [04:05<16:15, 123.33it/s]
 17%|█▋        | 25171/145449 [04:05<15:50, 126.58it/s]
 17%|█▋        | 25185/145449 [04:06<15:27, 129.69it/s]
 17%|█▋        | 25203/145449 [04:06<13:58, 143.36it/s]
 17%|█▋        | 25218/145449 [04:06<15:17, 131.01it/s]
 17%|█▋        | 25232/145449 [04:06<17:31, 114.32it/s]
 17%|█▋        | 25246/145449 [04:06<16:42, 119.93it/s]
 17%|█▋        | 25259/145449 [04:06<18:35, 107.71it/s]
 17%|█▋        | 25271/145449 [04:06<19:39, 101.86it/s]
 17%|█▋        | 25284/145449 [04:06<18:34, 107.82it/s]
 17%|█▋        | 25296/145449 [04:07<19:54, 100.58it/s]
 17%|█▋        | 25311/145449 [04:07<18:08, 110.33it/s]
 17%|█▋        | 25323/145449 [04:07<19:43, 101.47it/s]
 17%|█▋        | 25334/145449 [04:07<20:16, 98.76it/s] 
 17%|█▋        | 25351/145449 [04:07<17:09, 116.65it/s]
 17%|█▋        | 25364/145449 [04:07<16:41, 119.95it/s]
 17%|█▋        | 25377/145449 [04:07<16:38, 120.22it/s]
 17%|█▋        | 25390/145449 [04:07<18:08, 110.27it/s]
 17%|█▋        | 25406/145449 [04:08<16:45, 119.36it/s]
 17%|█▋        | 25419/145449 [04:08<16:23, 122.03it/s]
 17%|█▋        | 25432/145449 [04:08<16:51, 118.68it/s]
 17%|█▋        | 25445/145449 [04:08<18:38, 107.34it/s]
 18%|█▊        | 25458/145449 [04:08<18:18, 109.19it/s]
 18%|█▊        | 25470/145449 [04:08<18:01, 110.95it/s]
 18%|█▊        | 25485/145449 [04:08<16:39, 120.04it/s]
 18%|█▊        | 25498/145449 [04:08<16:44, 119.47it/s]
 18%|█▊        | 25511/145449 [04:08<16:23, 121.95it/s]
 18%|█▊        | 25524/145449 [04:09<20:14, 98.74it/s] 
 18%|█▊        | 25535/145449 [04:09<22:55, 87.19it/s]
 18%|█▊        | 25545/145449 [04:09<22:29, 88.85it/s]
 18%|█▊        | 25555/145449 [04:09<25:33, 78.17it/s]
 18%|█▊        | 25564/145449 [04:09<28:00, 71.34it/s]
 18%|█▊        | 25574/145449 [04:09<25:46, 77.49it/s]
 18%|█▊        | 25592/145449 [04:09<19:40, 101.55it/s]
 18%|█▊        | 25609/145449 [04:10<17:14, 115.85it/s]
 18%|█▊        | 25622/145449 [04:10<16:56, 117.89it/s]
 18%|█▊        | 25635/145449 [04:10<21:37, 92.33it/s] 
 18%|█▊        | 25646/145449 [04:10<21:37, 92.30it/s]
 18%|█▊        | 25658/145449 [04:10<20:55, 95.44it/s]
 18%|█▊        | 25669/145449 [04:10<20:57, 95.27it/s]
 18%|█▊        | 25683/145449 [04:10<18:44, 106.50it/s]
 18%|█▊        | 25695/145449 [04:10<18:52, 105.72it/s]
 18%|█▊        | 25706/145449 [04:11<21:05, 94.64it/s] 
 18%|█▊        | 25716/145449 [04:11<21:38, 92.23it/s]
 18%|█▊        | 25729/145449 [04:11<20:11, 98.83it/s]
 18%|█▊        | 25740/145449 [04:11<19:42, 101.24it/s]
 18%|█▊        | 25754/145449 [04:11<18:36, 107.20it/s]
 18%|█▊        | 25768/145449 [04:11<17:31, 113.77it/s]
 18%|█▊        | 25781/145449 [04:11<17:05, 116.64it/s]
 18%|█▊        | 25794/145449 [04:11<16:57, 117.55it/s]
 18%|█▊        | 25815/145449 [04:11<14:13, 140.21it/s]
 18%|█▊        | 25831/145449 [04:12<13:45, 144.94it/s]
 18%|█▊        | 25846/145449 [04:12<13:48, 144.28it/s]
 18%|█▊        | 25865/145449 [04:12<12:46, 156.10it/s]
 18%|█▊        | 25881/145449 [04:12<13:07, 151.82it/s]
 18%|█▊        | 25897/145449 [04:12<16:12, 122.94it/s]
 18%|█▊        | 25911/145449 [04:12<20:09, 98.83it/s] 
 18%|█▊        | 25923/145449 [04:13<24:05, 82.72it/s]
 18%|█▊        | 25934/145449 [04:13<23:04, 86.35it/s]
 18%|█▊        | 25944/145449 [04:13<25:25, 78.36it/s]
 18%|█▊        | 25953/145449 [04:13<26:20, 75.58it/s]
 18%|█▊        | 25962/145449 [04:13<25:53, 76.93it/s]
 18%|█▊        | 25971/145449 [04:13<26:05, 76.31it/s]
 18%|█▊        | 25980/145449 [04:13<25:02, 79.54it/s]
 18%|█▊        | 25991/145449 [04:13<26:30, 75.12it/s]
 18%|█▊        | 26003/145449 [04:14<23:45, 83.79it/s]
 18%|█▊        | 26019/145449 [04:14<19:43, 100.93it/s]
 18%|█▊        | 26035/145449 [04:14<17:09, 116.01it/s]
 18%|█▊        | 26052/145449 [04:14<15:14, 130.52it/s]
 18%|█▊        | 26066/145449 [04:14<18:29, 107.64it/s]
 18%|█▊        | 26079/145449 [04:14<17:36, 113.01it/s]
 18%|█▊        | 26092/145449 [04:14<17:05, 116.35it/s]
 18%|█▊        | 26105/145449 [04:14<17:35, 113.04it/s]
 18%|█▊        | 26117/145449 [04:15<19:26, 102.31it/s]
 18%|█▊        | 26136/145449 [04:15<16:44, 118.78it/s]
 18%|█▊        | 26154/145449 [04:15<14:50, 134.04it/s]
 18%|█▊        | 26168/145449 [04:15<15:41, 126.74it/s]
 18%|█▊        | 26182/145449 [04:15<19:24, 102.40it/s]
 18%|█▊        | 26195/145449 [04:15<18:37, 106.75it/s]
 18%|█▊        | 26207/145449 [04:15<18:14, 108.93it/s]
 18%|█▊        | 26219/145449 [04:15<18:33, 107.06it/s]
 18%|█▊        | 26231/145449 [04:16<19:36, 101.36it/s]
 18%|█▊        | 26242/145449 [04:16<21:23, 92.91it/s] 
 18%|█▊        | 26254/145449 [04:16<20:18, 97.82it/s]
 18%|█▊        | 26269/145449 [04:16<18:44, 105.94it/s]
 18%|█▊        | 26280/145449 [04:16<20:23, 97.42it/s] 
 18%|█▊        | 26290/145449 [04:16<23:24, 84.84it/s]
 18%|█▊        | 26300/145449 [04:16<22:31, 88.17it/s]
 18%|█▊        | 26316/145449 [04:16<18:45, 105.82it/s]
 18%|█▊        | 26335/145449 [04:16<15:43, 126.29it/s]
 18%|█▊        | 26352/145449 [04:17<14:47, 134.25it/s]
 18%|█▊        | 26372/145449 [04:17<13:22, 148.30it/s]
 18%|█▊        | 26388/145449 [04:17<14:26, 137.33it/s]
 18%|█▊        | 26403/145449 [04:17<17:20, 114.45it/s]
 18%|█▊        | 26416/145449 [04:17<19:57, 99.37it/s] 
 18%|█▊        | 26427/145449 [04:17<20:39, 95.99it/s]
 18%|█▊        | 26438/145449 [04:17<20:57, 94.66it/s]
 18%|█▊        | 26452/145449 [04:18<19:03, 104.06it/s]
 18%|█▊        | 26463/145449 [04:18<18:58, 104.53it/s]
 18%|█▊        | 26476/145449 [04:18<18:01, 109.96it/s]
 18%|█▊        | 26489/145449 [04:18<17:18, 114.55it/s]
 18%|█▊        | 26501/145449 [04:18<17:29, 113.33it/s]
 18%|█▊        | 26513/145449 [04:18<20:06, 98.59it/s] 
 18%|█▊        | 26524/145449 [04:18<21:41, 91.36it/s]
 18%|█▊        | 26538/145449 [04:18<19:15, 102.91it/s]
 18%|█▊        | 26554/145449 [04:19<17:16, 114.66it/s]
 18%|█▊        | 26566/145449 [04:19<18:37, 106.34it/s]
 18%|█▊        | 26583/145449 [04:19<16:29, 120.15it/s]
 18%|█▊        | 26596/145449 [04:19<16:46, 118.04it/s]
 18%|█▊        | 26612/145449 [04:19<15:39, 126.49it/s]
 18%|█▊        | 26626/145449 [04:19<15:40, 126.28it/s]
 18%|█▊        | 26643/145449 [04:19<14:35, 135.77it/s]
 18%|█▊        | 26657/145449 [04:19<15:07, 130.95it/s]
 18%|█▊        | 26671/145449 [04:19<15:42, 126.04it/s]
 18%|█▊        | 26686/145449 [04:20<14:59, 132.01it/s]
 18%|█▊        | 26700/145449 [04:20<15:05, 131.17it/s]
 18%|█▊        | 26716/145449 [04:20<14:24, 137.31it/s]
 18%|█▊        | 26730/145449 [04:20<14:57, 132.27it/s]
 18%|█▊        | 26745/145449 [04:20<14:38, 135.15it/s]
 18%|█▊        | 26759/145449 [04:20<15:18, 129.16it/s]
 18%|█▊        | 26773/145449 [04:20<17:10, 115.20it/s]
 18%|█▊        | 26785/145449 [04:20<20:51, 94.79it/s] 
 18%|█▊        | 26797/145449 [04:21<20:00, 98.81it/s]
 18%|█▊        | 26808/145449 [04:21<20:14, 97.68it/s]
 18%|█▊        | 26819/145449 [04:21<21:16, 92.93it/s]
 18%|█▊        | 26829/145449 [04:21<23:42, 83.39it/s]
 18%|█▊        | 26838/145449 [04:21<24:20, 81.24it/s]
 18%|█▊        | 26847/145449 [04:21<26:17, 75.17it/s]
 18%|█▊        | 26857/145449 [04:21<24:24, 80.97it/s]
 18%|█▊        | 26870/145449 [04:21<22:00, 89.77it/s]
 18%|█▊        | 26886/145449 [04:22<18:19, 107.81it/s]
 18%|█▊        | 26900/145449 [04:22<17:36, 112.18it/s]
 19%|█▊        | 26912/145449 [04:22<17:56, 110.15it/s]
 19%|█▊        | 26924/145449 [04:22<17:35, 112.28it/s]
 19%|█▊        | 26936/145449 [04:22<19:07, 103.32it/s]
 19%|█▊        | 26951/145449 [04:22<17:25, 113.30it/s]
 19%|█▊        | 26967/145449 [04:22<15:47, 125.00it/s]
 19%|█▊        | 26980/145449 [04:22<17:49, 110.75it/s]
 19%|█▊        | 26992/145449 [04:23<20:37, 95.74it/s] 
 19%|█▊        | 27003/145449 [04:23<22:50, 86.46it/s]
 19%|█▊        | 27013/145449 [04:23<23:36, 83.63it/s]
 19%|█▊        | 27022/145449 [04:23<24:01, 82.16it/s]
 19%|█▊        | 27032/145449 [04:23<22:52, 86.27it/s]
 19%|█▊        | 27044/145449 [04:23<23:09, 85.24it/s]
 19%|█▊        | 27054/145449 [04:23<22:50, 86.40it/s]
 19%|█▊        | 27066/145449 [04:23<20:50, 94.66it/s]
 19%|█▊        | 27079/145449 [04:23<19:01, 103.66it/s]
 19%|█▊        | 27090/145449 [04:24<20:23, 96.70it/s] 
 19%|█▊        | 27104/145449 [04:24<18:32, 106.41it/s]
 19%|█▊        | 27116/145449 [04:24<18:08, 108.74it/s]
 19%|█▊        | 27134/145449 [04:24<15:36, 126.36it/s]
 19%|█▊        | 27147/145449 [04:24<16:16, 121.12it/s]
 19%|█▊        | 27160/145449 [04:24<16:02, 122.92it/s]
 19%|█▊        | 27174/145449 [04:24<15:35, 126.47it/s]
 19%|█▊        | 27187/145449 [04:24<17:31, 112.50it/s]
 19%|█▊        | 27201/145449 [04:25<17:27, 112.85it/s]
 19%|█▊        | 27217/145449 [04:25<16:10, 121.84it/s]
 19%|█▊        | 27230/145449 [04:25<18:03, 109.07it/s]
 19%|█▊        | 27242/145449 [04:25<19:52, 99.13it/s] 
 19%|█▊        | 27253/145449 [04:25<24:10, 81.47it/s]
 19%|█▊        | 27263/145449 [04:25<23:48, 82.72it/s]
 19%|█▉        | 27273/145449 [04:25<22:50, 86.23it/s]
 19%|█▉        | 27283/145449 [04:26<24:53, 79.14it/s]
 19%|█▉        | 27292/145449 [04:26<24:27, 80.54it/s]
 19%|█▉        | 27306/145449 [04:26<20:41, 95.16it/s]
 19%|█▉        | 27317/145449 [04:26<20:35, 95.60it/s]
 19%|█▉        | 27337/145449 [04:26<15:58, 123.27it/s]
 19%|█▉        | 27351/145449 [04:26<15:44, 125.01it/s]
 19%|█▉        | 27364/145449 [04:26<15:41, 125.48it/s]
 19%|█▉        | 27379/145449 [04:26<15:06, 130.24it/s]
 19%|█▉        | 27396/145449 [04:26<14:13, 138.36it/s]
 19%|█▉        | 27413/145449 [04:26<13:30, 145.62it/s]
 19%|█▉        | 27428/145449 [04:27<17:54, 109.87it/s]
 19%|█▉        | 27441/145449 [04:27<20:10, 97.52it/s] 
 19%|█▉        | 27452/145449 [04:27<19:50, 99.11it/s]
 19%|█▉        | 27463/145449 [04:27<22:50, 86.08it/s]
 19%|█▉        | 27473/145449 [04:27<25:07, 78.27it/s]
 19%|█▉        | 27482/145449 [04:27<26:28, 74.24it/s]
 19%|█▉        | 27495/145449 [04:28<23:16, 84.49it/s]
 19%|█▉        | 27511/145449 [04:28<19:47, 99.32it/s]
 19%|█▉        | 27522/145449 [04:28<21:12, 92.66it/s]
 19%|█▉        | 27535/145449 [04:28<19:50, 99.06it/s]
 19%|█▉        | 27550/145449 [04:28<18:00, 109.16it/s]
 19%|█▉        | 27562/145449 [04:28<17:42, 110.91it/s]
 19%|█▉        | 27574/145449 [04:28<19:12, 102.25it/s]
 19%|█▉        | 27593/145449 [04:28<16:27, 119.35it/s]
 19%|█▉        | 27606/145449 [04:29<16:32, 118.72it/s]
 19%|█▉        | 27619/145449 [04:29<17:05, 114.88it/s]
 19%|█▉        | 27631/145449 [04:29<19:23, 101.28it/s]
 19%|█▉        | 27643/145449 [04:29<18:34, 105.70it/s]
 19%|█▉        | 27657/145449 [04:29<17:47, 110.34it/s]
 19%|█▉        | 27671/145449 [04:29<16:59, 115.51it/s]
 19%|█▉        | 27690/145449 [04:29<14:32, 134.89it/s]
 19%|█▉        | 27706/145449 [04:29<13:54, 141.11it/s]
 19%|█▉        | 27721/145449 [04:29<14:39, 133.88it/s]
 19%|█▉        | 27735/145449 [04:30<15:11, 129.09it/s]
 19%|█▉        | 27749/145449 [04:30<15:12, 129.00it/s]
 19%|█▉        | 27766/145449 [04:30<14:01, 139.78it/s]
 19%|█▉        | 27781/145449 [04:30<14:30, 135.21it/s]
 19%|█▉        | 27795/145449 [04:30<15:37, 125.50it/s]
 19%|█▉        | 27813/145449 [04:30<14:31, 135.00it/s]
 19%|█▉        | 27827/145449 [04:30<17:05, 114.68it/s]
 19%|█▉        | 27840/145449 [04:30<16:43, 117.22it/s]
 19%|█▉        | 27853/145449 [04:31<17:46, 110.30it/s]
 19%|█▉        | 27865/145449 [04:31<18:33, 105.60it/s]
 19%|█▉        | 27876/145449 [04:31<20:03, 97.68it/s] 
 19%|█▉        | 27886/145449 [04:31<21:03, 93.02it/s]
 19%|█▉        | 27896/145449 [04:31<21:05, 92.87it/s]
 19%|█▉        | 27907/145449 [04:31<20:21, 96.19it/s]
 19%|█▉        | 27919/145449 [04:31<19:08, 102.30it/s]
 19%|█▉        | 27938/145449 [04:31<15:47, 124.08it/s]
 19%|█▉        | 27954/145449 [04:31<15:34, 125.71it/s]
 19%|█▉        | 27967/145449 [04:32<16:44, 116.98it/s]
 19%|█▉        | 27979/145449 [04:32<19:15, 101.62it/s]
 19%|█▉        | 27990/145449 [04:32<19:12, 101.92it/s]
 19%|█▉        | 28004/145449 [04:32<17:48, 109.91it/s]
 19%|█▉        | 28021/145449 [04:32<15:37, 125.25it/s]
 19%|█▉        | 28034/145449 [04:32<15:38, 125.13it/s]
 19%|█▉        | 28047/145449 [04:32<16:43, 116.94it/s]
 19%|█▉        | 28060/145449 [04:32<16:20, 119.73it/s]
 19%|█▉        | 28073/145449 [04:33<19:49, 98.68it/s] 
 19%|█▉        | 28084/145449 [04:33<22:07, 88.38it/s]
 19%|█▉        | 28094/145449 [04:33<21:37, 90.48it/s]
 19%|█▉        | 28105/145449 [04:33<20:51, 93.75it/s]
 19%|█▉        | 28115/145449 [04:33<22:41, 86.20it/s]
 19%|█▉        | 28130/145449 [04:33<19:13, 101.68it/s]
 19%|█▉        | 28145/145449 [04:33<17:11, 113.71it/s]
 19%|█▉        | 28157/145449 [04:33<19:24, 100.74it/s]
 19%|█▉        | 28168/145449 [04:34<22:18, 87.65it/s] 
 19%|█▉        | 28178/145449 [04:34<22:03, 88.58it/s]
 19%|█▉        | 28188/145449 [04:34<22:50, 85.55it/s]
 19%|█▉        | 28197/145449 [04:34<23:43, 82.38it/s]
 19%|█▉        | 28206/145449 [04:34<23:24, 83.47it/s]
 19%|█▉        | 28216/145449 [04:34<22:37, 86.33it/s]
 19%|█▉        | 28225/145449 [04:34<22:32, 86.65it/s]
 19%|█▉        | 28234/145449 [04:34<24:52, 78.56it/s]
 19%|█▉        | 28245/145449 [04:35<22:57, 85.08it/s]
 19%|█▉        | 28258/145449 [04:35<20:11, 96.72it/s]
 19%|█▉        | 28268/145449 [04:35<20:15, 96.43it/s]
 19%|█▉        | 28278/145449 [04:35<21:26, 91.06it/s]
 19%|█▉        | 28290/145449 [04:35<20:19, 96.03it/s]
 19%|█▉        | 28300/145449 [04:35<22:42, 85.96it/s]
 19%|█▉        | 28321/145449 [04:35<17:08, 113.90it/s]
 19%|█▉        | 28333/145449 [04:35<18:44, 104.17it/s]
 19%|█▉        | 28344/145449 [04:36<20:47, 93.88it/s] 
 19%|█▉        | 28354/145449 [04:36<21:55, 89.00it/s]
 20%|█▉        | 28364/145449 [04:36<25:55, 75.26it/s]
 20%|█▉        | 28377/145449 [04:36<22:20, 87.36it/s]
 20%|█▉        | 28389/145449 [04:36<20:36, 94.65it/s]
 20%|█▉        | 28406/145449 [04:36<17:12, 113.35it/s]
 20%|█▉        | 28419/145449 [04:36<18:08, 107.54it/s]
 20%|█▉        | 28435/145449 [04:36<16:24, 118.85it/s]
 20%|█▉        | 28449/145449 [04:37<16:19, 119.40it/s]
 20%|█▉        | 28462/145449 [04:37<15:58, 122.06it/s]
 20%|█▉        | 28475/145449 [04:37<19:37, 99.33it/s] 
 20%|█▉        | 28487/145449 [04:37<18:58, 102.76it/s]
 20%|█▉        | 28498/145449 [04:37<21:46, 89.54it/s] 
 20%|█▉        | 28513/145449 [04:37<19:04, 102.15it/s]
 20%|█▉        | 28525/145449 [04:37<18:30, 105.28it/s]
 20%|█▉        | 28541/145449 [04:37<16:23, 118.89it/s]
 20%|█▉        | 28554/145449 [04:38<18:01, 108.09it/s]
 20%|█▉        | 28566/145449 [04:38<18:54, 103.00it/s]
 20%|█▉        | 28577/145449 [04:38<19:43, 98.73it/s] 
 20%|█▉        | 28588/145449 [04:38<19:49, 98.26it/s]
 20%|█▉        | 28599/145449 [04:38<19:55, 97.75it/s]
 20%|█▉        | 28609/145449 [04:38<20:57, 92.90it/s]
 20%|█▉        | 28620/145449 [04:38<20:37, 94.42it/s]
 20%|█▉        | 28634/145449 [04:38<18:35, 104.70it/s]
 20%|█▉        | 28649/145449 [04:38<16:49, 115.65it/s]
 20%|█▉        | 28666/145449 [04:39<15:19, 126.98it/s]
 20%|█▉        | 28679/145449 [04:39<15:46, 123.38it/s]
 20%|█▉        | 28692/145449 [04:39<17:08, 113.49it/s]
 20%|█▉        | 28709/145449 [04:39<15:22, 126.51it/s]
 20%|█▉        | 28722/145449 [04:39<15:56, 122.05it/s]
 20%|█▉        | 28735/145449 [04:39<17:14, 112.85it/s]
 20%|█▉        | 28747/145449 [04:39<17:38, 110.26it/s]
 20%|█▉        | 28765/145449 [04:39<15:26, 125.92it/s]
 20%|█▉        | 28779/145449 [04:40<15:31, 125.24it/s]
 20%|█▉        | 28795/145449 [04:40<14:31, 133.87it/s]
 20%|█▉        | 28809/145449 [04:40<15:13, 127.66it/s]
 20%|█▉        | 28822/145449 [04:40<17:24, 111.70it/s]
 20%|█▉        | 28834/145449 [04:40<18:04, 107.55it/s]
 20%|█▉        | 28846/145449 [04:40<19:32, 99.41it/s] 
 20%|█▉        | 28857/145449 [04:40<20:04, 96.80it/s]
 20%|█▉        | 28867/145449 [04:40<22:12, 87.50it/s]
 20%|█▉        | 28876/145449 [04:41<23:43, 81.88it/s]
 20%|█▉        | 28888/145449 [04:41<21:20, 91.01it/s]
 20%|█▉        | 28905/145449 [04:41<17:44, 109.46it/s]
 20%|█▉        | 28917/145449 [04:41<17:41, 109.80it/s]
 20%|█▉        | 28933/145449 [04:41<15:46, 123.15it/s]
 20%|█▉        | 28946/145449 [04:41<16:06, 120.52it/s]
 20%|█▉        | 28959/145449 [04:41<16:52, 115.05it/s]
 20%|█▉        | 28973/145449 [04:41<16:27, 117.95it/s]
 20%|█▉        | 28987/145449 [04:41<15:58, 121.54it/s]
 20%|█▉        | 29000/145449 [04:42<16:42, 116.10it/s]
 20%|█▉        | 29013/145449 [04:42<16:14, 119.44it/s]
 20%|█▉        | 29026/145449 [04:42<16:28, 117.78it/s]
 20%|█▉        | 29039/145449 [04:42<16:39, 116.43it/s]
 20%|█▉        | 29051/145449 [04:42<18:48, 103.10it/s]
 20%|█▉        | 29064/145449 [04:42<18:31, 104.72it/s]
 20%|█▉        | 29077/145449 [04:42<17:32, 110.55it/s]
 20%|██        | 29091/145449 [04:42<16:25, 118.08it/s]
 20%|██        | 29104/145449 [04:43<16:20, 118.65it/s]
 20%|██        | 29118/145449 [04:43<16:31, 117.36it/s]
 20%|██        | 29130/145449 [04:43<16:30, 117.38it/s]
 20%|██        | 29142/145449 [04:43<18:14, 106.30it/s]
 20%|██        | 29154/145449 [04:43<17:43, 109.40it/s]
 20%|██        | 29169/145449 [04:43<16:05, 120.48it/s]
 20%|██        | 29182/145449 [04:43<17:24, 111.28it/s]
 20%|██        | 29194/145449 [04:43<17:56, 107.96it/s]
 20%|██        | 29206/145449 [04:44<20:23, 94.99it/s] 
 20%|██        | 29224/145449 [04:44<17:13, 112.45it/s]
 20%|██        | 29236/145449 [04:44<16:59, 113.95it/s]
 20%|██        | 29252/145449 [04:44<15:36, 124.08it/s]
 20%|██        | 29265/145449 [04:44<18:29, 104.72it/s]
 20%|██        | 29278/145449 [04:44<17:29, 110.69it/s]
 20%|██        | 29294/145449 [04:44<15:48, 122.49it/s]
 20%|██        | 29307/145449 [04:44<16:28, 117.47it/s]
 20%|██        | 29320/145449 [04:45<21:15, 91.01it/s] 
 20%|██        | 29335/145449 [04:45<18:49, 102.81it/s]
 20%|██        | 29352/145449 [04:45<16:23, 118.00it/s]
 20%|██        | 29365/145449 [04:45<16:22, 118.14it/s]
 20%|██        | 29378/145449 [04:45<16:09, 119.67it/s]
 20%|██        | 29391/145449 [04:45<16:31, 117.08it/s]
 20%|██        | 29408/145449 [04:45<14:46, 130.86it/s]
 20%|██        | 29422/145449 [04:45<16:20, 118.31it/s]
 20%|██        | 29435/145449 [04:46<20:45, 93.13it/s] 
 20%|██        | 29446/145449 [04:46<20:36, 93.82it/s]
 20%|██        | 29457/145449 [04:46<20:37, 93.75it/s]
 20%|██        | 29468/145449 [04:46<20:38, 93.66it/s]
 20%|██        | 29486/145449 [04:46<17:24, 111.05it/s]
 20%|██        | 29502/145449 [04:46<15:44, 122.74it/s]
 20%|██        | 29515/145449 [04:46<16:56, 114.11it/s]
 20%|██        | 29527/145449 [04:46<17:43, 109.03it/s]
 20%|██        | 29543/145449 [04:46<16:09, 119.61it/s]
 20%|██        | 29557/145449 [04:47<15:32, 124.34it/s]
 20%|██        | 29574/145449 [04:47<14:17, 135.17it/s]
 20%|██        | 29588/145449 [04:47<14:49, 130.20it/s]
 20%|██        | 29602/145449 [04:47<17:43, 108.88it/s]
 20%|██        | 29614/145449 [04:47<19:36, 98.43it/s] 
 20%|██        | 29625/145449 [04:47<19:19, 99.89it/s]
 20%|██        | 29636/145449 [04:47<20:38, 93.49it/s]
 20%|██        | 29646/145449 [04:47<20:46, 92.90it/s]
 20%|██        | 29656/145449 [04:48<21:11, 91.07it/s]
 20%|██        | 29666/145449 [04:48<22:44, 84.85it/s]
 20%|██        | 29675/145449 [04:48<23:15, 82.95it/s]
 20%|██        | 29685/145449 [04:48<22:18, 86.52it/s]
 20%|██        | 29694/145449 [04:48<23:31, 82.04it/s]
 20%|██        | 29703/145449 [04:48<23:27, 82.26it/s]
 20%|██        | 29714/145449 [04:48<21:31, 89.59it/s]
 20%|██        | 29726/145449 [04:48<20:05, 95.99it/s]
 20%|██        | 29740/145449 [04:49<18:16, 105.56it/s]
 20%|██        | 29753/145449 [04:49<17:10, 112.29it/s]
 20%|██        | 29765/145449 [04:49<17:00, 113.37it/s]
 20%|██        | 29777/145449 [04:49<17:31, 109.96it/s]
 20%|██        | 29789/145449 [04:49<17:53, 107.79it/s]
 20%|██        | 29801/145449 [04:49<17:46, 108.45it/s]
 20%|██        | 29813/145449 [04:49<17:22, 110.97it/s]
 21%|██        | 29825/145449 [04:49<18:03, 106.74it/s]
 21%|██        | 29836/145449 [04:49<19:20, 99.62it/s] 
 21%|██        | 29847/145449 [04:50<22:42, 84.83it/s]
 21%|██        | 29857/145449 [04:50<22:11, 86.81it/s]
 21%|██        | 29867/145449 [04:50<23:43, 81.20it/s]
 21%|██        | 29876/145449 [04:50<24:27, 78.75it/s]
 21%|██        | 29889/145449 [04:50<21:40, 88.87it/s]
 21%|██        | 29900/145449 [04:50<20:46, 92.71it/s]
 21%|██        | 29911/145449 [04:50<20:25, 94.28it/s]
 21%|██        | 29921/145449 [04:50<20:51, 92.33it/s]
 21%|██        | 29936/145449 [04:51<18:15, 105.44it/s]
 21%|██        | 29950/145449 [04:51<17:06, 112.54it/s]
 21%|██        | 29963/145449 [04:51<16:30, 116.61it/s]
 21%|██        | 29977/145449 [04:51<16:17, 118.11it/s]
 21%|██        | 29989/145449 [04:51<16:49, 114.34it/s]
 21%|██        | 30001/145449 [04:51<20:52, 92.18it/s] 
 21%|██        | 30012/145449 [04:51<20:14, 95.02it/s]
 21%|██        | 30023/145449 [04:51<24:32, 78.38it/s]
 21%|██        | 30032/145449 [04:52<23:47, 80.84it/s]
 21%|██        | 30049/145449 [04:52<19:42, 97.60it/s]
 21%|██        | 30062/145449 [04:52<18:40, 102.99it/s]
 21%|██        | 30077/145449 [04:52<16:51, 114.07it/s]
 21%|██        | 30091/145449 [04:52<16:05, 119.49it/s]
 21%|██        | 30105/145449 [04:52<15:40, 122.68it/s]
 21%|██        | 30118/145449 [04:52<19:16, 99.74it/s] 
 21%|██        | 30129/145449 [04:52<20:23, 94.27it/s]
 21%|██        | 30140/145449 [04:53<20:53, 91.99it/s]
 21%|██        | 30150/145449 [04:53<22:47, 84.32it/s]
 21%|██        | 30159/145449 [04:53<23:19, 82.39it/s]
 21%|██        | 30170/145449 [04:53<21:42, 88.47it/s]
 21%|██        | 30185/145449 [04:53<18:25, 104.26it/s]
 21%|██        | 30199/145449 [04:53<17:12, 111.58it/s]
 21%|██        | 30211/145449 [04:53<19:01, 100.92it/s]
 21%|██        | 30222/145449 [04:53<21:29, 89.34it/s] 
 21%|██        | 30232/145449 [04:54<23:07, 83.03it/s]
 21%|██        | 30244/145449 [04:54<21:08, 90.79it/s]
 21%|██        | 30255/145449 [04:54<20:13, 94.95it/s]
 21%|██        | 30265/145449 [04:54<21:05, 91.03it/s]
 21%|██        | 30275/145449 [04:54<22:22, 85.82it/s]
 21%|██        | 30284/145449 [04:54<23:01, 83.36it/s]
 21%|██        | 30299/145449 [04:54<20:17, 94.55it/s]
 21%|██        | 30313/145449 [04:54<18:04, 106.17it/s]
 21%|██        | 30327/145449 [04:54<16:42, 114.85it/s]
 21%|██        | 30339/145449 [04:55<17:12, 111.48it/s]
 21%|██        | 30351/145449 [04:55<18:39, 102.80it/s]
 21%|██        | 30362/145449 [04:55<18:31, 103.52it/s]
 21%|██        | 30373/145449 [04:55<18:55, 101.33it/s]
 21%|██        | 30385/145449 [04:55<18:08, 105.69it/s]
 21%|██        | 30396/145449 [04:55<18:53, 101.51it/s]
 21%|██        | 30407/145449 [04:55<24:33, 78.08it/s] 
 21%|██        | 30416/145449 [04:56<27:58, 68.54it/s]
 21%|██        | 30426/145449 [04:56<25:29, 75.20it/s]
 21%|██        | 30435/145449 [04:56<26:01, 73.63it/s]
 21%|██        | 30444/145449 [04:56<24:59, 76.72it/s]
 21%|██        | 30456/145449 [04:56<21:52, 87.58it/s]
 21%|██        | 30468/145449 [04:56<20:08, 95.13it/s]
 21%|██        | 30483/145449 [04:56<17:38, 108.59it/s]
 21%|██        | 30498/145449 [04:56<16:05, 119.11it/s]
 21%|██        | 30511/145449 [04:56<15:53, 120.52it/s]
 21%|██        | 30524/145449 [04:57<17:18, 110.71it/s]
 21%|██        | 30536/145449 [04:57<19:45, 96.92it/s] 
 21%|██        | 30547/145449 [04:57<20:05, 95.31it/s]
 21%|██        | 30562/145449 [04:57<18:27, 103.75it/s]
 21%|██        | 30573/145449 [04:57<18:22, 104.19it/s]
 21%|██        | 30584/145449 [04:57<19:18, 99.11it/s] 
 21%|██        | 30595/145449 [04:57<20:17, 94.36it/s]
 21%|██        | 30607/145449 [04:57<19:14, 99.50it/s]
 21%|██        | 30623/145449 [04:58<16:55, 113.12it/s]
 21%|██        | 30635/145449 [04:58<18:15, 104.83it/s]
 21%|██        | 30646/145449 [04:58<18:10, 105.30it/s]
 21%|██        | 30657/145449 [04:58<18:31, 103.31it/s]
 21%|██        | 30668/145449 [04:58<19:27, 98.35it/s] 
 21%|██        | 30678/145449 [04:58<20:44, 92.23it/s]
 21%|██        | 30690/145449 [04:58<19:27, 98.30it/s]
 21%|██        | 30700/145449 [04:58<20:38, 92.67it/s]
 21%|██        | 30710/145449 [04:58<20:31, 93.18it/s]
 21%|██        | 30720/145449 [04:59<21:44, 87.98it/s]
 21%|██        | 30729/145449 [04:59<22:32, 84.85it/s]
 21%|██        | 30738/145449 [04:59<22:13, 86.04it/s]
 21%|██        | 30747/145449 [04:59<23:34, 81.06it/s]
 21%|██        | 30759/145449 [04:59<21:04, 90.71it/s]
 21%|██        | 30769/145449 [04:59<25:00, 76.45it/s]
 21%|██        | 30778/145449 [04:59<24:47, 77.09it/s]
 21%|██        | 30788/145449 [04:59<23:10, 82.44it/s]
 21%|██        | 30797/145449 [05:00<23:08, 82.54it/s]
 21%|██        | 30807/145449 [05:00<23:04, 82.81it/s]
 21%|██        | 30816/145449 [05:00<22:50, 83.66it/s]
 21%|██        | 30825/145449 [05:00<22:29, 84.97it/s]
 21%|██        | 30834/145449 [05:00<23:53, 79.94it/s]
 21%|██        | 30845/145449 [05:00<21:44, 87.86it/s]
 21%|██        | 30856/145449 [05:00<20:44, 92.11it/s]
 21%|██        | 30875/145449 [05:00<16:08, 118.31it/s]
 21%|██        | 30888/145449 [05:00<16:09, 118.14it/s]
 21%|██        | 30900/145449 [05:01<20:33, 92.90it/s] 
 21%|██▏       | 30911/145449 [05:01<21:14, 89.90it/s]
 21%|██▏       | 30921/145449 [05:01<22:14, 85.83it/s]
 21%|██▏       | 30939/145449 [05:01<17:33, 108.66it/s]
 21%|██▏       | 30954/145449 [05:01<16:06, 118.41it/s]
 21%|██▏       | 30967/145449 [05:01<15:52, 120.19it/s]
 21%|██▏       | 30986/145449 [05:01<14:12, 134.21it/s]
 21%|██▏       | 31000/145449 [05:01<15:30, 123.02it/s]
 21%|██▏       | 31013/145449 [05:02<16:32, 115.25it/s]
 21%|██▏       | 31033/145449 [05:02<14:03, 135.69it/s]
 21%|██▏       | 31049/145449 [05:02<13:28, 141.43it/s]
 21%|██▏       | 31064/145449 [05:02<14:15, 133.76it/s]
 21%|██▏       | 31080/145449 [05:02<14:04, 135.44it/s]
 21%|██▏       | 31094/145449 [05:02<15:24, 123.70it/s]
 21%|██▏       | 31108/145449 [05:02<15:00, 126.98it/s]
 21%|██▏       | 31121/145449 [05:02<15:51, 120.21it/s]
 21%|██▏       | 31136/145449 [05:03<14:56, 127.54it/s]
 21%|██▏       | 31149/145449 [05:03<14:58, 127.24it/s]
 21%|██▏       | 31162/145449 [05:03<17:34, 108.34it/s]
 21%|██▏       | 31174/145449 [05:03<19:11, 99.27it/s] 
 21%|██▏       | 31185/145449 [05:03<20:23, 93.40it/s]
 21%|██▏       | 31201/145449 [05:03<18:24, 103.40it/s]
 21%|██▏       | 31213/145449 [05:03<17:51, 106.62it/s]
 21%|██▏       | 31224/145449 [05:03<19:06, 99.62it/s] 
 21%|██▏       | 31236/145449 [05:04<18:14, 104.36it/s]
 21%|██▏       | 31248/145449 [05:04<18:19, 103.87it/s]
 21%|██▏       | 31259/145449 [05:04<18:47, 101.25it/s]
 22%|██▏       | 31274/145449 [05:04<16:44, 113.69it/s]
 22%|██▏       | 31289/145449 [05:04<15:22, 123.68it/s]
 22%|██▏       | 31302/145449 [05:04<17:49, 106.74it/s]
 22%|██▏       | 31314/145449 [05:04<19:50, 95.85it/s] 
 22%|██▏       | 31327/145449 [05:04<18:17, 104.00it/s]
 22%|██▏       | 31344/145449 [05:04<15:53, 119.71it/s]
 22%|██▏       | 31357/145449 [05:05<15:46, 120.49it/s]
 22%|██▏       | 31373/145449 [05:05<14:54, 127.49it/s]
 22%|██▏       | 31387/145449 [05:05<14:44, 128.93it/s]
 22%|██▏       | 31402/145449 [05:05<14:34, 130.43it/s]
 22%|██▏       | 31418/145449 [05:05<13:47, 137.87it/s]
 22%|██▏       | 31434/145449 [05:05<13:44, 138.25it/s]
 22%|██▏       | 31448/145449 [05:05<13:43, 138.42it/s]
 22%|██▏       | 31462/145449 [05:05<15:51, 119.83it/s]
 22%|██▏       | 31476/145449 [05:06<15:24, 123.22it/s]
 22%|██▏       | 31489/145449 [05:06<18:52, 100.61it/s]
 22%|██▏       | 31500/145449 [05:06<19:24, 97.83it/s] 
 22%|██▏       | 31511/145449 [05:06<18:52, 100.57it/s]
 22%|██▏       | 31523/145449 [05:06<18:08, 104.68it/s]
 22%|██▏       | 31537/145449 [05:06<17:18, 109.67it/s]
 22%|██▏       | 31549/145449 [05:06<17:53, 106.07it/s]
 22%|██▏       | 31561/145449 [05:06<17:20, 109.47it/s]
 22%|██▏       | 31573/145449 [05:07<19:26, 97.61it/s] 
 22%|██▏       | 31585/145449 [05:07<18:32, 102.36it/s]
 22%|██▏       | 31597/145449 [05:07<18:00, 105.39it/s]
 22%|██▏       | 31613/145449 [05:07<15:58, 118.73it/s]
 22%|██▏       | 31626/145449 [05:07<17:28, 108.51it/s]
 22%|██▏       | 31638/145449 [05:07<17:13, 110.17it/s]
 22%|██▏       | 31650/145449 [05:07<18:24, 103.07it/s]
 22%|██▏       | 31663/145449 [05:07<17:21, 109.27it/s]
 22%|██▏       | 31675/145449 [05:07<17:27, 108.65it/s]
 22%|██▏       | 31688/145449 [05:08<16:56, 111.91it/s]
 22%|██▏       | 31700/145449 [05:08<17:54, 105.84it/s]
 22%|██▏       | 31711/145449 [05:08<18:48, 100.82it/s]
 22%|██▏       | 31722/145449 [05:08<20:31, 92.31it/s] 
 22%|██▏       | 31734/145449 [05:08<19:29, 97.21it/s]
 22%|██▏       | 31744/145449 [05:08<22:52, 82.83it/s]
 22%|██▏       | 31754/145449 [05:08<22:15, 85.13it/s]
 22%|██▏       | 31765/145449 [05:08<20:55, 90.55it/s]
 22%|██▏       | 31775/145449 [05:09<22:45, 83.27it/s]
 22%|██▏       | 31791/145449 [05:09<18:36, 101.76it/s]
 22%|██▏       | 31803/145449 [05:09<17:59, 105.32it/s]
 22%|██▏       | 31822/145449 [05:09<15:00, 126.21it/s]
 22%|██▏       | 31836/145449 [05:09<17:24, 108.76it/s]
 22%|██▏       | 31848/145449 [05:09<17:21, 109.05it/s]
 22%|██▏       | 31860/145449 [05:09<17:04, 110.85it/s]
 22%|██▏       | 31872/145449 [05:09<18:40, 101.41it/s]
 22%|██▏       | 31884/145449 [05:10<18:11, 104.01it/s]
 22%|██▏       | 31895/145449 [05:10<19:42, 95.99it/s] 
 22%|██▏       | 31905/145449 [05:10<21:18, 88.78it/s]
 22%|██▏       | 31916/145449 [05:10<20:55, 90.40it/s]
 22%|██▏       | 31926/145449 [05:10<20:35, 91.85it/s]
 22%|██▏       | 31938/145449 [05:10<19:12, 98.51it/s]
 22%|██▏       | 31950/145449 [05:10<18:11, 103.96it/s]
 22%|██▏       | 31961/145449 [05:10<18:33, 101.94it/s]
 22%|██▏       | 31972/145449 [05:10<19:13, 98.39it/s] 
 22%|██▏       | 31982/145449 [05:11<19:29, 96.98it/s]
 22%|██▏       | 31992/145449 [05:11<19:24, 97.45it/s]
 22%|██▏       | 32005/145449 [05:11<18:01, 104.91it/s]
 22%|██▏       | 32020/145449 [05:11<16:30, 114.46it/s]
 22%|██▏       | 32033/145449 [05:11<16:28, 114.68it/s]
 22%|██▏       | 32045/145449 [05:11<21:33, 87.64it/s] 
 22%|██▏       | 32056/145449 [05:11<20:30, 92.15it/s]
 22%|██▏       | 32066/145449 [05:11<20:10, 93.63it/s]
 22%|██▏       | 32080/145449 [05:12<18:21, 102.90it/s]
 22%|██▏       | 32098/145449 [05:12<15:20, 123.11it/s]
 22%|██▏       | 32111/145449 [05:12<16:50, 112.21it/s]
 22%|██▏       | 32126/145449 [05:12<16:20, 115.58it/s]
 22%|██▏       | 32138/145449 [05:12<16:46, 112.57it/s]
 22%|██▏       | 32152/145449 [05:12<16:26, 114.80it/s]
 22%|██▏       | 32171/145449 [05:12<14:04, 134.12it/s]
 22%|██▏       | 32185/145449 [05:13<20:36, 91.61it/s] 
 22%|██▏       | 32199/145449 [05:13<19:12, 98.30it/s]
 22%|██▏       | 32211/145449 [05:13<19:11, 98.36it/s]
 22%|██▏       | 32222/145449 [05:13<20:39, 91.33it/s]
 22%|██▏       | 32234/145449 [05:13<19:51, 95.03it/s]
 22%|██▏       | 32245/145449 [05:13<19:17, 97.84it/s]
 22%|██▏       | 32256/145449 [05:13<20:39, 91.31it/s]
 22%|██▏       | 32266/145449 [05:13<22:00, 85.69it/s]
 22%|██▏       | 32279/145449 [05:13<19:34, 96.38it/s]
 22%|██▏       | 32291/145449 [05:14<18:41, 100.94it/s]
 22%|██▏       | 32302/145449 [05:14<18:17, 103.13it/s]
 22%|██▏       | 32314/145449 [05:14<18:05, 104.23it/s]
 22%|██▏       | 32325/145449 [05:14<20:51, 90.41it/s] 
 22%|██▏       | 32336/145449 [05:14<19:52, 94.89it/s]
 22%|██▏       | 32351/145449 [05:14<17:20, 108.70it/s]
 22%|██▏       | 32363/145449 [05:14<17:17, 109.04it/s]
 22%|██▏       | 32375/145449 [05:14<17:24, 108.29it/s]
 22%|██▏       | 32387/145449 [05:14<17:18, 108.83it/s]
 22%|██▏       | 32399/145449 [05:15<17:45, 106.05it/s]
 22%|██▏       | 32410/145449 [05:15<18:26, 102.12it/s]
 22%|██▏       | 32424/145449 [05:15<17:32, 107.40it/s]
 22%|██▏       | 32437/145449 [05:15<16:42, 112.75it/s]
 22%|██▏       | 32449/145449 [05:15<17:49, 105.64it/s]
 22%|██▏       | 32464/145449 [05:15<16:13, 116.08it/s]
 22%|██▏       | 32479/145449 [05:15<15:04, 124.85it/s]
 22%|██▏       | 32492/145449 [05:15<18:18, 102.85it/s]
 22%|██▏       | 32504/145449 [05:16<18:31, 101.64it/s]
 22%|██▏       | 32518/145449 [05:16<16:56, 111.11it/s]
 22%|██▏       | 32530/145449 [05:16<19:56, 94.38it/s] 
 22%|██▏       | 32541/145449 [05:16<20:34, 91.42it/s]
 22%|██▏       | 32554/145449 [05:16<19:45, 95.26it/s]
 22%|██▏       | 32566/145449 [05:16<18:47, 100.13it/s]
 22%|██▏       | 32577/145449 [05:16<18:34, 101.28it/s]
 22%|██▏       | 32588/145449 [05:17<21:17, 88.32it/s] 
 22%|██▏       | 32599/145449 [05:17<20:38, 91.12it/s]
 22%|██▏       | 32616/145449 [05:17<16:56, 110.95it/s]
 22%|██▏       | 32630/145449 [05:17<16:34, 113.44it/s]
 22%|██▏       | 32646/145449 [05:17<14:57, 125.71it/s]
 22%|██▏       | 32660/145449 [05:17<14:43, 127.69it/s]
 22%|██▏       | 32674/145449 [05:17<15:36, 120.36it/s]
 22%|██▏       | 32689/145449 [05:17<14:51, 126.55it/s]
 22%|██▏       | 32702/145449 [05:17<15:09, 123.96it/s]
 22%|██▏       | 32715/145449 [05:17<15:18, 122.75it/s]
 23%|██▎       | 32733/145449 [05:18<13:48, 136.12it/s]
 23%|██▎       | 32748/145449 [05:18<13:37, 137.84it/s]
 23%|██▎       | 32762/145449 [05:18<16:00, 117.27it/s]
 23%|██▎       | 32775/145449 [05:18<16:51, 111.40it/s]
 23%|██▎       | 32787/145449 [05:18<17:01, 110.31it/s]
 23%|██▎       | 32799/145449 [05:18<17:44, 105.85it/s]
 23%|██▎       | 32810/145449 [05:18<18:10, 103.27it/s]
 23%|██▎       | 32822/145449 [05:18<17:32, 107.00it/s]
 23%|██▎       | 32833/145449 [05:19<19:51, 94.52it/s] 
 23%|██▎       | 32847/145449 [05:19<18:07, 103.55it/s]
 23%|██▎       | 32858/145449 [05:19<18:31, 101.32it/s]
 23%|██▎       | 32870/145449 [05:19<18:15, 102.80it/s]
 23%|██▎       | 32881/145449 [05:19<18:05, 103.67it/s]
 23%|██▎       | 32895/145449 [05:19<17:00, 110.33it/s]
 23%|██▎       | 32907/145449 [05:19<16:39, 112.56it/s]
 23%|██▎       | 32922/145449 [05:19<15:25, 121.54it/s]
 23%|██▎       | 32936/145449 [05:19<15:25, 121.55it/s]
 23%|██▎       | 32951/145449 [05:20<14:58, 125.24it/s]
 23%|██▎       | 32964/145449 [05:20<15:39, 119.71it/s]
 23%|██▎       | 32977/145449 [05:20<16:36, 112.87it/s]
 23%|██▎       | 32994/145449 [05:20<14:47, 126.68it/s]
 23%|██▎       | 33008/145449 [05:20<14:44, 127.11it/s]
 23%|██▎       | 33021/145449 [05:20<15:19, 122.28it/s]
 23%|██▎       | 33034/145449 [05:20<15:21, 121.95it/s]
 23%|██▎       | 33047/145449 [05:20<16:49, 111.31it/s]
 23%|██▎       | 33060/145449 [05:21<16:15, 115.25it/s]
 23%|██▎       | 33072/145449 [05:21<17:10, 109.06it/s]
 23%|██▎       | 33084/145449 [05:21<17:47, 105.28it/s]
 23%|██▎       | 33101/145449 [05:21<15:25, 121.43it/s]
 23%|██▎       | 33114/145449 [05:21<17:37, 106.20it/s]
 23%|██▎       | 33127/145449 [05:21<17:53, 104.63it/s]
 23%|██▎       | 33140/145449 [05:21<17:12, 108.76it/s]
 23%|██▎       | 33152/145449 [05:21<18:06, 103.38it/s]
 23%|██▎       | 33163/145449 [05:22<20:25, 91.65it/s] 
 23%|██▎       | 33173/145449 [05:22<20:37, 90.74it/s]
 23%|██▎       | 33190/145449 [05:22<17:01, 109.87it/s]
 23%|██▎       | 33207/145449 [05:22<14:53, 125.57it/s]
 23%|██▎       | 33224/145449 [05:22<13:38, 137.17it/s]
 23%|██▎       | 33240/145449 [05:22<13:42, 136.49it/s]
 23%|██▎       | 33258/145449 [05:22<12:38, 147.87it/s]
 23%|██▎       | 33274/145449 [05:22<14:40, 127.38it/s]
 23%|██▎       | 33288/145449 [05:22<15:00, 124.51it/s]
 23%|██▎       | 33301/145449 [05:23<15:34, 119.96it/s]
 23%|██▎       | 33315/145449 [05:23<14:58, 124.81it/s]
 23%|██▎       | 33328/145449 [05:23<15:44, 118.72it/s]
 23%|██▎       | 33341/145449 [05:23<15:56, 117.22it/s]
 23%|██▎       | 33353/145449 [05:23<16:23, 113.93it/s]
 23%|██▎       | 33365/145449 [05:23<18:15, 102.32it/s]
 23%|██▎       | 33376/145449 [05:23<18:23, 101.56it/s]
 23%|██▎       | 33387/145449 [05:23<18:00, 103.75it/s]
 23%|██▎       | 33399/145449 [05:24<17:20, 107.74it/s]
 23%|██▎       | 33412/145449 [05:24<16:34, 112.71it/s]
 23%|██▎       | 33424/145449 [05:24<18:03, 103.43it/s]
 23%|██▎       | 33435/145449 [05:24<18:45, 99.53it/s] 
 23%|██▎       | 33446/145449 [05:24<20:33, 90.81it/s]
 23%|██▎       | 33456/145449 [05:24<20:02, 93.10it/s]
 23%|██▎       | 33468/145449 [05:24<19:38, 95.01it/s]
 23%|██▎       | 33478/145449 [05:24<19:42, 94.73it/s]
 23%|██▎       | 33488/145449 [05:24<20:04, 92.93it/s]
 23%|██▎       | 33498/145449 [05:25<22:46, 81.91it/s]
 23%|██▎       | 33507/145449 [05:25<23:13, 80.33it/s]
 23%|██▎       | 33519/145449 [05:25<21:53, 85.20it/s]
 23%|██▎       | 33534/145449 [05:25<18:34, 100.43it/s]
 23%|██▎       | 33545/145449 [05:25<23:36, 79.03it/s] 
 23%|██▎       | 33556/145449 [05:25<21:50, 85.37it/s]
 23%|██▎       | 33578/145449 [05:25<15:55, 117.10it/s]
 23%|██▎       | 33591/145449 [05:26<17:57, 103.78it/s]
 23%|██▎       | 33606/145449 [05:26<16:28, 113.11it/s]
 23%|██▎       | 33619/145449 [05:26<16:38, 111.98it/s]
 23%|██▎       | 33635/145449 [05:26<15:10, 122.81it/s]
 23%|██▎       | 33649/145449 [05:26<14:46, 126.12it/s]
 23%|██▎       | 33663/145449 [05:26<14:40, 127.03it/s]
 23%|██▎       | 33677/145449 [05:26<16:30, 112.83it/s]
 23%|██▎       | 33689/145449 [05:26<17:35, 105.92it/s]
 23%|██▎       | 33701/145449 [05:27<17:29, 106.49it/s]
 23%|██▎       | 33712/145449 [05:27<18:28, 100.82it/s]
 23%|██▎       | 33723/145449 [05:27<18:38, 99.88it/s] 
 23%|██▎       | 33738/145449 [05:27<17:03, 109.10it/s]
 23%|██▎       | 33752/145449 [05:27<16:03, 115.97it/s]
 23%|██▎       | 33764/145449 [05:27<16:01, 116.17it/s]
 23%|██▎       | 33781/145449 [05:27<14:26, 128.90it/s]
 23%|██▎       | 33797/145449 [05:27<14:03, 132.33it/s]
 23%|██▎       | 33811/145449 [05:27<15:20, 121.25it/s]
 23%|██▎       | 33828/145449 [05:28<14:05, 132.02it/s]
 23%|██▎       | 33844/145449 [05:28<13:24, 138.80it/s]
 23%|██▎       | 33859/145449 [05:28<13:52, 134.11it/s]
 23%|██▎       | 33874/145449 [05:28<14:08, 131.46it/s]
 23%|██▎       | 33892/145449 [05:28<12:52, 144.49it/s]
 23%|██▎       | 33909/145449 [05:28<12:22, 150.15it/s]
 23%|██▎       | 33925/145449 [05:28<13:28, 137.92it/s]
 23%|██▎       | 33940/145449 [05:28<15:12, 122.17it/s]
 23%|██▎       | 33953/145449 [05:28<16:05, 115.53it/s]
 23%|██▎       | 33965/145449 [05:29<16:28, 112.79it/s]
 23%|██▎       | 33977/145449 [05:29<17:01, 109.08it/s]
 23%|██▎       | 33989/145449 [05:29<18:24, 100.89it/s]
 23%|██▎       | 34005/145449 [05:29<16:18, 113.84it/s]
 23%|██▎       | 34017/145449 [05:29<17:50, 104.10it/s]
 23%|██▎       | 34028/145449 [05:29<18:57, 97.97it/s] 
 23%|██▎       | 34045/145449 [05:29<16:16, 114.06it/s]
 23%|██▎       | 34064/145449 [05:29<14:06, 131.58it/s]
 23%|██▎       | 34078/145449 [05:30<16:38, 111.50it/s]
 23%|██▎       | 34094/145449 [05:30<15:15, 121.63it/s]
 23%|██▎       | 34107/145449 [05:30<17:50, 104.04it/s]
 23%|██▎       | 34124/145449 [05:30<15:42, 118.13it/s]
 23%|██▎       | 34137/145449 [05:30<15:22, 120.69it/s]
 23%|██▎       | 34150/145449 [05:30<23:41, 78.31it/s] 
 23%|██▎       | 34161/145449 [05:31<22:25, 82.69it/s]
 23%|██▎       | 34174/145449 [05:31<20:19, 91.25it/s]
 24%|██▎       | 34186/145449 [05:31<19:33, 94.79it/s]
 24%|██▎       | 34197/145449 [05:31<25:54, 71.55it/s]
 24%|██▎       | 34211/145449 [05:31<21:53, 84.67it/s]
 24%|██▎       | 34222/145449 [05:31<20:38, 89.81it/s]
 24%|██▎       | 34233/145449 [05:31<19:57, 92.90it/s]
 24%|██▎       | 34250/145449 [05:31<16:47, 110.42it/s]
 24%|██▎       | 34262/145449 [05:32<16:46, 110.47it/s]
 24%|██▎       | 34274/145449 [05:32<17:46, 104.23it/s]
 24%|██▎       | 34285/145449 [05:32<20:50, 88.89it/s] 
 24%|██▎       | 34295/145449 [05:32<20:44, 89.35it/s]
 24%|██▎       | 34305/145449 [05:32<20:20, 91.03it/s]
 24%|██▎       | 34316/145449 [05:32<19:31, 94.83it/s]
 24%|██▎       | 34326/145449 [05:32<20:30, 90.32it/s]
 24%|██▎       | 34342/145449 [05:32<17:24, 106.34it/s]
 24%|██▎       | 34353/145449 [05:33<19:09, 96.66it/s] 
 24%|██▎       | 34366/145449 [05:33<18:14, 101.51it/s]
 24%|██▎       | 34380/145449 [05:33<16:41, 110.89it/s]
 24%|██▎       | 34394/145449 [05:33<15:45, 117.43it/s]
 24%|██▎       | 34409/145449 [05:33<15:20, 120.63it/s]
 24%|██▎       | 34422/145449 [05:33<17:35, 105.22it/s]
 24%|██▎       | 34436/145449 [05:33<16:17, 113.57it/s]
 24%|██▎       | 34448/145449 [05:33<16:52, 109.64it/s]
 24%|██▎       | 34460/145449 [05:33<17:05, 108.22it/s]
 24%|██▎       | 34472/145449 [05:34<18:17, 101.11it/s]
 24%|██▎       | 34485/145449 [05:34<17:12, 107.46it/s]
 24%|██▎       | 34496/145449 [05:34<18:16, 101.23it/s]
 24%|██▎       | 34507/145449 [05:34<20:01, 92.30it/s] 
 24%|██▎       | 34519/145449 [05:34<18:50, 98.10it/s]
 24%|██▎       | 34530/145449 [05:34<18:50, 98.07it/s]
 24%|██▎       | 34542/145449 [05:34<17:49, 103.73it/s]
 24%|██▍       | 34553/145449 [05:34<19:16, 95.89it/s] 
 24%|██▍       | 34565/145449 [05:35<18:32, 99.65it/s]
 24%|██▍       | 34581/145449 [05:35<16:28, 112.18it/s]
 24%|██▍       | 34593/145449 [05:35<16:46, 110.12it/s]
 24%|██▍       | 34607/145449 [05:35<15:57, 115.71it/s]
 24%|██▍       | 34619/145449 [05:35<16:43, 110.50it/s]
 24%|██▍       | 34631/145449 [05:35<18:04, 102.23it/s]
 24%|██▍       | 34642/145449 [05:35<20:23, 90.58it/s] 
 24%|██▍       | 34652/145449 [05:36<24:50, 74.32it/s]
 24%|██▍       | 34662/145449 [05:36<23:19, 79.18it/s]
 24%|██▍       | 34672/145449 [05:36<22:58, 80.33it/s]
 24%|██▍       | 34682/145449 [05:36<21:50, 84.50it/s]
 24%|██▍       | 34695/145449 [05:36<19:20, 95.44it/s]
 24%|██▍       | 34706/145449 [05:36<18:55, 97.56it/s]
 24%|██▍       | 34717/145449 [05:36<20:17, 90.95it/s]
 24%|██▍       | 34727/145449 [05:36<20:56, 88.09it/s]
 24%|██▍       | 34739/145449 [05:36<20:01, 92.11it/s]
 24%|██▍       | 34749/145449 [05:37<23:40, 77.93it/s]
 24%|██▍       | 34759/145449 [05:37<22:29, 81.99it/s]
 24%|██▍       | 34768/145449 [05:37<22:19, 82.61it/s]
 24%|██▍       | 34780/145449 [05:37<20:25, 90.32it/s]
 24%|██▍       | 34790/145449 [05:37<21:08, 87.27it/s]
 24%|██▍       | 34800/145449 [05:37<20:50, 88.46it/s]
 24%|██▍       | 34809/145449 [05:37<20:57, 88.00it/s]
 24%|██▍       | 34823/145449 [05:37<18:16, 100.91it/s]
 24%|██▍       | 34834/145449 [05:38<19:00, 97.01it/s] 
 24%|██▍       | 34849/145449 [05:38<17:03, 108.04it/s]
 24%|██▍       | 34864/145449 [05:38<15:32, 118.53it/s]
 24%|██▍       | 34877/145449 [05:38<18:25, 99.97it/s] 
 24%|██▍       | 34888/145449 [05:38<18:35, 99.08it/s]
 24%|██▍       | 34899/145449 [05:38<18:43, 98.35it/s]
 24%|██▍       | 34910/145449 [05:38<20:14, 91.01it/s]
 24%|██▍       | 34923/145449 [05:38<18:25, 100.01it/s]
 24%|██▍       | 34939/145449 [05:38<15:56, 115.58it/s]
 24%|██▍       | 34955/145449 [05:39<14:27, 127.38it/s]
 24%|██▍       | 34969/145449 [05:39<18:08, 101.53it/s]
 24%|██▍       | 34982/145449 [05:39<17:25, 105.66it/s]
 24%|██▍       | 34997/145449 [05:39<16:23, 112.28it/s]
 24%|██▍       | 35009/145449 [05:39<16:20, 112.69it/s]
 24%|██▍       | 35021/145449 [05:39<17:32, 104.94it/s]
 24%|██▍       | 35032/145449 [05:39<17:51, 103.08it/s]
 24%|██▍       | 35047/145449 [05:39<16:37, 110.65it/s]
 24%|██▍       | 35061/145449 [05:40<15:42, 117.14it/s]
 24%|██▍       | 35073/145449 [05:40<15:51, 115.96it/s]
 24%|██▍       | 35087/145449 [05:40<15:13, 120.76it/s]
 24%|██▍       | 35100/145449 [05:40<15:49, 116.18it/s]
 24%|██▍       | 35113/145449 [05:40<15:23, 119.48it/s]
 24%|██▍       | 35126/145449 [05:40<18:29, 99.43it/s] 
 24%|██▍       | 35137/145449 [05:40<19:38, 93.64it/s]
 24%|██▍       | 35149/145449 [05:40<18:33, 99.08it/s]
 24%|██▍       | 35160/145449 [05:41<18:10, 101.12it/s]
 24%|██▍       | 35171/145449 [05:41<18:39, 98.54it/s] 
 24%|██▍       | 35182/145449 [05:41<23:04, 79.62it/s]
 24%|██▍       | 35191/145449 [05:41<23:27, 78.34it/s]
 24%|██▍       | 35200/145449 [05:41<22:54, 80.24it/s]
 24%|██▍       | 35212/145449 [05:41<20:34, 89.30it/s]
 24%|██▍       | 35222/145449 [05:41<21:17, 86.28it/s]
 24%|██▍       | 35231/145449 [05:41<21:17, 86.25it/s]
 24%|██▍       | 35240/145449 [05:42<21:07, 86.93it/s]
 24%|██▍       | 35249/145449 [05:42<21:47, 84.29it/s]
 24%|██▍       | 35258/145449 [05:42<22:36, 81.23it/s]
 24%|██▍       | 35270/145449 [05:42<20:08, 91.17it/s]
 24%|██▍       | 35282/145449 [05:42<18:34, 98.87it/s]
 24%|██▍       | 35293/145449 [05:42<19:03, 96.35it/s]
 24%|██▍       | 35303/145449 [05:42<20:09, 91.08it/s]
 24%|██▍       | 35313/145449 [05:42<20:14, 90.68it/s]
 24%|██▍       | 35323/145449 [05:42<20:09, 91.05it/s]
 24%|██▍       | 35338/145449 [05:43<17:42, 103.64it/s]
 24%|██▍       | 35349/145449 [05:43<17:50, 102.86it/s]
 24%|██▍       | 35360/145449 [05:43<17:30, 104.84it/s]
 24%|██▍       | 35371/145449 [05:43<20:23, 89.98it/s] 
 24%|██▍       | 35381/145449 [05:43<20:35, 89.07it/s]
 24%|██▍       | 35391/145449 [05:43<20:40, 88.69it/s]
 24%|██▍       | 35405/145449 [05:43<18:13, 100.67it/s]
 24%|██▍       | 35417/145449 [05:43<17:35, 104.24it/s]
 24%|██▍       | 35428/145449 [05:43<18:05, 101.39it/s]
 24%|██▍       | 35439/145449 [05:44<19:13, 95.34it/s] 
 24%|██▍       | 35449/145449 [05:44<21:30, 85.25it/s]
 24%|██▍       | 35458/145449 [05:44<22:31, 81.36it/s]
 24%|██▍       | 35468/145449 [05:44<21:28, 85.38it/s]
 24%|██▍       | 35479/145449 [05:44<20:01, 91.50it/s]
 24%|██▍       | 35489/145449 [05:44<24:36, 74.47it/s]
 24%|██▍       | 35504/145449 [05:44<20:01, 91.52it/s]
 24%|██▍       | 35516/145449 [05:45<19:30, 93.95it/s]
 24%|██▍       | 35527/145449 [05:45<19:49, 92.38it/s]
 24%|██▍       | 35542/145449 [05:45<17:33, 104.29it/s]
 24%|██▍       | 35553/145449 [05:45<17:57, 101.99it/s]
 24%|██▍       | 35569/145449 [05:45<15:46, 116.14it/s]
 24%|██▍       | 35583/145449 [05:45<15:02, 121.73it/s]
 24%|██▍       | 35596/145449 [05:45<15:16, 119.81it/s]
 24%|██▍       | 35609/145449 [05:45<15:46, 116.02it/s]
 24%|██▍       | 35621/145449 [05:45<17:21, 105.44it/s]
 24%|██▍       | 35633/145449 [05:46<16:55, 108.19it/s]
 25%|██▍       | 35645/145449 [05:46<16:58, 107.84it/s]
 25%|██▍       | 35657/145449 [05:46<16:29, 110.92it/s]
 25%|██▍       | 35669/145449 [05:46<17:28, 104.74it/s]
 25%|██▍       | 35680/145449 [05:46<18:01, 101.47it/s]
 25%|██▍       | 35691/145449 [05:46<21:13, 86.17it/s] 
 25%|██▍       | 35701/145449 [05:46<22:03, 82.89it/s]
 25%|██▍       | 35710/145449 [05:46<24:06, 75.85it/s]
 25%|██▍       | 35718/145449 [05:47<24:34, 74.40it/s]
 25%|██▍       | 35726/145449 [05:47<24:16, 75.32it/s]
 25%|██▍       | 35735/145449 [05:47<23:14, 78.69it/s]
 25%|██▍       | 35745/145449 [05:47<21:45, 84.01it/s]
 25%|██▍       | 35754/145449 [05:47<21:57, 83.29it/s]
 25%|██▍       | 35764/145449 [05:47<20:53, 87.51it/s]
 25%|██▍       | 35773/145449 [05:47<21:16, 85.94it/s]
 25%|██▍       | 35787/145449 [05:47<18:07, 100.88it/s]
 25%|██▍       | 35800/145449 [05:47<16:56, 107.85it/s]
 25%|██▍       | 35811/145449 [05:48<17:12, 106.16it/s]
 25%|██▍       | 35822/145449 [05:48<17:28, 104.52it/s]
 25%|██▍       | 35833/145449 [05:48<17:42, 103.17it/s]
 25%|██▍       | 35844/145449 [05:48<17:23, 105.05it/s]
 25%|██▍       | 35856/145449 [05:48<16:44, 109.09it/s]
 25%|██▍       | 35870/145449 [05:48<15:32, 117.54it/s]
 25%|██▍       | 35882/145449 [05:48<17:11, 106.21it/s]
 25%|██▍       | 35893/145449 [05:48<18:05, 100.89it/s]
 25%|██▍       | 35904/145449 [05:48<19:34, 93.27it/s] 
 25%|██▍       | 35918/145449 [05:49<17:27, 104.59it/s]
 25%|██▍       | 35936/145449 [05:49<15:22, 118.72it/s]
 25%|██▍       | 35949/145449 [05:49<16:24, 111.22it/s]
 25%|██▍       | 35961/145449 [05:49<17:51, 102.15it/s]
 25%|██▍       | 35972/145449 [05:49<17:48, 102.44it/s]
 25%|██▍       | 35983/145449 [05:49<18:10, 100.42it/s]
 25%|██▍       | 35995/145449 [05:49<17:54, 101.86it/s]
 25%|██▍       | 36008/145449 [05:49<16:49, 108.46it/s]
 25%|██▍       | 36021/145449 [05:49<16:29, 110.60it/s]
 25%|██▍       | 36033/145449 [05:50<16:52, 108.11it/s]
 25%|██▍       | 36044/145449 [05:50<18:56, 96.28it/s] 
 25%|██▍       | 36057/145449 [05:50<17:51, 102.06it/s]
 25%|██▍       | 36068/145449 [05:50<19:01, 95.79it/s] 
 25%|██▍       | 36079/145449 [05:50<18:38, 97.75it/s]
 25%|██▍       | 36089/145449 [05:50<18:45, 97.15it/s]
 25%|██▍       | 36099/145449 [05:50<24:27, 74.54it/s]
 25%|██▍       | 36108/145449 [05:51<26:10, 69.63it/s]
 25%|██▍       | 36116/145449 [05:51<28:32, 63.85it/s]
 25%|██▍       | 36123/145449 [05:51<32:15, 56.48it/s]
 25%|██▍       | 36133/145449 [05:51<27:42, 65.75it/s]
 25%|██▍       | 36148/145449 [05:51<21:22, 85.24it/s]
 25%|██▍       | 36160/145449 [05:51<19:47, 92.00it/s]
 25%|██▍       | 36172/145449 [05:51<18:31, 98.34it/s]
 25%|██▍       | 36186/145449 [05:51<17:03, 106.79it/s]
 25%|██▍       | 36204/145449 [05:52<14:24, 126.38it/s]
 25%|██▍       | 36218/145449 [05:52<15:27, 117.75it/s]
 25%|██▍       | 36233/145449 [05:52<14:41, 123.91it/s]
 25%|██▍       | 36249/145449 [05:52<13:48, 131.82it/s]
 25%|██▍       | 36263/145449 [05:52<13:50, 131.43it/s]
 25%|██▍       | 36282/145449 [05:52<12:42, 143.26it/s]
 25%|██▍       | 36298/145449 [05:52<12:25, 146.39it/s]
 25%|██▍       | 36313/145449 [05:52<12:44, 142.76it/s]
 25%|██▍       | 36328/145449 [05:52<12:33, 144.76it/s]
 25%|██▍       | 36350/145449 [05:53<11:12, 162.31it/s]
 25%|██▌       | 36367/145449 [05:53<12:20, 147.30it/s]
 25%|██▌       | 36383/145449 [05:53<12:08, 149.79it/s]
 25%|██▌       | 36400/145449 [05:53<11:53, 152.92it/s]
 25%|██▌       | 36416/145449 [05:53<12:01, 151.19it/s]
 25%|██▌       | 36432/145449 [05:53<14:50, 122.48it/s]
 25%|██▌       | 36446/145449 [05:53<15:25, 117.72it/s]
 25%|██▌       | 36459/145449 [05:53<15:16, 118.97it/s]
 25%|██▌       | 36472/145449 [05:54<16:09, 112.46it/s]
 25%|██▌       | 36484/145449 [05:54<16:40, 108.87it/s]
 25%|██▌       | 36496/145449 [05:54<17:20, 104.69it/s]
 25%|██▌       | 36507/145449 [05:54<18:22, 98.85it/s] 
 25%|██▌       | 36523/145449 [05:54<16:36, 109.34it/s]
 25%|██▌       | 36535/145449 [05:54<17:02, 106.54it/s]
 25%|██▌       | 36546/145449 [05:54<18:45, 96.74it/s] 
 25%|██▌       | 36556/145449 [05:54<21:17, 85.24it/s]
 25%|██▌       | 36571/145449 [05:55<18:10, 99.88it/s]
 25%|██▌       | 36584/145449 [05:55<16:53, 107.39it/s]
 25%|██▌       | 36600/145449 [05:55<15:04, 120.33it/s]
 25%|██▌       | 36613/145449 [05:55<16:23, 110.70it/s]
 25%|██▌       | 36625/145449 [05:55<16:26, 110.30it/s]
 25%|██▌       | 36637/145449 [05:55<16:41, 108.64it/s]
 25%|██▌       | 36650/145449 [05:55<16:34, 109.43it/s]
 25%|██▌       | 36662/145449 [05:55<16:34, 109.34it/s]
 25%|██▌       | 36674/145449 [05:55<16:42, 108.53it/s]
 25%|██▌       | 36685/145449 [05:56<17:04, 106.15it/s]
 25%|██▌       | 36699/145449 [05:56<15:43, 115.25it/s]
 25%|██▌       | 36711/145449 [05:56<16:00, 113.26it/s]
 25%|██▌       | 36724/145449 [05:56<15:22, 117.89it/s]
 25%|██▌       | 36736/145449 [05:56<15:21, 118.02it/s]
 25%|██▌       | 36749/145449 [05:56<15:21, 118.02it/s]
 25%|██▌       | 36764/145449 [05:56<14:25, 125.61it/s]
 25%|██▌       | 36778/145449 [05:56<14:00, 129.27it/s]
 25%|██▌       | 36791/145449 [05:56<17:10, 105.39it/s]
 25%|██▌       | 36812/145449 [05:57<14:12, 127.41it/s]
 25%|██▌       | 36828/145449 [05:57<13:25, 134.85it/s]
 25%|██▌       | 36843/145449 [05:57<14:53, 121.49it/s]
 25%|██▌       | 36858/145449 [05:57<14:05, 128.38it/s]
 25%|██▌       | 36875/145449 [05:57<13:18, 136.00it/s]
 25%|██▌       | 36890/145449 [05:57<13:22, 135.25it/s]
 25%|██▌       | 36904/145449 [05:57<13:25, 134.68it/s]
 25%|██▌       | 36918/145449 [05:57<13:27, 134.36it/s]
 25%|██▌       | 36932/145449 [05:57<13:32, 133.50it/s]
 25%|██▌       | 36946/145449 [05:58<13:43, 131.74it/s]
 25%|██▌       | 36960/145449 [05:58<21:02, 85.90it/s] 
 25%|██▌       | 36971/145449 [05:58<20:58, 86.23it/s]
 25%|██▌       | 36982/145449 [05:58<19:47, 91.30it/s]
 25%|██▌       | 36993/145449 [05:58<20:21, 88.79it/s]
 25%|██▌       | 37009/145449 [05:58<17:18, 104.46it/s]
 25%|██▌       | 37021/145449 [05:59<19:49, 91.18it/s] 
 25%|██▌       | 37032/145449 [05:59<21:24, 84.40it/s]
 25%|██▌       | 37042/145449 [05:59<21:41, 83.27it/s]
 25%|██▌       | 37051/145449 [05:59<23:40, 76.31it/s]
 25%|██▌       | 37061/145449 [05:59<22:54, 78.83it/s]
 25%|██▌       | 37072/145449 [05:59<21:11, 85.27it/s]
 25%|██▌       | 37088/145449 [05:59<17:21, 104.07it/s]
 26%|██▌       | 37100/145449 [05:59<16:42, 108.09it/s]
 26%|██▌       | 37112/145449 [06:00<17:45, 101.64it/s]
 26%|██▌       | 37123/145449 [06:00<18:47, 96.12it/s] 
 26%|██▌       | 37133/145449 [06:00<19:45, 91.37it/s]
 26%|██▌       | 37145/145449 [06:00<18:50, 95.80it/s]
 26%|██▌       | 37156/145449 [06:00<18:08, 99.48it/s]
 26%|██▌       | 37167/145449 [06:00<18:57, 95.23it/s]
 26%|██▌       | 37177/145449 [06:00<19:37, 91.98it/s]
 26%|██▌       | 37199/145449 [06:00<14:20, 125.83it/s]
 26%|██▌       | 37218/145449 [06:00<12:46, 141.22it/s]
 26%|██▌       | 37233/145449 [06:01<12:39, 142.44it/s]
 26%|██▌       | 37248/145449 [06:01<14:01, 128.61it/s]
 26%|██▌       | 37263/145449 [06:01<13:31, 133.36it/s]
 26%|██▌       | 37277/145449 [06:01<14:03, 128.27it/s]
 26%|██▌       | 37291/145449 [06:01<14:36, 123.44it/s]
 26%|██▌       | 37304/145449 [06:01<14:29, 124.41it/s]
 26%|██▌       | 37317/145449 [06:01<16:00, 112.62it/s]
 26%|██▌       | 37329/145449 [06:01<16:28, 109.35it/s]
 26%|██▌       | 37346/145449 [06:02<14:27, 124.55it/s]
 26%|██▌       | 37359/145449 [06:02<18:18, 98.37it/s] 
 26%|██▌       | 37370/145449 [06:02<19:00, 94.77it/s]
 26%|██▌       | 37381/145449 [06:02<19:02, 94.60it/s]
 26%|██▌       | 37391/145449 [06:02<20:53, 86.18it/s]
 26%|██▌       | 37401/145449 [06:02<20:54, 86.11it/s]
 26%|██▌       | 37413/145449 [06:02<19:07, 94.16it/s]
 26%|██▌       | 37423/145449 [06:02<19:17, 93.32it/s]
 26%|██▌       | 37436/145449 [06:03<17:33, 102.57it/s]
 26%|██▌       | 37449/145449 [06:03<16:33, 108.74it/s]
 26%|██▌       | 37461/145449 [06:03<16:08, 111.55it/s]
 26%|██▌       | 37473/145449 [06:03<16:36, 108.36it/s]
 26%|██▌       | 37489/145449 [06:03<14:40, 122.58it/s]
 26%|██▌       | 37504/145449 [06:03<13:57, 128.91it/s]
 26%|██▌       | 37518/145449 [06:03<16:23, 109.79it/s]
 26%|██▌       | 37530/145449 [06:03<17:16, 104.07it/s]
 26%|██▌       | 37541/145449 [06:03<17:21, 103.60it/s]
 26%|██▌       | 37552/145449 [06:04<21:13, 84.70it/s] 
 26%|██▌       | 37570/145449 [06:04<17:09, 104.83it/s]
 26%|██▌       | 37584/145449 [06:04<15:55, 112.84it/s]
 26%|██▌       | 37597/145449 [06:04<15:44, 114.14it/s]
 26%|██▌       | 37611/145449 [06:04<14:58, 119.98it/s]
 26%|██▌       | 37624/145449 [06:04<15:25, 116.49it/s]
 26%|██▌       | 37636/145449 [06:04<16:37, 108.04it/s]
 26%|██▌       | 37648/145449 [06:04<17:15, 104.09it/s]
 26%|██▌       | 37663/145449 [06:05<15:54, 112.96it/s]
 26%|██▌       | 37677/145449 [06:05<15:17, 117.51it/s]
 26%|██▌       | 37695/145449 [06:05<13:46, 130.30it/s]
 26%|██▌       | 37713/145449 [06:05<12:31, 143.36it/s]
 26%|██▌       | 37728/145449 [06:05<15:37, 114.86it/s]
 26%|██▌       | 37741/145449 [06:05<16:19, 109.95it/s]
 26%|██▌       | 37753/145449 [06:05<16:15, 110.42it/s]
 26%|██▌       | 37767/145449 [06:05<15:13, 117.86it/s]
 26%|██▌       | 37780/145449 [06:06<15:41, 114.30it/s]
 26%|██▌       | 37792/145449 [06:06<17:18, 103.65it/s]
 26%|██▌       | 37810/145449 [06:06<14:39, 122.35it/s]
 26%|██▌       | 37823/145449 [06:06<14:40, 122.25it/s]
 26%|██▌       | 37836/145449 [06:06<17:27, 102.78it/s]
 26%|██▌       | 37848/145449 [06:06<20:27, 87.63it/s] 
 26%|██▌       | 37858/145449 [06:06<19:57, 89.86it/s]
 26%|██▌       | 37868/145449 [06:07<20:49, 86.07it/s]
 26%|██▌       | 37879/145449 [06:07<19:37, 91.39it/s]
 26%|██▌       | 37889/145449 [06:07<20:34, 87.11it/s]
 26%|██▌       | 37899/145449 [06:07<20:03, 89.37it/s]
 26%|██▌       | 37909/145449 [06:07<19:54, 90.05it/s]
 26%|██▌       | 37919/145449 [06:07<21:16, 84.26it/s]
 26%|██▌       | 37930/145449 [06:07<19:56, 89.89it/s]
 26%|██▌       | 37940/145449 [06:07<22:13, 80.63it/s]
 26%|██▌       | 37949/145449 [06:08<25:44, 69.62it/s]
 26%|██▌       | 37957/145449 [06:08<25:37, 69.91it/s]
 26%|██▌       | 37966/145449 [06:08<24:48, 72.21it/s]
 26%|██▌       | 37974/145449 [06:08<24:14, 73.91it/s]
 26%|██▌       | 37983/145449 [06:08<23:07, 77.44it/s]
 26%|██▌       | 37993/145449 [06:08<22:49, 78.49it/s]
 26%|██▌       | 38001/145449 [06:08<23:46, 75.33it/s]
 26%|██▌       | 38009/145449 [06:08<24:22, 73.47it/s]
 26%|██▌       | 38018/145449 [06:08<23:07, 77.45it/s]
 26%|██▌       | 38028/145449 [06:09<22:06, 81.01it/s]
 26%|██▌       | 38037/145449 [06:09<23:33, 75.98it/s]
 26%|██▌       | 38045/145449 [06:09<24:59, 71.61it/s]
 26%|██▌       | 38056/145449 [06:09<22:00, 81.33it/s]
 26%|██▌       | 38065/145449 [06:09<21:39, 82.64it/s]
 26%|██▌       | 38076/145449 [06:09<20:15, 88.36it/s]
 26%|██▌       | 38088/145449 [06:09<18:25, 97.11it/s]
 26%|██▌       | 38100/145449 [06:09<17:48, 100.46it/s]
 26%|██▌       | 38113/145449 [06:09<16:27, 108.67it/s]
 26%|██▌       | 38127/145449 [06:10<15:17, 116.94it/s]
 26%|██▌       | 38139/145449 [06:10<17:23, 102.87it/s]
 26%|██▌       | 38150/145449 [06:10<18:37, 95.99it/s] 
 26%|██▌       | 38160/145449 [06:10<19:03, 93.83it/s]
 26%|██▌       | 38170/145449 [06:10<19:03, 93.85it/s]
 26%|██▌       | 38180/145449 [06:10<20:47, 85.98it/s]
 26%|██▋       | 38189/145449 [06:10<22:54, 78.03it/s]
 26%|██▋       | 38202/145449 [06:10<19:53, 89.85it/s]
 26%|██▋       | 38213/145449 [06:11<19:29, 91.69it/s]
 26%|██▋       | 38223/145449 [06:11<19:33, 91.37it/s]
 26%|██▋       | 38233/145449 [06:11<19:41, 90.76it/s]
 26%|██▋       | 38248/145449 [06:11<17:33, 101.78it/s]
 26%|██▋       | 38260/145449 [06:11<16:45, 106.56it/s]
 26%|██▋       | 38271/145449 [06:11<16:54, 105.67it/s]
 26%|██▋       | 38282/145449 [06:11<18:50, 94.82it/s] 
 26%|██▋       | 38292/145449 [06:11<19:46, 90.28it/s]
 26%|██▋       | 38306/145449 [06:11<17:33, 101.71it/s]
 26%|██▋       | 38317/145449 [06:12<19:23, 92.08it/s] 
 26%|██▋       | 38327/145449 [06:12<19:17, 92.51it/s]
 26%|██▋       | 38341/145449 [06:12<17:18, 103.12it/s]
 26%|██▋       | 38352/145449 [06:12<20:11, 88.41it/s] 
 26%|██▋       | 38362/145449 [06:12<19:55, 89.55it/s]
 26%|██▋       | 38372/145449 [06:12<19:34, 91.20it/s]
 26%|██▋       | 38383/145449 [06:12<18:56, 94.23it/s]
 26%|██▋       | 38393/145449 [06:12<20:03, 88.97it/s]
 26%|██▋       | 38404/145449 [06:13<19:46, 90.22it/s]
 26%|██▋       | 38414/145449 [06:13<20:30, 87.02it/s]
 26%|██▋       | 38423/145449 [06:13<20:38, 86.39it/s]
 26%|██▋       | 38433/145449 [06:13<19:51, 89.82it/s]
 26%|██▋       | 38444/145449 [06:13<18:48, 94.82it/s]
 26%|██▋       | 38456/145449 [06:13<17:49, 100.05it/s]
 26%|██▋       | 38468/145449 [06:13<17:06, 104.23it/s]
 26%|██▋       | 38479/145449 [06:13<16:57, 105.13it/s]
 26%|██▋       | 38490/145449 [06:13<19:06, 93.32it/s] 
 26%|██▋       | 38500/145449 [06:14<19:39, 90.67it/s]
 26%|██▋       | 38514/145449 [06:14<17:29, 101.93it/s]
 26%|██▋       | 38525/145449 [06:14<17:34, 101.43it/s]
 26%|██▋       | 38536/145449 [06:14<17:11, 103.63it/s]
 27%|██▋       | 38547/145449 [06:14<18:55, 94.15it/s] 
 27%|██▋       | 38561/145449 [06:14<17:12, 103.51it/s]
 27%|██▋       | 38572/145449 [06:14<18:02, 98.76it/s] 
 27%|██▋       | 38587/145449 [06:14<16:03, 110.86it/s]
 27%|██▋       | 38599/145449 [06:15<19:36, 90.83it/s] 
 27%|██▋       | 38610/145449 [06:15<19:21, 91.97it/s]
 27%|██▋       | 38621/145449 [06:15<19:24, 91.75it/s]
 27%|██▋       | 38632/145449 [06:15<18:32, 96.05it/s]
 27%|██▋       | 38643/145449 [06:15<18:24, 96.71it/s]
 27%|██▋       | 38653/145449 [06:15<21:06, 84.32it/s]
 27%|██▋       | 38664/145449 [06:15<20:47, 85.62it/s]
 27%|██▋       | 38673/145449 [06:15<23:54, 74.44it/s]
 27%|██▋       | 38684/145449 [06:16<22:16, 79.86it/s]
 27%|██▋       | 38694/145449 [06:16<21:12, 83.90it/s]
 27%|██▋       | 38708/145449 [06:16<18:10, 97.93it/s]
 27%|██▋       | 38722/145449 [06:16<17:27, 101.86it/s]
 27%|██▋       | 38733/145449 [06:16<18:03, 98.48it/s] 
 27%|██▋       | 38744/145449 [06:16<18:09, 97.95it/s]
 27%|██▋       | 38757/145449 [06:16<17:01, 104.44it/s]
 27%|██▋       | 38770/145449 [06:16<16:08, 110.10it/s]
 27%|██▋       | 38782/145449 [06:16<16:04, 110.65it/s]
 27%|██▋       | 38794/145449 [06:17<17:19, 102.64it/s]
 27%|██▋       | 38807/145449 [06:17<16:20, 108.76it/s]
 27%|██▋       | 38823/145449 [06:17<14:42, 120.76it/s]
 27%|██▋       | 38840/145449 [06:17<13:43, 129.50it/s]
 27%|██▋       | 38855/145449 [06:17<13:12, 134.45it/s]
 27%|██▋       | 38874/145449 [06:17<11:56, 148.73it/s]
 27%|██▋       | 38890/145449 [06:17<12:04, 147.08it/s]
 27%|██▋       | 38905/145449 [06:17<12:11, 145.69it/s]
 27%|██▋       | 38920/145449 [06:17<12:33, 141.44it/s]
 27%|██▋       | 38935/145449 [06:18<13:03, 135.91it/s]
 27%|██▋       | 38949/145449 [06:18<13:13, 134.27it/s]
 27%|██▋       | 38963/145449 [06:18<14:34, 121.71it/s]
 27%|██▋       | 38976/145449 [06:18<15:33, 114.04it/s]
 27%|██▋       | 38988/145449 [06:18<17:45, 99.91it/s] 
 27%|██▋       | 38999/145449 [06:18<17:34, 100.95it/s]
 27%|██▋       | 39010/145449 [06:18<17:32, 101.11it/s]
 27%|██▋       | 39021/145449 [06:18<17:34, 100.93it/s]
 27%|██▋       | 39032/145449 [06:19<17:24, 101.93it/s]
 27%|██▋       | 39043/145449 [06:19<21:10, 83.75it/s] 
 27%|██▋       | 39055/145449 [06:19<19:28, 91.03it/s]
 27%|██▋       | 39065/145449 [06:19<19:12, 92.31it/s]
 27%|██▋       | 39075/145449 [06:19<18:53, 93.85it/s]
 27%|██▋       | 39085/145449 [06:19<19:11, 92.38it/s]
 27%|██▋       | 39102/145449 [06:19<16:42, 106.10it/s]
 27%|██▋       | 39113/145449 [06:19<18:14, 97.13it/s] 
 27%|██▋       | 39123/145449 [06:20<18:44, 94.55it/s]
 27%|██▋       | 39133/145449 [06:20<18:50, 94.02it/s]
 27%|██▋       | 39144/145449 [06:20<19:03, 92.99it/s]
 27%|██▋       | 39156/145449 [06:20<17:45, 99.79it/s]
 27%|██▋       | 39167/145449 [06:20<19:20, 91.57it/s]
 27%|██▋       | 39179/145449 [06:20<17:56, 98.71it/s]
 27%|██▋       | 39190/145449 [06:20<18:05, 97.91it/s]
 27%|██▋       | 39200/145449 [06:20<18:10, 97.39it/s]
 27%|██▋       | 39212/145449 [06:20<18:03, 98.05it/s]
 27%|██▋       | 39226/145449 [06:21<16:26, 107.71it/s]
 27%|██▋       | 39237/145449 [06:21<17:26, 101.46it/s]
 27%|██▋       | 39248/145449 [06:21<19:29, 90.84it/s] 
 27%|██▋       | 39258/145449 [06:21<19:27, 90.99it/s]
 27%|██▋       | 39268/145449 [06:21<19:26, 91.06it/s]
 27%|██▋       | 39278/145449 [06:21<19:30, 90.73it/s]
 27%|██▋       | 39291/145449 [06:21<17:47, 99.49it/s]
 27%|██▋       | 39306/145449 [06:21<16:13, 109.06it/s]
 27%|██▋       | 39317/145449 [06:21<16:24, 107.75it/s]
 27%|██▋       | 39328/145449 [06:22<18:17, 96.67it/s] 
 27%|██▋       | 39344/145449 [06:22<16:46, 105.43it/s]
 27%|██▋       | 39355/145449 [06:22<17:16, 102.36it/s]
 27%|██▋       | 39368/145449 [06:22<16:09, 109.36it/s]
 27%|██▋       | 39380/145449 [06:22<17:58, 98.34it/s] 
 27%|██▋       | 39391/145449 [06:22<17:32, 100.77it/s]
 27%|██▋       | 39402/145449 [06:22<19:32, 90.42it/s] 
 27%|██▋       | 39412/145449 [06:23<20:38, 85.60it/s]
 27%|██▋       | 39421/145449 [06:23<20:35, 85.82it/s]
 27%|██▋       | 39441/145449 [06:23<15:42, 112.46it/s]
 27%|██▋       | 39453/145449 [06:23<16:08, 109.48it/s]
 27%|██▋       | 39468/145449 [06:23<15:06, 116.92it/s]
 27%|██▋       | 39486/145449 [06:23<13:22, 131.96it/s]
 27%|██▋       | 39500/145449 [06:23<15:33, 113.55it/s]
 27%|██▋       | 39512/145449 [06:23<16:17, 108.40it/s]
 27%|██▋       | 39524/145449 [06:23<16:23, 107.70it/s]
 27%|██▋       | 39536/145449 [06:24<17:18, 101.97it/s]
 27%|██▋       | 39549/145449 [06:24<16:16, 108.40it/s]
 27%|██▋       | 39563/145449 [06:24<15:16, 115.48it/s]
 27%|██▋       | 39575/145449 [06:24<15:46, 111.84it/s]
 27%|██▋       | 39587/145449 [06:24<17:36, 100.23it/s]
 27%|██▋       | 39598/145449 [06:24<19:31, 90.36it/s] 
 27%|██▋       | 39608/145449 [06:24<20:02, 88.00it/s]
 27%|██▋       | 39618/145449 [06:24<19:51, 88.85it/s]
 27%|██▋       | 39632/145449 [06:25<17:39, 99.90it/s]
 27%|██▋       | 39645/145449 [06:25<16:23, 107.61it/s]
 27%|██▋       | 39661/145449 [06:25<14:42, 119.84it/s]
 27%|██▋       | 39674/145449 [06:25<15:22, 114.60it/s]
 27%|██▋       | 39686/145449 [06:25<16:02, 109.89it/s]
 27%|██▋       | 39702/145449 [06:25<14:31, 121.36it/s]
 27%|██▋       | 39719/145449 [06:25<13:12, 133.35it/s]
 27%|██▋       | 39737/145449 [06:25<12:13, 144.02it/s]
 27%|██▋       | 39755/145449 [06:25<11:43, 150.21it/s]
 27%|██▋       | 39771/145449 [06:26<11:56, 147.42it/s]
 27%|██▋       | 39786/145449 [06:26<14:25, 122.10it/s]
 27%|██▋       | 39799/145449 [06:26<17:22, 101.31it/s]
 27%|██▋       | 39818/145449 [06:26<14:47, 119.00it/s]
 27%|██▋       | 39832/145449 [06:26<14:35, 120.57it/s]
 27%|██▋       | 39845/145449 [06:26<14:26, 121.94it/s]
 27%|██▋       | 39858/145449 [06:26<15:02, 117.04it/s]
 27%|██▋       | 39871/145449 [06:27<15:37, 112.68it/s]
 27%|██▋       | 39883/145449 [06:27<17:04, 103.03it/s]
 27%|██▋       | 39895/145449 [06:27<17:55, 98.14it/s] 
 27%|██▋       | 39906/145449 [06:27<17:42, 99.32it/s]
 27%|██▋       | 39917/145449 [06:27<18:28, 95.19it/s]
 27%|██▋       | 39933/145449 [06:27<15:46, 111.43it/s]
 27%|██▋       | 39945/145449 [06:27<19:54, 88.30it/s] 
 27%|██▋       | 39955/145449 [06:27<20:29, 85.83it/s]
 27%|██▋       | 39966/145449 [06:28<20:34, 85.47it/s]
 27%|██▋       | 39978/145449 [06:28<19:47, 88.79it/s]
 27%|██▋       | 39991/145449 [06:28<18:18, 95.97it/s]
 28%|██▊       | 40004/145449 [06:28<17:33, 100.11it/s]
 28%|██▊       | 40015/145449 [06:28<20:20, 86.40it/s] 
 28%|██▊       | 40026/145449 [06:28<19:22, 90.71it/s]
 28%|██▊       | 40036/145449 [06:28<22:19, 78.71it/s]
 28%|██▊       | 40045/145449 [06:29<23:51, 73.66it/s]
 28%|██▊       | 40053/145449 [06:29<23:56, 73.35it/s]
 28%|██▊       | 40061/145449 [06:29<23:58, 73.27it/s]
 28%|██▊       | 40070/145449 [06:29<22:50, 76.90it/s]
 28%|██▊       | 40078/145449 [06:29<24:44, 70.99it/s]
 28%|██▊       | 40086/145449 [06:29<24:38, 71.27it/s]
 28%|██▊       | 40095/145449 [06:29<24:13, 72.49it/s]
 28%|██▊       | 40104/145449 [06:29<23:20, 75.22it/s]
 28%|██▊       | 40113/145449 [06:29<22:32, 77.85it/s]
 28%|██▊       | 40125/145449 [06:30<19:43, 88.96it/s]
 28%|██▊       | 40135/145449 [06:30<21:28, 81.71it/s]
 28%|██▊       | 40144/145449 [06:30<21:35, 81.26it/s]
 28%|██▊       | 40153/145449 [06:30<22:23, 78.39it/s]
 28%|██▊       | 40165/145449 [06:30<20:02, 87.58it/s]
 28%|██▊       | 40178/145449 [06:30<18:06, 96.93it/s]
 28%|██▊       | 40188/145449 [06:30<23:07, 75.86it/s]
 28%|██▊       | 40197/145449 [06:30<23:25, 74.87it/s]
 28%|██▊       | 40206/145449 [06:31<23:20, 75.17it/s]
 28%|██▊       | 40214/145449 [06:31<24:35, 71.32it/s]
 28%|██▊       | 40226/145449 [06:31<21:02, 83.34it/s]
 28%|██▊       | 40237/145449 [06:31<19:26, 90.22it/s]
 28%|██▊       | 40252/145449 [06:31<16:47, 104.43it/s]
 28%|██▊       | 40265/145449 [06:31<15:57, 109.85it/s]
 28%|██▊       | 40277/145449 [06:31<15:54, 110.20it/s]
 28%|██▊       | 40289/145449 [06:31<16:52, 103.87it/s]
 28%|██▊       | 40300/145449 [06:32<19:23, 90.35it/s] 
 28%|██▊       | 40310/145449 [06:32<19:49, 88.40it/s]
 28%|██▊       | 40324/145449 [06:32<17:32, 99.84it/s]
 28%|██▊       | 40340/145449 [06:32<15:13, 115.05it/s]
 28%|██▊       | 40355/145449 [06:32<14:07, 123.98it/s]
 28%|██▊       | 40368/145449 [06:32<13:56, 125.63it/s]
 28%|██▊       | 40381/145449 [06:32<14:11, 123.43it/s]
 28%|██▊       | 40395/145449 [06:32<13:59, 125.07it/s]
 28%|██▊       | 40408/145449 [06:32<14:04, 124.35it/s]
 28%|██▊       | 40421/145449 [06:32<14:16, 122.64it/s]
 28%|██▊       | 40434/145449 [06:33<16:26, 106.46it/s]
 28%|██▊       | 40446/145449 [06:33<19:58, 87.63it/s] 
 28%|██▊       | 40458/145449 [06:33<18:26, 94.85it/s]
 28%|██▊       | 40472/145449 [06:33<17:07, 102.20it/s]
 28%|██▊       | 40487/145449 [06:33<15:19, 114.16it/s]
 28%|██▊       | 40502/145449 [06:33<14:22, 121.72it/s]
 28%|██▊       | 40515/145449 [06:33<14:39, 119.32it/s]
 28%|██▊       | 40528/145449 [06:33<14:22, 121.62it/s]
 28%|██▊       | 40548/145449 [06:34<12:12, 143.15it/s]
 28%|██▊       | 40563/145449 [06:34<13:56, 125.32it/s]
 28%|██▊       | 40577/145449 [06:34<14:32, 120.22it/s]
 28%|██▊       | 40592/145449 [06:34<13:54, 125.67it/s]
 28%|██▊       | 40607/145449 [06:34<13:25, 130.15it/s]
 28%|██▊       | 40621/145449 [06:34<13:28, 129.64it/s]
 28%|██▊       | 40635/145449 [06:34<17:05, 102.21it/s]
 28%|██▊       | 40647/145449 [06:35<17:13, 101.39it/s]
 28%|██▊       | 40658/145449 [06:35<16:54, 103.33it/s]
 28%|██▊       | 40671/145449 [06:35<16:24, 106.41it/s]
 28%|██▊       | 40683/145449 [06:35<16:31, 105.62it/s]
 28%|██▊       | 40694/145449 [06:35<18:11, 95.95it/s] 
 28%|██▊       | 40704/145449 [06:35<18:27, 94.56it/s]
 28%|██▊       | 40714/145449 [06:35<18:55, 92.22it/s]
 28%|██▊       | 40724/145449 [06:35<18:48, 92.81it/s]
 28%|██▊       | 40734/145449 [06:35<20:12, 86.36it/s]
 28%|██▊       | 40743/145449 [06:36<21:58, 79.44it/s]
 28%|██▊       | 40754/145449 [06:36<20:04, 86.95it/s]
 28%|██▊       | 40763/145449 [06:36<23:13, 75.10it/s]
 28%|██▊       | 40775/145449 [06:36<21:04, 82.77it/s]
 28%|██▊       | 40784/145449 [06:36<20:47, 83.93it/s]
 28%|██▊       | 40793/145449 [06:36<23:15, 75.01it/s]
 28%|██▊       | 40805/145449 [06:36<20:27, 85.24it/s]
 28%|██▊       | 40816/145449 [06:36<19:21, 90.09it/s]
 28%|██▊       | 40826/145449 [06:37<19:12, 90.77it/s]
 28%|██▊       | 40837/145449 [06:37<19:03, 91.49it/s]
 28%|██▊       | 40850/145449 [06:37<18:05, 96.39it/s]
 28%|██▊       | 40860/145449 [06:37<20:17, 85.89it/s]
 28%|██▊       | 40869/145449 [06:37<20:47, 83.84it/s]
 28%|██▊       | 40880/145449 [06:37<19:24, 89.79it/s]
 28%|██▊       | 40891/145449 [06:37<18:19, 95.11it/s]
 28%|██▊       | 40901/145449 [06:37<19:14, 90.57it/s]
 28%|██▊       | 40916/145449 [06:38<16:39, 104.62it/s]
 28%|██▊       | 40927/145449 [06:38<17:34, 99.16it/s] 
 28%|██▊       | 40938/145449 [06:38<18:36, 93.63it/s]
 28%|██▊       | 40948/145449 [06:38<20:02, 86.92it/s]
 28%|██▊       | 40959/145449 [06:38<18:53, 92.20it/s]
 28%|██▊       | 40976/145449 [06:38<15:41, 110.92it/s]
 28%|██▊       | 40990/145449 [06:38<14:42, 118.32it/s]
 28%|██▊       | 41006/145449 [06:38<13:24, 129.83it/s]
 28%|██▊       | 41020/145449 [06:38<15:31, 112.16it/s]
 28%|██▊       | 41032/145449 [06:39<17:10, 101.30it/s]
 28%|██▊       | 41043/145449 [06:39<21:30, 80.93it/s] 
 28%|██▊       | 41053/145449 [06:39<23:52, 72.87it/s]
 28%|██▊       | 41065/145449 [06:39<21:36, 80.54it/s]
 28%|██▊       | 41078/145449 [06:39<19:20, 89.97it/s]
 28%|██▊       | 41090/145449 [06:39<18:18, 94.96it/s]
 28%|██▊       | 41101/145449 [06:39<18:52, 92.16it/s]
 28%|██▊       | 41111/145449 [06:40<19:19, 89.97it/s]
 28%|██▊       | 41123/145449 [06:40<17:54, 97.07it/s]
 28%|██▊       | 41139/145449 [06:40<15:18, 113.60it/s]
 28%|██▊       | 41153/145449 [06:40<14:25, 120.55it/s]
 28%|██▊       | 41166/145449 [06:40<17:29, 99.36it/s] 
 28%|██▊       | 41177/145449 [06:40<21:36, 80.43it/s]
 28%|██▊       | 41187/145449 [06:40<22:03, 78.77it/s]
 28%|██▊       | 41202/145449 [06:41<18:38, 93.16it/s]
 28%|██▊       | 41216/145449 [06:41<16:43, 103.89it/s]
 28%|██▊       | 41231/145449 [06:41<15:28, 112.28it/s]
 28%|██▊       | 41243/145449 [06:41<15:25, 112.54it/s]
 28%|██▊       | 41255/145449 [06:41<16:08, 107.62it/s]
 28%|██▊       | 41267/145449 [06:41<15:39, 110.87it/s]
 28%|██▊       | 41280/145449 [06:41<15:06, 114.95it/s]
 28%|██▊       | 41292/145449 [06:41<15:41, 110.64it/s]
 28%|██▊       | 41304/145449 [06:41<18:13, 95.21it/s] 
 28%|██▊       | 41315/145449 [06:42<17:46, 97.61it/s]
 28%|██▊       | 41326/145449 [06:42<18:34, 93.46it/s]
 28%|██▊       | 41337/145449 [06:42<19:58, 86.87it/s]
 28%|██▊       | 41346/145449 [06:42<20:00, 86.71it/s]
 28%|██▊       | 41359/145449 [06:42<18:24, 94.22it/s]
 28%|██▊       | 41371/145449 [06:42<17:19, 100.15it/s]
 28%|██▊       | 41382/145449 [06:42<18:24, 94.24it/s] 
 28%|██▊       | 41397/145449 [06:42<16:13, 106.88it/s]
 28%|██▊       | 41411/145449 [06:43<14:59, 115.61it/s]
 28%|██▊       | 41423/145449 [06:43<14:51, 116.74it/s]
 28%|██▊       | 41435/145449 [06:43<17:05, 101.38it/s]
 28%|██▊       | 41446/145449 [06:43<18:36, 93.16it/s] 
 29%|██▊       | 41457/145449 [06:43<18:31, 93.56it/s]
 29%|██▊       | 41474/145449 [06:43<15:35, 111.17it/s]
 29%|██▊       | 41486/145449 [06:43<15:27, 112.12it/s]
 29%|██▊       | 41500/145449 [06:43<14:29, 119.50it/s]
 29%|██▊       | 41513/145449 [06:43<14:55, 116.10it/s]
 29%|██▊       | 41525/145449 [06:44<15:25, 112.30it/s]
 29%|██▊       | 41546/145449 [06:44<12:30, 138.40it/s]
 29%|██▊       | 41565/145449 [06:44<11:33, 149.81it/s]
 29%|██▊       | 41581/145449 [06:44<14:39, 118.09it/s]
 29%|██▊       | 41595/145449 [06:44<14:24, 120.11it/s]
 29%|██▊       | 41608/145449 [06:44<14:46, 117.19it/s]
 29%|██▊       | 41621/145449 [06:44<16:44, 103.35it/s]
 29%|██▊       | 41632/145449 [06:45<19:29, 88.74it/s] 
 29%|██▊       | 41643/145449 [06:45<18:37, 92.92it/s]
 29%|██▊       | 41656/145449 [06:45<17:09, 100.84it/s]
 29%|██▊       | 41667/145449 [06:45<16:58, 101.87it/s]
 29%|██▊       | 41683/145449 [06:45<14:50, 116.56it/s]
 29%|██▊       | 41697/145449 [06:45<14:16, 121.18it/s]
 29%|██▊       | 41711/145449 [06:45<13:48, 125.19it/s]
 29%|██▊       | 41730/145449 [06:45<12:06, 142.78it/s]
 29%|██▊       | 41745/145449 [06:45<12:17, 140.55it/s]
 29%|██▊       | 41760/145449 [06:46<12:05, 142.83it/s]
 29%|██▊       | 41775/145449 [06:46<15:57, 108.27it/s]
 29%|██▊       | 41788/145449 [06:46<17:19, 99.70it/s] 
 29%|██▊       | 41802/145449 [06:46<16:19, 105.82it/s]
 29%|██▊       | 41815/145449 [06:46<15:53, 108.65it/s]
 29%|██▉       | 41831/145449 [06:46<14:26, 119.60it/s]
 29%|██▉       | 41847/145449 [06:46<13:30, 127.77it/s]
 29%|██▉       | 41861/145449 [06:46<15:45, 109.55it/s]
 29%|██▉       | 41873/145449 [06:47<18:15, 94.56it/s] 
 29%|██▉       | 41893/145449 [06:47<14:36, 118.19it/s]
 29%|██▉       | 41907/145449 [06:47<15:28, 111.52it/s]
 29%|██▉       | 41924/145449 [06:47<13:53, 124.21it/s]
 29%|██▉       | 41938/145449 [06:47<13:28, 128.10it/s]
 29%|██▉       | 41952/145449 [06:47<14:30, 118.93it/s]
 29%|██▉       | 41965/145449 [06:47<14:22, 120.01it/s]
 29%|██▉       | 41978/145449 [06:47<15:15, 113.05it/s]
 29%|██▉       | 41998/145449 [06:48<12:44, 135.25it/s]
 29%|██▉       | 42014/145449 [06:48<12:29, 137.97it/s]
 29%|██▉       | 42029/145449 [06:48<12:46, 134.87it/s]
 29%|██▉       | 42043/145449 [06:48<12:42, 135.61it/s]
 29%|██▉       | 42057/145449 [06:48<13:00, 132.54it/s]
 29%|██▉       | 42071/145449 [06:48<13:11, 130.65it/s]
 29%|██▉       | 42085/145449 [06:48<14:36, 117.99it/s]
 29%|██▉       | 42098/145449 [06:48<18:06, 95.13it/s] 
 29%|██▉       | 42109/145449 [06:49<18:48, 91.59it/s]
 29%|██▉       | 42119/145449 [06:49<19:08, 89.94it/s]
 29%|██▉       | 42129/145449 [06:49<18:41, 92.09it/s]
 29%|██▉       | 42144/145449 [06:49<16:23, 105.06it/s]
 29%|██▉       | 42156/145449 [06:49<16:19, 105.48it/s]
 29%|██▉       | 42170/145449 [06:49<15:09, 113.61it/s]
 29%|██▉       | 42182/145449 [06:49<15:53, 108.32it/s]
 29%|██▉       | 42194/145449 [06:49<17:08, 100.35it/s]
 29%|██▉       | 42205/145449 [06:50<20:11, 85.25it/s] 
 29%|██▉       | 42219/145449 [06:50<17:43, 97.04it/s]
 29%|██▉       | 42232/145449 [06:50<16:28, 104.40it/s]
 29%|██▉       | 42244/145449 [06:50<16:36, 103.55it/s]
 29%|██▉       | 42260/145449 [06:50<14:37, 117.55it/s]
 29%|██▉       | 42274/145449 [06:50<14:02, 122.48it/s]
 29%|██▉       | 42287/145449 [06:50<14:03, 122.25it/s]
 29%|██▉       | 42300/145449 [06:50<15:06, 113.78it/s]
 29%|██▉       | 42316/145449 [06:50<13:52, 123.89it/s]
 29%|██▉       | 42329/145449 [06:51<13:41, 125.45it/s]
 29%|██▉       | 42346/145449 [06:51<12:34, 136.64it/s]
 29%|██▉       | 42360/145449 [06:51<14:48, 116.00it/s]
 29%|██▉       | 42381/145449 [06:51<12:28, 137.61it/s]
 29%|██▉       | 42399/145449 [06:51<11:43, 146.55it/s]
 29%|██▉       | 42415/145449 [06:51<12:55, 132.85it/s]
 29%|██▉       | 42429/145449 [06:51<13:16, 129.29it/s]
 29%|██▉       | 42447/145449 [06:51<12:11, 140.81it/s]
 29%|██▉       | 42466/145449 [06:52<11:15, 152.53it/s]
 29%|██▉       | 42487/145449 [06:52<10:15, 167.17it/s]
 29%|██▉       | 42505/145449 [06:52<11:50, 144.86it/s]
 29%|██▉       | 42524/145449 [06:52<11:07, 154.08it/s]
 29%|██▉       | 42541/145449 [06:52<10:54, 157.19it/s]
 29%|██▉       | 42558/145449 [06:52<12:06, 141.60it/s]
 29%|██▉       | 42575/145449 [06:52<11:31, 148.81it/s]
 29%|██▉       | 42591/145449 [06:52<13:15, 129.24it/s]
 29%|██▉       | 42605/145449 [06:53<15:17, 112.04it/s]
 29%|██▉       | 42618/145449 [06:53<16:49, 101.87it/s]
 29%|██▉       | 42631/145449 [06:53<15:59, 107.14it/s]
 29%|██▉       | 42643/145449 [06:53<15:59, 107.16it/s]
 29%|██▉       | 42658/145449 [06:53<14:38, 117.03it/s]
 29%|██▉       | 42671/145449 [06:53<15:03, 113.73it/s]
 29%|██▉       | 42683/145449 [06:53<17:18, 98.98it/s] 
 29%|██▉       | 42694/145449 [06:53<17:22, 98.57it/s]
 29%|██▉       | 42706/145449 [06:54<17:12, 99.46it/s]
 29%|██▉       | 42718/145449 [06:54<16:31, 103.60it/s]
 29%|██▉       | 42734/145449 [06:54<15:37, 109.53it/s]
 29%|██▉       | 42747/145449 [06:54<15:00, 113.99it/s]
 29%|██▉       | 42762/145449 [06:54<13:52, 123.37it/s]
 29%|██▉       | 42775/145449 [06:54<16:20, 104.77it/s]
 29%|██▉       | 42787/145449 [06:54<18:35, 92.06it/s] 
 29%|██▉       | 42797/145449 [06:55<19:55, 85.86it/s]
 29%|██▉       | 42807/145449 [06:55<19:36, 87.25it/s]
 29%|██▉       | 42821/145449 [06:55<18:04, 94.67it/s]
 29%|██▉       | 42831/145449 [06:55<18:18, 93.38it/s]
 29%|██▉       | 42844/145449 [06:55<16:42, 102.30it/s]
 29%|██▉       | 42856/145449 [06:55<16:00, 106.83it/s]
 29%|██▉       | 42867/145449 [06:55<16:28, 103.83it/s]
 29%|██▉       | 42879/145449 [06:55<16:34, 103.18it/s]
 29%|██▉       | 42892/145449 [06:55<15:45, 108.52it/s]
 29%|██▉       | 42903/145449 [06:56<18:04, 94.53it/s] 
 30%|██▉       | 42913/145449 [06:56<20:13, 84.50it/s]
 30%|██▉       | 42924/145449 [06:56<19:08, 89.29it/s]
 30%|██▉       | 42934/145449 [06:56<19:40, 86.85it/s]
 30%|██▉       | 42943/145449 [06:56<20:49, 82.01it/s]
 30%|██▉       | 42952/145449 [06:56<21:22, 79.92it/s]
 30%|██▉       | 42961/145449 [06:56<20:52, 81.80it/s]
 30%|██▉       | 42970/145449 [06:56<20:40, 82.63it/s]
 30%|██▉       | 42979/145449 [06:57<23:25, 72.91it/s]
 30%|██▉       | 42987/145449 [06:57<23:40, 72.13it/s]
 30%|██▉       | 43004/145449 [06:57<18:32, 92.07it/s]
 30%|██▉       | 43017/145449 [06:57<17:32, 97.31it/s]
 30%|██▉       | 43027/145449 [06:57<17:33, 97.20it/s]
 30%|██▉       | 43037/145449 [06:57<17:44, 96.21it/s]
 30%|██▉       | 43047/145449 [06:57<21:52, 78.03it/s]
 30%|██▉       | 43061/145449 [06:57<18:23, 92.82it/s]
 30%|██▉       | 43076/145449 [06:58<16:08, 105.76it/s]
 30%|██▉       | 43088/145449 [06:58<15:35, 109.43it/s]
 30%|██▉       | 43100/145449 [06:58<19:36, 86.98it/s] 
 30%|██▉       | 43110/145449 [06:58<19:12, 88.76it/s]
 30%|██▉       | 43121/145449 [06:58<18:46, 90.85it/s]
 30%|██▉       | 43132/145449 [06:58<18:24, 92.64it/s]
 30%|██▉       | 43142/145449 [06:58<18:04, 94.34it/s]
 30%|██▉       | 43152/145449 [06:58<17:48, 95.71it/s]
 30%|██▉       | 43162/145449 [06:59<21:45, 78.34it/s]
 30%|██▉       | 43171/145449 [06:59<21:48, 78.17it/s]
 30%|██▉       | 43186/145449 [06:59<18:02, 94.45it/s]
 30%|██▉       | 43196/145449 [06:59<18:31, 92.03it/s]
 30%|██▉       | 43206/145449 [06:59<22:42, 75.02it/s]
 30%|██▉       | 43215/145449 [06:59<23:07, 73.66it/s]
 30%|██▉       | 43231/145449 [06:59<18:52, 90.28it/s]
 30%|██▉       | 43242/145449 [06:59<18:03, 94.34it/s]
 30%|██▉       | 43253/145449 [07:00<17:51, 95.38it/s]
 30%|██▉       | 43263/145449 [07:00<18:43, 90.98it/s]
 30%|██▉       | 43277/145449 [07:00<17:00, 100.07it/s]
 30%|██▉       | 43288/145449 [07:00<17:17, 98.43it/s] 
 30%|██▉       | 43298/145449 [07:00<17:22, 97.95it/s]
 30%|██▉       | 43311/145449 [07:00<16:02, 106.15it/s]
 30%|██▉       | 43326/145449 [07:00<14:25, 118.06it/s]
 30%|██▉       | 43338/145449 [07:00<17:06, 99.43it/s] 
 30%|██▉       | 43349/145449 [07:00<16:42, 101.88it/s]
 30%|██▉       | 43368/145449 [07:01<14:20, 118.56it/s]
 30%|██▉       | 43381/145449 [07:01<15:34, 109.20it/s]
 30%|██▉       | 43398/145449 [07:01<13:43, 123.90it/s]
 30%|██▉       | 43411/145449 [07:01<13:59, 121.50it/s]
 30%|██▉       | 43424/145449 [07:01<14:09, 120.05it/s]
 30%|██▉       | 43437/145449 [07:01<14:18, 118.89it/s]
 30%|██▉       | 43453/145449 [07:01<14:07, 120.33it/s]
 30%|██▉       | 43466/145449 [07:01<14:41, 115.64it/s]
 30%|██▉       | 43479/145449 [07:02<14:16, 119.06it/s]
 30%|██▉       | 43496/145449 [07:02<12:47, 132.85it/s]
 30%|██▉       | 43510/145449 [07:02<12:37, 134.59it/s]
 30%|██▉       | 43524/145449 [07:02<12:30, 135.76it/s]
 30%|██▉       | 43545/145449 [07:02<10:51, 156.45it/s]
 30%|██▉       | 43566/145449 [07:02<09:58, 170.34it/s]
 30%|██▉       | 43584/145449 [07:02<09:55, 170.97it/s]
 30%|██▉       | 43602/145449 [07:02<10:02, 168.94it/s]
 30%|██▉       | 43619/145449 [07:02<10:52, 156.09it/s]
 30%|███       | 43640/145449 [07:02<10:12, 166.35it/s]
 30%|███       | 43657/145449 [07:03<12:10, 139.28it/s]
 30%|███       | 43672/145449 [07:03<15:08, 112.09it/s]
 30%|███       | 43697/145449 [07:03<12:13, 138.71it/s]
 30%|███       | 43713/145449 [07:03<12:18, 137.80it/s]
 30%|███       | 43728/145449 [07:03<13:02, 130.05it/s]
 30%|███       | 43742/145449 [07:03<16:03, 105.57it/s]
 30%|███       | 43754/145449 [07:04<17:10, 98.71it/s] 
 30%|███       | 43765/145449 [07:04<16:56, 100.02it/s]
 30%|███       | 43776/145449 [07:04<20:25, 82.95it/s] 
 30%|███       | 43786/145449 [07:04<20:29, 82.67it/s]
 30%|███       | 43798/145449 [07:04<19:24, 87.27it/s]
 30%|███       | 43808/145449 [07:04<19:04, 88.83it/s]
 30%|███       | 43822/145449 [07:04<16:48, 100.77it/s]
 30%|███       | 43833/145449 [07:04<17:38, 95.96it/s] 
 30%|███       | 43845/145449 [07:05<16:39, 101.63it/s]
 30%|███       | 43861/145449 [07:05<14:26, 117.24it/s]
 30%|███       | 43877/145449 [07:05<13:20, 126.90it/s]
 30%|███       | 43891/145449 [07:05<16:26, 102.92it/s]
 30%|███       | 43903/145449 [07:05<17:14, 98.12it/s] 
 30%|███       | 43914/145449 [07:05<18:23, 91.98it/s]
 30%|███       | 43928/145449 [07:05<16:26, 102.87it/s]
 30%|███       | 43939/145449 [07:06<17:49, 94.88it/s] 
 30%|███       | 43949/145449 [07:06<19:48, 85.42it/s]
 30%|███       | 43961/145449 [07:06<18:10, 93.04it/s]
 30%|███       | 43972/145449 [07:06<17:31, 96.50it/s]
 30%|███       | 43989/145449 [07:06<14:37, 115.58it/s]
 30%|███       | 44003/145449 [07:06<14:26, 117.12it/s]
 30%|███       | 44016/145449 [07:06<14:19, 118.04it/s]
 30%|███       | 44029/145449 [07:06<15:34, 108.59it/s]
 30%|███       | 44042/145449 [07:06<14:55, 113.19it/s]
 30%|███       | 44054/145449 [07:07<18:05, 93.38it/s] 
 30%|███       | 44070/145449 [07:07<15:33, 108.64it/s]
 30%|███       | 44082/145449 [07:07<15:32, 108.73it/s]
 30%|███       | 44094/145449 [07:07<15:52, 106.42it/s]
 30%|███       | 44106/145449 [07:07<16:01, 105.39it/s]
 30%|███       | 44117/145449 [07:07<17:09, 98.41it/s] 
 30%|███       | 44128/145449 [07:07<16:54, 99.84it/s]
 30%|███       | 44142/145449 [07:07<15:41, 107.64it/s]
 30%|███       | 44160/145449 [07:08<13:38, 123.78it/s]
 30%|███       | 44173/145449 [07:08<16:17, 103.59it/s]
 30%|███       | 44184/145449 [07:08<18:49, 89.66it/s] 
 30%|███       | 44194/145449 [07:08<19:53, 84.86it/s]
 30%|███       | 44203/145449 [07:08<19:37, 86.00it/s]
 30%|███       | 44212/145449 [07:08<21:40, 77.82it/s]
 30%|███       | 44221/145449 [07:08<24:11, 69.73it/s]
 30%|███       | 44234/145449 [07:09<20:33, 82.07it/s]
 30%|███       | 44250/145449 [07:09<16:51, 100.05it/s]
 30%|███       | 44267/145449 [07:09<14:22, 117.35it/s]
 30%|███       | 44280/145449 [07:09<15:36, 108.07it/s]
 30%|███       | 44292/145449 [07:09<15:53, 106.08it/s]
 30%|███       | 44304/145449 [07:09<16:23, 102.88it/s]
 30%|███       | 44315/145449 [07:09<19:09, 87.96it/s] 
 30%|███       | 44325/145449 [07:09<20:47, 81.03it/s]
 30%|███       | 44334/145449 [07:10<21:54, 76.94it/s]
 30%|███       | 44342/145449 [07:10<24:26, 68.95it/s]
 30%|███       | 44355/145449 [07:10<20:54, 80.58it/s]
 31%|███       | 44364/145449 [07:10<21:51, 77.05it/s]
 31%|███       | 44372/145449 [07:10<22:06, 76.19it/s]
 31%|███       | 44383/145449 [07:10<20:52, 80.66it/s]
 31%|███       | 44393/145449 [07:10<19:44, 85.33it/s]
 31%|███       | 44408/145449 [07:10<16:58, 99.19it/s]
 31%|███       | 44422/145449 [07:11<15:37, 107.74it/s]
 31%|███       | 44433/145449 [07:11<15:40, 107.39it/s]
 31%|███       | 44447/145449 [07:11<15:08, 111.13it/s]
 31%|███       | 44459/145449 [07:11<15:20, 109.75it/s]
 31%|███       | 44471/145449 [07:11<15:31, 108.45it/s]
 31%|███       | 44482/145449 [07:11<17:13, 97.66it/s] 
 31%|███       | 44499/145449 [07:11<14:32, 115.65it/s]
 31%|███       | 44511/145449 [07:11<15:39, 107.39it/s]
 31%|███       | 44523/145449 [07:12<17:25, 96.57it/s] 
 31%|███       | 44534/145449 [07:12<19:28, 86.35it/s]
 31%|███       | 44544/145449 [07:12<19:46, 85.05it/s]
 31%|███       | 44553/145449 [07:12<19:33, 85.99it/s]
 31%|███       | 44562/145449 [07:12<20:36, 81.57it/s]
 31%|███       | 44577/145449 [07:12<17:00, 98.82it/s]
 31%|███       | 44589/145449 [07:12<16:22, 102.69it/s]
 31%|███       | 44601/145449 [07:12<15:52, 105.89it/s]
 31%|███       | 44612/145449 [07:13<19:33, 85.89it/s] 
 31%|███       | 44628/145449 [07:13<16:16, 103.20it/s]
 31%|███       | 44643/145449 [07:13<14:37, 114.90it/s]
 31%|███       | 44656/145449 [07:13<15:19, 109.63it/s]
 31%|███       | 44669/145449 [07:13<15:26, 108.76it/s]
 31%|███       | 44681/145449 [07:13<17:28, 96.07it/s] 
 31%|███       | 44693/145449 [07:13<16:58, 98.96it/s]
 31%|███       | 44705/145449 [07:13<16:06, 104.22it/s]
 31%|███       | 44718/145449 [07:13<15:09, 110.81it/s]
 31%|███       | 44730/145449 [07:14<14:53, 112.73it/s]
 31%|███       | 44746/145449 [07:14<13:31, 124.02it/s]
 31%|███       | 44761/145449 [07:14<13:00, 129.02it/s]
 31%|███       | 44781/145449 [07:14<11:38, 144.03it/s]
 31%|███       | 44796/145449 [07:14<12:20, 135.84it/s]
 31%|███       | 44812/145449 [07:14<11:47, 142.30it/s]
 31%|███       | 44827/145449 [07:14<11:48, 141.99it/s]
 31%|███       | 44846/145449 [07:14<10:49, 154.85it/s]
 31%|███       | 44862/145449 [07:14<11:39, 143.83it/s]
 31%|███       | 44877/145449 [07:15<11:46, 142.38it/s]
 31%|███       | 44892/145449 [07:15<11:44, 142.82it/s]
 31%|███       | 44907/145449 [07:15<12:06, 138.49it/s]
 31%|███       | 44921/145449 [07:15<12:19, 136.02it/s]
 31%|███       | 44935/145449 [07:15<12:42, 131.83it/s]
 31%|███       | 44949/145449 [07:15<14:25, 116.17it/s]
 31%|███       | 44961/145449 [07:15<17:15, 97.05it/s] 
 31%|███       | 44975/145449 [07:15<15:55, 105.20it/s]
 31%|███       | 44987/145449 [07:16<16:24, 102.04it/s]
 31%|███       | 45002/145449 [07:16<15:13, 109.97it/s]
 31%|███       | 45014/145449 [07:16<15:10, 110.32it/s]
 31%|███       | 45027/145449 [07:16<14:31, 115.21it/s]
 31%|███       | 45040/145449 [07:16<14:06, 118.64it/s]
 31%|███       | 45053/145449 [07:16<15:50, 105.64it/s]
 31%|███       | 45065/145449 [07:16<16:34, 100.97it/s]
 31%|███       | 45076/145449 [07:16<17:42, 94.49it/s] 
 31%|███       | 45086/145449 [07:17<19:55, 83.93it/s]
 31%|███       | 45099/145449 [07:17<17:47, 94.01it/s]
 31%|███       | 45110/145449 [07:17<17:09, 97.42it/s]
 31%|███       | 45121/145449 [07:17<18:49, 88.79it/s]
 31%|███       | 45131/145449 [07:17<18:52, 88.56it/s]
 31%|███       | 45141/145449 [07:17<18:45, 89.11it/s]
 31%|███       | 45151/145449 [07:17<19:26, 86.00it/s]
 31%|███       | 45160/145449 [07:17<21:03, 79.35it/s]
 31%|███       | 45178/145449 [07:18<16:08, 103.54it/s]
 31%|███       | 45192/145449 [07:18<14:50, 112.59it/s]
 31%|███       | 45206/145449 [07:18<14:04, 118.66it/s]
 31%|███       | 45219/145449 [07:18<14:06, 118.39it/s]
 31%|███       | 45236/145449 [07:18<12:48, 130.38it/s]
 31%|███       | 45250/145449 [07:18<13:59, 119.41it/s]
 31%|███       | 45263/145449 [07:18<14:20, 116.46it/s]
 31%|███       | 45278/145449 [07:18<13:38, 122.39it/s]
 31%|███       | 45297/145449 [07:18<11:57, 139.50it/s]
 31%|███       | 45312/145449 [07:19<13:00, 128.29it/s]
 31%|███       | 45326/145449 [07:19<13:56, 119.70it/s]
 31%|███       | 45339/145449 [07:19<14:00, 119.14it/s]
 31%|███       | 45352/145449 [07:19<16:35, 100.54it/s]
 31%|███       | 45363/145449 [07:19<16:23, 101.78it/s]
 31%|███       | 45379/145449 [07:19<14:53, 112.05it/s]
 31%|███       | 45391/145449 [07:19<16:20, 102.08it/s]
 31%|███       | 45402/145449 [07:20<18:01, 92.47it/s] 
 31%|███       | 45418/145449 [07:20<15:24, 108.23it/s]
 31%|███       | 45430/145449 [07:20<16:28, 101.18it/s]
 31%|███       | 45442/145449 [07:20<15:49, 105.30it/s]
 31%|███▏      | 45453/145449 [07:20<16:17, 102.35it/s]
 31%|███▏      | 45464/145449 [07:20<16:35, 100.44it/s]
 31%|███▏      | 45475/145449 [07:20<18:53, 88.19it/s] 
 31%|███▏      | 45485/145449 [07:20<21:10, 78.67it/s]
 31%|███▏      | 45499/145449 [07:21<17:57, 92.75it/s]
 31%|███▏      | 45509/145449 [07:21<19:21, 86.01it/s]
 31%|███▏      | 45519/145449 [07:21<18:44, 88.84it/s]
 31%|███▏      | 45530/145449 [07:21<18:29, 90.09it/s]
 31%|███▏      | 45540/145449 [07:21<18:02, 92.28it/s]
 31%|███▏      | 45550/145449 [07:21<19:29, 85.40it/s]
 31%|███▏      | 45559/145449 [07:21<19:53, 83.72it/s]
 31%|███▏      | 45568/145449 [07:21<21:02, 79.12it/s]
 31%|███▏      | 45579/145449 [07:21<19:27, 85.56it/s]
 31%|███▏      | 45588/145449 [07:22<22:42, 73.32it/s]
 31%|███▏      | 45600/145449 [07:22<20:17, 82.04it/s]
 31%|███▏      | 45616/145449 [07:22<16:43, 99.46it/s]
 31%|███▏      | 45627/145449 [07:22<16:40, 99.81it/s]
 31%|███▏      | 45639/145449 [07:22<16:20, 101.82it/s]
 31%|███▏      | 45652/145449 [07:22<15:19, 108.52it/s]
 31%|███▏      | 45670/145449 [07:22<13:03, 127.31it/s]
 31%|███▏      | 45684/145449 [07:22<13:55, 119.45it/s]
 31%|███▏      | 45697/145449 [07:23<14:05, 117.92it/s]
 31%|███▏      | 45709/145449 [07:23<16:40, 99.71it/s] 
 31%|███▏      | 45720/145449 [07:23<16:23, 101.37it/s]
 31%|███▏      | 45731/145449 [07:23<20:58, 79.21it/s] 
 31%|███▏      | 45745/145449 [07:23<18:16, 90.97it/s]
 31%|███▏      | 45759/145449 [07:23<16:49, 98.78it/s]
 31%|███▏      | 45770/145449 [07:23<17:25, 95.36it/s]
 31%|███▏      | 45788/145449 [07:23<14:21, 115.73it/s]
 31%|███▏      | 45802/145449 [07:24<14:00, 118.58it/s]
 31%|███▏      | 45815/145449 [07:24<16:50, 98.62it/s] 
 32%|███▏      | 45826/145449 [07:24<17:25, 95.26it/s]
 32%|███▏      | 45837/145449 [07:24<17:39, 94.03it/s]
 32%|███▏      | 45850/145449 [07:24<16:45, 99.09it/s]
 32%|███▏      | 45861/145449 [07:24<17:55, 92.58it/s]
 32%|███▏      | 45871/145449 [07:24<18:19, 90.54it/s]
 32%|███▏      | 45882/145449 [07:24<17:32, 94.60it/s]
 32%|███▏      | 45892/145449 [07:25<20:05, 82.59it/s]
 32%|███▏      | 45901/145449 [07:25<19:40, 84.33it/s]
 32%|███▏      | 45913/145449 [07:25<19:09, 86.60it/s]
 32%|███▏      | 45928/145449 [07:25<16:37, 99.81it/s]
 32%|███▏      | 45942/145449 [07:25<15:25, 107.51it/s]
 32%|███▏      | 45955/145449 [07:25<14:44, 112.49it/s]
 32%|███▏      | 45967/145449 [07:25<16:16, 101.92it/s]
 32%|███▏      | 45978/145449 [07:26<17:32, 94.48it/s] 
 32%|███▏      | 45991/145449 [07:26<16:37, 99.69it/s]
 32%|███▏      | 46002/145449 [07:26<16:15, 101.99it/s]
 32%|███▏      | 46013/145449 [07:26<16:03, 103.19it/s]
 32%|███▏      | 46031/145449 [07:26<13:36, 121.70it/s]
 32%|███▏      | 46046/145449 [07:26<12:56, 127.97it/s]
 32%|███▏      | 46067/145449 [07:26<11:15, 147.09it/s]
 32%|███▏      | 46086/145449 [07:26<10:32, 157.10it/s]
 32%|███▏      | 46104/145449 [07:26<10:13, 161.98it/s]
 32%|███▏      | 46121/145449 [07:26<10:05, 163.91it/s]
 32%|███▏      | 46138/145449 [07:27<10:32, 157.00it/s]
 32%|███▏      | 46154/145449 [07:27<10:42, 154.53it/s]
 32%|███▏      | 46170/145449 [07:27<11:53, 139.06it/s]
 32%|███▏      | 46185/145449 [07:27<13:35, 121.72it/s]
 32%|███▏      | 46198/145449 [07:27<14:29, 114.19it/s]
 32%|███▏      | 46210/145449 [07:27<16:20, 101.26it/s]
 32%|███▏      | 46225/145449 [07:27<14:46, 111.94it/s]
 32%|███▏      | 46238/145449 [07:27<14:36, 113.13it/s]
 32%|███▏      | 46250/145449 [07:28<14:32, 113.70it/s]
 32%|███▏      | 46262/145449 [07:28<16:55, 97.64it/s] 
 32%|███▏      | 46273/145449 [07:28<18:13, 90.70it/s]
 32%|███▏      | 46284/145449 [07:28<17:39, 93.61it/s]
 32%|███▏      | 46296/145449 [07:28<16:46, 98.55it/s]
 32%|███▏      | 46307/145449 [07:28<17:28, 94.55it/s]
 32%|███▏      | 46322/145449 [07:28<15:27, 106.83it/s]
 32%|███▏      | 46337/145449 [07:28<14:39, 112.63it/s]
 32%|███▏      | 46349/145449 [07:29<14:49, 111.41it/s]
 32%|███▏      | 46361/145449 [07:29<15:09, 108.89it/s]
 32%|███▏      | 46372/145449 [07:29<16:18, 101.30it/s]
 32%|███▏      | 46383/145449 [07:29<18:42, 88.27it/s] 
 32%|███▏      | 46395/145449 [07:29<17:26, 94.63it/s]
 32%|███▏      | 46405/145449 [07:29<18:07, 91.07it/s]
 32%|███▏      | 46415/145449 [07:29<19:28, 84.72it/s]
 32%|███▏      | 46428/145449 [07:29<17:27, 94.56it/s]
 32%|███▏      | 46438/145449 [07:30<18:34, 88.86it/s]
 32%|███▏      | 46449/145449 [07:30<17:31, 94.16it/s]
 32%|███▏      | 46459/145449 [07:30<17:33, 93.99it/s]
 32%|███▏      | 46469/145449 [07:30<17:55, 92.01it/s]
 32%|███▏      | 46479/145449 [07:30<18:12, 90.59it/s]
 32%|███▏      | 46489/145449 [07:30<18:24, 89.59it/s]
 32%|███▏      | 46499/145449 [07:30<20:49, 79.21it/s]
 32%|███▏      | 46511/145449 [07:30<18:28, 89.26it/s]
 32%|███▏      | 46523/145449 [07:31<17:29, 94.26it/s]
 32%|███▏      | 46533/145449 [07:31<17:25, 94.61it/s]
 32%|███▏      | 46546/145449 [07:31<17:14, 95.63it/s]
 32%|███▏      | 46556/145449 [07:31<18:10, 90.65it/s]
 32%|███▏      | 46566/145449 [07:31<17:46, 92.75it/s]
 32%|███▏      | 46577/145449 [07:31<16:55, 97.36it/s]
 32%|███▏      | 46588/145449 [07:31<16:58, 97.03it/s]
 32%|███▏      | 46599/145449 [07:31<16:42, 98.61it/s]
 32%|███▏      | 46609/145449 [07:31<17:55, 91.94it/s]
 32%|███▏      | 46621/145449 [07:32<17:05, 96.35it/s]
 32%|███▏      | 46633/145449 [07:32<16:08, 102.06it/s]
 32%|███▏      | 46645/145449 [07:32<15:33, 105.87it/s]
 32%|███▏      | 46656/145449 [07:32<21:01, 78.31it/s] 
 32%|███▏      | 46666/145449 [07:32<20:39, 79.71it/s]
 32%|███▏      | 46675/145449 [07:32<20:09, 81.64it/s]
 32%|███▏      | 46684/145449 [07:32<22:37, 72.77it/s]
 32%|███▏      | 46692/145449 [07:33<23:42, 69.44it/s]
 32%|███▏      | 46700/145449 [07:33<25:25, 64.72it/s]
 32%|███▏      | 46708/145449 [07:33<24:41, 66.65it/s]
 32%|███▏      | 46717/145449 [07:33<23:34, 69.78it/s]
 32%|███▏      | 46727/145449 [07:33<21:58, 74.85it/s]
 32%|███▏      | 46737/145449 [07:33<20:26, 80.49it/s]
 32%|███▏      | 46750/145449 [07:33<17:35, 93.48it/s]
 32%|███▏      | 46760/145449 [07:33<17:35, 93.46it/s]
 32%|███▏      | 46770/145449 [07:33<18:42, 87.88it/s]
 32%|███▏      | 46779/145449 [07:34<19:00, 86.52it/s]
 32%|███▏      | 46791/145449 [07:34<17:14, 95.40it/s]
 32%|███▏      | 46802/145449 [07:34<17:18, 95.03it/s]
 32%|███▏      | 46814/145449 [07:34<16:29, 99.68it/s]
 32%|███▏      | 46825/145449 [07:34<16:43, 98.28it/s]
 32%|███▏      | 46838/145449 [07:34<15:35, 105.39it/s]
 32%|███▏      | 46850/145449 [07:34<15:07, 108.66it/s]
 32%|███▏      | 46867/145449 [07:34<13:06, 125.41it/s]
 32%|███▏      | 46882/145449 [07:34<12:30, 131.41it/s]
 32%|███▏      | 46897/145449 [07:35<12:36, 130.23it/s]
 32%|███▏      | 46911/145449 [07:35<13:24, 122.56it/s]
 32%|███▏      | 46924/145449 [07:35<16:57, 96.83it/s] 
 32%|███▏      | 46935/145449 [07:35<17:04, 96.12it/s]
 32%|███▏      | 46946/145449 [07:35<19:43, 83.25it/s]
 32%|███▏      | 46959/145449 [07:35<17:47, 92.27it/s]
 32%|███▏      | 46974/145449 [07:35<15:54, 103.15it/s]
 32%|███▏      | 46985/145449 [07:35<16:39, 98.47it/s] 
 32%|███▏      | 46996/145449 [07:36<16:16, 100.83it/s]
 32%|███▏      | 47010/145449 [07:36<14:47, 110.86it/s]
 32%|███▏      | 47022/145449 [07:36<14:44, 111.28it/s]
 32%|███▏      | 47035/145449 [07:36<16:00, 102.46it/s]
 32%|███▏      | 47049/145449 [07:36<14:41, 111.58it/s]
 32%|███▏      | 47061/145449 [07:36<15:12, 107.83it/s]
 32%|███▏      | 47074/145449 [07:36<14:25, 113.72it/s]
 32%|███▏      | 47086/145449 [07:36<14:21, 114.18it/s]
 32%|███▏      | 47102/145449 [07:36<13:00, 126.04it/s]
 32%|███▏      | 47115/145449 [07:37<14:26, 113.55it/s]
 32%|███▏      | 47127/145449 [07:37<14:21, 114.17it/s]
 32%|███▏      | 47139/145449 [07:37<15:53, 103.16it/s]
 32%|███▏      | 47154/145449 [07:37<14:38, 111.83it/s]
 32%|███▏      | 47171/145449 [07:37<13:21, 122.68it/s]
 32%|███▏      | 47184/145449 [07:37<14:50, 110.36it/s]
 32%|███▏      | 47196/145449 [07:37<17:55, 91.37it/s] 
 32%|███▏      | 47207/145449 [07:38<17:10, 95.35it/s]
 32%|███▏      | 47220/145449 [07:38<15:54, 102.87it/s]
 32%|███▏      | 47231/145449 [07:38<16:08, 101.44it/s]
 32%|███▏      | 47242/145449 [07:38<15:56, 102.66it/s]
 32%|███▏      | 47253/145449 [07:38<16:32, 98.96it/s] 
 32%|███▏      | 47264/145449 [07:38<17:30, 93.44it/s]
 33%|███▎      | 47274/145449 [07:38<17:32, 93.24it/s]
 33%|███▎      | 47288/145449 [07:38<15:32, 105.21it/s]
 33%|███▎      | 47304/145449 [07:38<13:41, 119.51it/s]
 33%|███▎      | 47317/145449 [07:39<14:10, 115.35it/s]
 33%|███▎      | 47329/145449 [07:39<14:31, 112.57it/s]
 33%|███▎      | 47342/145449 [07:39<14:02, 116.44it/s]
 33%|███▎      | 47356/145449 [07:39<13:20, 122.57it/s]
 33%|███▎      | 47369/145449 [07:39<17:00, 96.12it/s] 
 33%|███▎      | 47380/145449 [07:39<18:45, 87.13it/s]
 33%|███▎      | 47393/145449 [07:39<17:20, 94.27it/s]
 33%|███▎      | 47404/145449 [07:39<16:53, 96.72it/s]
 33%|███▎      | 47421/145449 [07:40<14:11, 115.14it/s]
 33%|███▎      | 47434/145449 [07:40<17:40, 92.41it/s] 
 33%|███▎      | 47446/145449 [07:40<16:49, 97.03it/s]
 33%|███▎      | 47457/145449 [07:40<17:51, 91.47it/s]
 33%|███▎      | 47467/145449 [07:40<18:39, 87.50it/s]
 33%|███▎      | 47482/145449 [07:40<16:01, 101.86it/s]
 33%|███▎      | 47498/145449 [07:40<14:06, 115.76it/s]
 33%|███▎      | 47513/145449 [07:40<13:18, 122.71it/s]
 33%|███▎      | 47528/145449 [07:41<12:38, 129.03it/s]
 33%|███▎      | 47542/145449 [07:41<14:14, 114.54it/s]
 33%|███▎      | 47555/145449 [07:41<14:24, 113.21it/s]
 33%|███▎      | 47569/145449 [07:41<13:42, 119.05it/s]
 33%|███▎      | 47582/145449 [07:41<16:46, 97.25it/s] 
 33%|███▎      | 47595/145449 [07:41<15:41, 103.94it/s]
 33%|███▎      | 47611/145449 [07:41<14:20, 113.74it/s]
 33%|███▎      | 47625/145449 [07:41<14:02, 116.10it/s]
 33%|███▎      | 47641/145449 [07:42<14:03, 115.94it/s]
 33%|███▎      | 47653/145449 [07:42<14:15, 114.27it/s]
 33%|███▎      | 47671/145449 [07:42<12:30, 130.29it/s]
 33%|███▎      | 47685/145449 [07:42<15:03, 108.21it/s]
 33%|███▎      | 47697/145449 [07:42<15:11, 107.21it/s]
 33%|███▎      | 47709/145449 [07:42<15:43, 103.58it/s]
 33%|███▎      | 47722/145449 [07:42<14:50, 109.71it/s]
 33%|███▎      | 47734/145449 [07:42<14:41, 110.81it/s]
 33%|███▎      | 47746/145449 [07:43<14:36, 111.42it/s]
 33%|███▎      | 47758/145449 [07:43<14:34, 111.65it/s]
 33%|███▎      | 47770/145449 [07:43<19:32, 83.30it/s] 
 33%|███▎      | 47781/145449 [07:43<18:57, 85.89it/s]
 33%|███▎      | 47793/145449 [07:43<17:37, 92.32it/s]
 33%|███▎      | 47805/145449 [07:43<16:39, 97.66it/s]
 33%|███▎      | 47816/145449 [07:43<16:29, 98.68it/s]
 33%|███▎      | 47828/145449 [07:43<15:51, 102.58it/s]
 33%|███▎      | 47839/145449 [07:44<16:12, 100.42it/s]
 33%|███▎      | 47851/145449 [07:44<15:33, 104.50it/s]
 33%|███▎      | 47868/145449 [07:44<13:30, 120.46it/s]
 33%|███▎      | 47881/145449 [07:44<13:55, 116.76it/s]
 33%|███▎      | 47895/145449 [07:44<14:11, 114.53it/s]
 33%|███▎      | 47907/145449 [07:44<14:27, 112.50it/s]
 33%|███▎      | 47924/145449 [07:44<12:46, 127.16it/s]
 33%|███▎      | 47937/145449 [07:44<13:22, 121.47it/s]
 33%|███▎      | 47950/145449 [07:45<17:40, 91.92it/s] 
 33%|███▎      | 47961/145449 [07:45<19:05, 85.07it/s]
 33%|███▎      | 47973/145449 [07:45<17:33, 92.56it/s]
 33%|███▎      | 47984/145449 [07:45<17:14, 94.19it/s]
 33%|███▎      | 47995/145449 [07:45<19:22, 83.85it/s]
 33%|███▎      | 48004/145449 [07:45<20:01, 81.12it/s]
 33%|███▎      | 48015/145449 [07:45<18:40, 86.93it/s]
 33%|███▎      | 48028/145449 [07:45<16:42, 97.20it/s]
 33%|███▎      | 48046/145449 [07:46<13:41, 118.59it/s]
 33%|███▎      | 48059/145449 [07:46<13:41, 118.57it/s]
 33%|███▎      | 48072/145449 [07:46<15:14, 106.52it/s]
 33%|███▎      | 48088/145449 [07:46<13:50, 117.21it/s]
 33%|███▎      | 48101/145449 [07:46<17:23, 93.28it/s] 
 33%|███▎      | 48112/145449 [07:46<18:54, 85.76it/s]
 33%|███▎      | 48122/145449 [07:46<20:44, 78.18it/s]
 33%|███▎      | 48138/145449 [07:47<17:01, 95.31it/s]
 33%|███▎      | 48149/145449 [07:47<18:11, 89.11it/s]
 33%|███▎      | 48163/145449 [07:47<16:26, 98.61it/s]
 33%|███▎      | 48175/145449 [07:47<15:40, 103.38it/s]
 33%|███▎      | 48186/145449 [07:47<17:18, 93.69it/s] 
 33%|███▎      | 48196/145449 [07:47<19:14, 84.23it/s]
 33%|███▎      | 48207/145449 [07:47<18:03, 89.76it/s]
 33%|███▎      | 48217/145449 [07:47<18:54, 85.69it/s]
 33%|███▎      | 48226/145449 [07:48<20:04, 80.72it/s]
 33%|███▎      | 48235/145449 [07:48<20:41, 78.27it/s]
 33%|███▎      | 48250/145449 [07:48<16:51, 96.13it/s]
 33%|███▎      | 48261/145449 [07:48<17:15, 93.86it/s]
 33%|███▎      | 48273/145449 [07:48<16:31, 98.04it/s]
 33%|███▎      | 48284/145449 [07:48<19:44, 82.00it/s]
 33%|███▎      | 48297/145449 [07:48<17:38, 91.82it/s]
 33%|███▎      | 48311/145449 [07:48<15:50, 102.19it/s]
 33%|███▎      | 48329/145449 [07:49<13:27, 120.21it/s]
 33%|███▎      | 48342/145449 [07:49<14:21, 112.78it/s]
 33%|███▎      | 48357/145449 [07:49<13:16, 121.94it/s]
 33%|███▎      | 48370/145449 [07:49<13:51, 116.76it/s]
 33%|███▎      | 48383/145449 [07:49<14:14, 113.54it/s]
 33%|███▎      | 48395/145449 [07:49<15:03, 107.43it/s]
 33%|███▎      | 48406/145449 [07:49<14:59, 107.93it/s]
 33%|███▎      | 48417/145449 [07:49<16:09, 100.04it/s]
 33%|███▎      | 48428/145449 [07:49<16:18, 99.12it/s] 
 33%|███▎      | 48439/145449 [07:50<18:11, 88.89it/s]
 33%|███▎      | 48453/145449 [07:50<16:07, 100.29it/s]
 33%|███▎      | 48464/145449 [07:50<20:02, 80.63it/s] 
 33%|███▎      | 48473/145449 [07:50<21:08, 76.44it/s]
 33%|███▎      | 48485/145449 [07:50<18:44, 86.26it/s]
 33%|███▎      | 48495/145449 [07:50<20:14, 79.82it/s]
 33%|███▎      | 48507/145449 [07:50<18:12, 88.77it/s]
 33%|███▎      | 48517/145449 [07:51<17:54, 90.21it/s]
 33%|███▎      | 48529/145449 [07:51<17:27, 92.56it/s]
 33%|███▎      | 48540/145449 [07:51<16:44, 96.43it/s]
 33%|███▎      | 48557/145449 [07:51<14:07, 114.33it/s]
 33%|███▎      | 48574/145449 [07:51<12:32, 128.75it/s]
 33%|███▎      | 48588/145449 [07:51<12:28, 129.42it/s]
 33%|███▎      | 48604/145449 [07:51<11:44, 137.52it/s]
 33%|███▎      | 48619/145449 [07:51<11:35, 139.19it/s]
 33%|███▎      | 48634/145449 [07:51<11:50, 136.29it/s]
 33%|███▎      | 48651/145449 [07:52<11:33, 139.55it/s]
 33%|███▎      | 48667/145449 [07:52<11:07, 145.08it/s]
 33%|███▎      | 48682/145449 [07:52<11:57, 134.91it/s]
 33%|███▎      | 48697/145449 [07:52<11:54, 135.48it/s]
 33%|███▎      | 48711/145449 [07:52<12:14, 131.73it/s]
 33%|███▎      | 48725/145449 [07:52<12:40, 127.25it/s]
 34%|███▎      | 48738/145449 [07:52<12:49, 125.61it/s]
 34%|███▎      | 48751/145449 [07:52<13:58, 115.38it/s]
 34%|███▎      | 48763/145449 [07:52<15:04, 106.87it/s]
 34%|███▎      | 48774/145449 [07:53<16:41, 96.55it/s] 
 34%|███▎      | 48788/145449 [07:53<15:11, 106.03it/s]
 34%|███▎      | 48800/145449 [07:53<15:27, 104.20it/s]
 34%|███▎      | 48811/145449 [07:53<16:49, 95.70it/s] 
 34%|███▎      | 48824/145449 [07:53<15:28, 104.06it/s]
 34%|███▎      | 48840/145449 [07:53<13:46, 116.93it/s]
 34%|███▎      | 48854/145449 [07:53<13:41, 117.56it/s]
 34%|███▎      | 48866/145449 [07:54<16:56, 95.02it/s] 
 34%|███▎      | 48877/145449 [07:54<18:09, 88.67it/s]
 34%|███▎      | 48889/145449 [07:54<17:16, 93.17it/s]
 34%|███▎      | 48899/145449 [07:54<18:23, 87.47it/s]
 34%|███▎      | 48915/145449 [07:54<15:42, 102.37it/s]
 34%|███▎      | 48926/145449 [07:54<16:52, 95.34it/s] 
 34%|███▎      | 48938/145449 [07:54<16:16, 98.82it/s]
 34%|███▎      | 48949/145449 [07:54<16:57, 94.80it/s]
 34%|███▎      | 48959/145449 [07:55<18:33, 86.63it/s]
 34%|███▎      | 48972/145449 [07:55<16:39, 96.48it/s]
 34%|███▎      | 48984/145449 [07:55<16:19, 98.44it/s]
 34%|███▎      | 48995/145449 [07:55<16:31, 97.28it/s]
 34%|███▎      | 49005/145449 [07:55<18:08, 88.59it/s]
 34%|███▎      | 49015/145449 [07:55<23:03, 69.72it/s]
 34%|███▎      | 49027/145449 [07:55<19:56, 80.62it/s]
 34%|███▎      | 49037/145449 [07:55<18:59, 84.64it/s]
 34%|███▎      | 49047/145449 [07:56<18:17, 87.84it/s]
 34%|███▎      | 49068/145449 [07:56<13:42, 117.24it/s]
 34%|███▎      | 49086/145449 [07:56<12:31, 128.26it/s]
 34%|███▍      | 49101/145449 [07:56<12:35, 127.59it/s]
 34%|███▍      | 49120/145449 [07:56<11:11, 143.56it/s]
 34%|███▍      | 49135/145449 [07:56<14:01, 114.47it/s]
 34%|███▍      | 49148/145449 [07:56<18:55, 84.83it/s] 
 34%|███▍      | 49159/145449 [07:57<18:14, 87.95it/s]
 34%|███▍      | 49172/145449 [07:57<16:48, 95.48it/s]
 34%|███▍      | 49188/145449 [07:57<14:40, 109.31it/s]
 34%|███▍      | 49201/145449 [07:57<16:20, 98.15it/s] 
 34%|███▍      | 49212/145449 [07:57<17:14, 93.07it/s]
 34%|███▍      | 49222/145449 [07:57<18:16, 87.75it/s]
 34%|███▍      | 49242/145449 [07:57<14:06, 113.72it/s]
 34%|███▍      | 49260/145449 [07:57<12:24, 129.16it/s]
 34%|███▍      | 49274/145449 [07:58<13:04, 122.61it/s]
 34%|███▍      | 49287/145449 [07:58<17:47, 90.10it/s] 
 34%|███▍      | 49298/145449 [07:58<18:55, 84.68it/s]
 34%|███▍      | 49310/145449 [07:58<17:35, 91.08it/s]
 34%|███▍      | 49321/145449 [07:58<18:10, 88.16it/s]
 34%|███▍      | 49336/145449 [07:58<16:04, 99.66it/s]
 34%|███▍      | 49347/145449 [07:58<16:00, 100.09it/s]
 34%|███▍      | 49366/145449 [07:59<13:17, 120.46it/s]
 34%|███▍      | 49380/145449 [07:59<12:58, 123.33it/s]
 34%|███▍      | 49393/145449 [07:59<16:22, 97.75it/s] 
 34%|███▍      | 49407/145449 [07:59<15:18, 104.51it/s]
 34%|███▍      | 49422/145449 [07:59<13:57, 114.69it/s]
 34%|███▍      | 49435/145449 [07:59<15:47, 101.33it/s]
 34%|███▍      | 49448/145449 [07:59<15:13, 105.11it/s]
 34%|███▍      | 49465/145449 [07:59<13:17, 120.42it/s]
 34%|███▍      | 49478/145449 [08:00<13:29, 118.50it/s]
 34%|███▍      | 49491/145449 [08:00<14:02, 113.83it/s]
 34%|███▍      | 49503/145449 [08:00<14:12, 112.54it/s]
 34%|███▍      | 49520/145449 [08:00<12:39, 126.27it/s]
 34%|███▍      | 49533/145449 [08:00<12:35, 126.88it/s]
 34%|███▍      | 49546/145449 [08:00<13:21, 119.71it/s]
 34%|███▍      | 49559/145449 [08:00<14:01, 113.91it/s]
 34%|███▍      | 49571/145449 [08:00<17:40, 90.44it/s] 
 34%|███▍      | 49581/145449 [08:01<18:06, 88.26it/s]
 34%|███▍      | 49600/145449 [08:01<14:24, 110.92it/s]
 34%|███▍      | 49612/145449 [08:01<14:42, 108.56it/s]
 34%|███▍      | 49625/145449 [08:01<14:41, 108.72it/s]
 34%|███▍      | 49637/145449 [08:01<16:02, 99.50it/s] 
 34%|███▍      | 49648/145449 [08:01<17:12, 92.77it/s]
 34%|███▍      | 49658/145449 [08:01<18:19, 87.11it/s]
 34%|███▍      | 49668/145449 [08:01<17:51, 89.37it/s]
 34%|███▍      | 49682/145449 [08:02<15:50, 100.73it/s]
 34%|███▍      | 49693/145449 [08:02<16:53, 94.44it/s] 
 34%|███▍      | 49708/145449 [08:02<14:44, 108.22it/s]
 34%|███▍      | 49727/145449 [08:02<12:22, 128.99it/s]
 34%|███▍      | 49741/145449 [08:02<14:44, 108.23it/s]
 34%|███▍      | 49753/145449 [08:02<14:22, 110.92it/s]
 34%|███▍      | 49765/145449 [08:02<15:22, 103.76it/s]
 34%|███▍      | 49776/145449 [08:02<16:37, 95.90it/s] 
 34%|███▍      | 49786/145449 [08:03<21:19, 74.77it/s]
 34%|███▍      | 49795/145449 [08:03<21:35, 73.86it/s]
 34%|███▍      | 49803/145449 [08:03<22:58, 69.38it/s]
 34%|███▍      | 49815/145449 [08:03<20:17, 78.54it/s]
 34%|███▍      | 49827/145449 [08:03<18:20, 86.88it/s]
 34%|███▍      | 49839/145449 [08:03<16:45, 95.04it/s]
 34%|███▍      | 49850/145449 [08:03<16:16, 97.94it/s]
 34%|███▍      | 49861/145449 [08:03<16:13, 98.21it/s]
 34%|███▍      | 49877/145449 [08:04<14:56, 106.65it/s]
 34%|███▍      | 49890/145449 [08:04<14:23, 110.61it/s]
 34%|███▍      | 49904/145449 [08:04<13:38, 116.78it/s]
 34%|███▍      | 49916/145449 [08:04<15:39, 101.66it/s]
 34%|███▍      | 49927/145449 [08:04<20:07, 79.12it/s] 
 34%|███▍      | 49944/145449 [08:04<16:22, 97.24it/s]
 34%|███▍      | 49955/145449 [08:04<16:20, 97.38it/s]
 34%|███▍      | 49977/145449 [08:04<12:30, 127.17it/s]
 34%|███▍      | 49991/145449 [08:05<12:35, 126.33it/s]
 34%|███▍      | 50005/145449 [08:05<12:49, 123.99it/s]
 34%|███▍      | 50019/145449 [08:05<15:20, 103.68it/s]
 34%|███▍      | 50035/145449 [08:05<13:39, 116.48it/s]
 34%|███▍      | 50048/145449 [08:05<18:07, 87.69it/s] 
 34%|███▍      | 50059/145449 [08:05<19:28, 81.64it/s]
 34%|███▍      | 50069/145449 [08:06<20:55, 75.96it/s]
 34%|███▍      | 50079/145449 [08:06<19:45, 80.43it/s]
 34%|███▍      | 50089/145449 [08:06<19:24, 81.92it/s]
 34%|███▍      | 50098/145449 [08:06<18:59, 83.66it/s]
 34%|███▍      | 50114/145449 [08:06<15:43, 101.01it/s]
 34%|███▍      | 50127/145449 [08:06<14:39, 108.34it/s]
 34%|███▍      | 50139/145449 [08:06<17:32, 90.59it/s] 
 34%|███▍      | 50151/145449 [08:06<16:25, 96.69it/s]
 34%|███▍      | 50162/145449 [08:07<20:11, 78.66it/s]
 34%|███▍      | 50177/145449 [08:07<16:55, 93.82it/s]
 35%|███▍      | 50191/145449 [08:07<15:17, 103.85it/s]
 35%|███▍      | 50206/145449 [08:07<13:45, 115.36it/s]
 35%|███▍      | 50219/145449 [08:07<14:14, 111.42it/s]
 35%|███▍      | 50231/145449 [08:07<15:38, 101.44it/s]
 35%|███▍      | 50242/145449 [08:07<16:36, 95.58it/s] 
 35%|███▍      | 50252/145449 [08:07<16:39, 95.28it/s]
 35%|███▍      | 50267/145449 [08:08<14:34, 108.87it/s]
 35%|███▍      | 50279/145449 [08:08<15:37, 101.53it/s]
 35%|███▍      | 50292/145449 [08:08<14:49, 107.03it/s]
 35%|███▍      | 50304/145449 [08:08<16:16, 97.47it/s] 
 35%|███▍      | 50316/145449 [08:08<15:56, 99.51it/s]
 35%|███▍      | 50331/145449 [08:08<14:10, 111.81it/s]
 35%|███▍      | 50344/145449 [08:08<14:00, 113.17it/s]
 35%|███▍      | 50356/145449 [08:08<15:09, 104.55it/s]
 35%|███▍      | 50367/145449 [08:09<16:17, 97.30it/s] 
 35%|███▍      | 50377/145449 [08:09<17:10, 92.22it/s]
 35%|███▍      | 50390/145449 [08:09<15:53, 99.71it/s]
 35%|███▍      | 50406/145449 [08:09<13:58, 113.37it/s]
 35%|███▍      | 50419/145449 [08:09<13:58, 113.32it/s]
 35%|███▍      | 50431/145449 [08:09<14:36, 108.47it/s]
 35%|███▍      | 50442/145449 [08:09<17:19, 91.36it/s] 
 35%|███▍      | 50455/145449 [08:09<15:57, 99.23it/s]
 35%|███▍      | 50466/145449 [08:09<15:58, 99.13it/s]
 35%|███▍      | 50478/145449 [08:10<16:41, 94.84it/s]
 35%|███▍      | 50490/145449 [08:10<15:52, 99.67it/s]
 35%|███▍      | 50505/145449 [08:10<14:10, 111.66it/s]
 35%|███▍      | 50523/145449 [08:10<12:13, 129.45it/s]
 35%|███▍      | 50538/145449 [08:10<12:12, 129.51it/s]
 35%|███▍      | 50552/145449 [08:10<12:46, 123.84it/s]
 35%|███▍      | 50565/145449 [08:10<14:22, 110.04it/s]
 35%|███▍      | 50577/145449 [08:10<14:21, 110.18it/s]
 35%|███▍      | 50591/145449 [08:11<13:45, 114.86it/s]
 35%|███▍      | 50603/145449 [08:11<15:03, 104.98it/s]
 35%|███▍      | 50614/145449 [08:11<15:56, 99.12it/s] 
 35%|███▍      | 50626/145449 [08:11<15:22, 102.84it/s]
 35%|███▍      | 50638/145449 [08:11<14:51, 106.32it/s]
 35%|███▍      | 50651/145449 [08:11<14:30, 108.92it/s]
 35%|███▍      | 50663/145449 [08:11<16:19, 96.73it/s] 
 35%|███▍      | 50679/145449 [08:11<14:03, 112.33it/s]
 35%|███▍      | 50694/145449 [08:12<13:07, 120.28it/s]
 35%|███▍      | 50707/145449 [08:12<13:59, 112.80it/s]
 35%|███▍      | 50720/145449 [08:12<13:35, 116.10it/s]
 35%|███▍      | 50732/145449 [08:12<14:59, 105.26it/s]
 35%|███▍      | 50743/145449 [08:12<17:16, 91.36it/s] 
 35%|███▍      | 50755/145449 [08:12<17:03, 92.49it/s]
 35%|███▍      | 50768/145449 [08:12<15:33, 101.44it/s]
 35%|███▍      | 50783/145449 [08:12<14:00, 112.59it/s]
 35%|███▍      | 50795/145449 [08:12<13:48, 114.31it/s]
 35%|███▍      | 50807/145449 [08:13<13:57, 113.04it/s]
 35%|███▍      | 50819/145449 [08:13<13:45, 114.58it/s]
 35%|███▍      | 50831/145449 [08:13<14:35, 108.09it/s]
 35%|███▍      | 50842/145449 [08:13<15:05, 104.47it/s]
 35%|███▍      | 50853/145449 [08:13<16:49, 93.75it/s] 
 35%|███▍      | 50863/145449 [08:13<20:50, 75.67it/s]
 35%|███▍      | 50872/145449 [08:13<23:53, 65.95it/s]
 35%|███▍      | 50884/145449 [08:14<20:54, 75.40it/s]
 35%|███▍      | 50897/145449 [08:14<18:05, 87.13it/s]
 35%|███▌      | 50911/145449 [08:14<15:58, 98.59it/s]
 35%|███▌      | 50922/145449 [08:14<16:01, 98.32it/s]
 35%|███▌      | 50933/145449 [08:14<15:36, 100.90it/s]
 35%|███▌      | 50947/145449 [08:14<14:22, 109.59it/s]
 35%|███▌      | 50959/145449 [08:14<14:39, 107.46it/s]
 35%|███▌      | 50970/145449 [08:14<14:53, 105.74it/s]
 35%|███▌      | 50981/145449 [08:14<14:50, 106.13it/s]
 35%|███▌      | 50992/145449 [08:15<16:59, 92.66it/s] 
 35%|███▌      | 51002/145449 [08:15<17:18, 90.99it/s]
 35%|███▌      | 51014/145449 [08:15<16:01, 98.18it/s]
 35%|███▌      | 51025/145449 [08:15<17:27, 90.16it/s]
 35%|███▌      | 51039/145449 [08:15<15:33, 101.15it/s]
 35%|███▌      | 51050/145449 [08:15<17:34, 89.54it/s] 
 35%|███▌      | 51062/145449 [08:15<16:46, 93.74it/s]
 35%|███▌      | 51072/145449 [08:15<17:18, 90.90it/s]
 35%|███▌      | 51082/145449 [08:16<20:27, 76.86it/s]
 35%|███▌      | 51092/145449 [08:16<19:39, 80.00it/s]
 35%|███▌      | 51101/145449 [08:16<20:21, 77.26it/s]
 35%|███▌      | 51109/145449 [08:16<20:14, 77.65it/s]
 35%|███▌      | 51118/145449 [08:16<19:52, 79.09it/s]
 35%|███▌      | 51131/145449 [08:16<17:03, 92.18it/s]
 35%|███▌      | 51141/145449 [08:16<17:02, 92.21it/s]
 35%|███▌      | 51151/145449 [08:16<17:58, 87.42it/s]
 35%|███▌      | 51169/145449 [08:17<14:19, 109.75it/s]
 35%|███▌      | 51182/145449 [08:17<13:53, 113.05it/s]
 35%|███▌      | 51194/145449 [08:17<14:26, 108.83it/s]
 35%|███▌      | 51206/145449 [08:17<16:19, 96.22it/s] 
 35%|███▌      | 51216/145449 [08:17<16:42, 94.01it/s]
 35%|███▌      | 51226/145449 [08:17<16:55, 92.80it/s]
 35%|███▌      | 51240/145449 [08:17<15:13, 103.17it/s]
 35%|███▌      | 51251/145449 [08:17<16:20, 96.07it/s] 
 35%|███▌      | 51264/145449 [08:17<15:04, 104.18it/s]
 35%|███▌      | 51275/145449 [08:18<17:02, 92.14it/s] 
 35%|███▌      | 51285/145449 [08:18<17:19, 90.60it/s]
 35%|███▌      | 51295/145449 [08:18<17:32, 89.44it/s]
 35%|███▌      | 51305/145449 [08:18<18:26, 85.09it/s]
 35%|███▌      | 51318/145449 [08:18<17:02, 92.07it/s]
 35%|███▌      | 51333/145449 [08:18<15:00, 104.57it/s]
 35%|███▌      | 51344/145449 [08:18<16:05, 97.50it/s] 
 35%|███▌      | 51356/145449 [08:18<15:47, 99.32it/s]
 35%|███▌      | 51367/145449 [08:19<16:54, 92.72it/s]
 35%|███▌      | 51377/145449 [08:19<17:40, 88.70it/s]
 35%|███▌      | 51386/145449 [08:19<19:23, 80.85it/s]
 35%|███▌      | 51397/145449 [08:19<18:08, 86.42it/s]
 35%|███▌      | 51415/145449 [08:19<14:14, 110.02it/s]
 35%|███▌      | 51427/145449 [08:19<15:47, 99.22it/s] 
 35%|███▌      | 51438/145449 [08:19<15:23, 101.75it/s]
 35%|███▌      | 51455/145449 [08:19<13:39, 114.71it/s]
 35%|███▌      | 51469/145449 [08:20<13:22, 117.09it/s]
 35%|███▌      | 51488/145449 [08:20<11:44, 133.30it/s]
 35%|███▌      | 51509/145449 [08:20<10:24, 150.38it/s]
 35%|███▌      | 51525/145449 [08:20<10:33, 148.24it/s]
 35%|███▌      | 51540/145449 [08:20<11:37, 134.70it/s]
 35%|███▌      | 51554/145449 [08:20<12:27, 125.53it/s]
 35%|███▌      | 51571/145449 [08:20<11:26, 136.74it/s]
 35%|███▌      | 51586/145449 [08:20<11:20, 137.88it/s]
 35%|███▌      | 51601/145449 [08:21<11:50, 132.00it/s]
 35%|███▌      | 51615/145449 [08:21<13:58, 111.91it/s]
 35%|███▌      | 51627/145449 [08:21<17:38, 88.66it/s] 
 36%|███▌      | 51637/145449 [08:21<17:16, 90.54it/s]
 36%|███▌      | 51647/145449 [08:21<17:30, 89.33it/s]
 36%|███▌      | 51657/145449 [08:21<19:11, 81.45it/s]
 36%|███▌      | 51666/145449 [08:21<19:55, 78.46it/s]
 36%|███▌      | 51675/145449 [08:22<19:34, 79.85it/s]
 36%|███▌      | 51685/145449 [08:22<18:53, 82.72it/s]
 36%|███▌      | 51697/145449 [08:22<17:00, 91.89it/s]
 36%|███▌      | 51720/145449 [08:22<12:16, 127.26it/s]
 36%|███▌      | 51734/145449 [08:22<12:14, 127.53it/s]
 36%|███▌      | 51748/145449 [08:22<12:34, 124.17it/s]
 36%|███▌      | 51762/145449 [08:22<12:22, 126.15it/s]
 36%|███▌      | 51775/145449 [08:22<12:28, 125.12it/s]
 36%|███▌      | 51788/145449 [08:22<12:25, 125.65it/s]
 36%|███▌      | 51801/145449 [08:22<12:21, 126.27it/s]
 36%|███▌      | 51814/145449 [08:23<13:51, 112.66it/s]
 36%|███▌      | 51826/145449 [08:23<15:33, 100.32it/s]
 36%|███▌      | 51846/145449 [08:23<12:30, 124.72it/s]
 36%|███▌      | 51860/145449 [08:23<14:34, 107.02it/s]
 36%|███▌      | 51872/145449 [08:23<15:03, 103.59it/s]
 36%|███▌      | 51884/145449 [08:23<14:34, 106.94it/s]
 36%|███▌      | 51897/145449 [08:23<14:04, 110.81it/s]
 36%|███▌      | 51910/145449 [08:23<13:39, 114.10it/s]
 36%|███▌      | 51922/145449 [08:24<13:54, 112.03it/s]
 36%|███▌      | 51934/145449 [08:24<14:23, 108.33it/s]
 36%|███▌      | 51945/145449 [08:24<16:41, 93.38it/s] 
 36%|███▌      | 51955/145449 [08:24<17:36, 88.47it/s]
 36%|███▌      | 51965/145449 [08:24<17:18, 90.05it/s]
 36%|███▌      | 51975/145449 [08:24<18:29, 84.23it/s]
 36%|███▌      | 51984/145449 [08:24<21:00, 74.16it/s]
 36%|███▌      | 51992/145449 [08:25<25:00, 62.28it/s]
 36%|███▌      | 52003/145449 [08:25<21:43, 71.67it/s]
 36%|███▌      | 52012/145449 [08:25<20:40, 75.32it/s]
 36%|███▌      | 52024/145449 [08:25<18:32, 83.96it/s]
 36%|███▌      | 52034/145449 [08:25<17:55, 86.86it/s]
 36%|███▌      | 52046/145449 [08:25<16:52, 92.23it/s]
 36%|███▌      | 52056/145449 [08:25<17:20, 89.73it/s]
 36%|███▌      | 52066/145449 [08:25<17:02, 91.36it/s]
 36%|███▌      | 52079/145449 [08:25<15:17, 101.73it/s]
 36%|███▌      | 52097/145449 [08:26<12:41, 122.67it/s]
 36%|███▌      | 52110/145449 [08:26<13:18, 116.94it/s]
 36%|███▌      | 52129/145449 [08:26<11:32, 134.80it/s]
 36%|███▌      | 52143/145449 [08:26<14:17, 108.75it/s]
 36%|███▌      | 52155/145449 [08:26<14:43, 105.58it/s]
 36%|███▌      | 52172/145449 [08:26<12:54, 120.49it/s]
 36%|███▌      | 52185/145449 [08:26<13:59, 111.07it/s]
 36%|███▌      | 52197/145449 [08:26<13:44, 113.12it/s]
 36%|███▌      | 52210/145449 [08:27<13:19, 116.69it/s]
 36%|███▌      | 52228/145449 [08:27<11:39, 133.20it/s]
 36%|███▌      | 52243/145449 [08:27<11:31, 134.88it/s]
 36%|███▌      | 52257/145449 [08:27<12:05, 128.40it/s]
 36%|███▌      | 52271/145449 [08:27<14:00, 110.90it/s]
 36%|███▌      | 52284/145449 [08:27<13:51, 112.05it/s]
 36%|███▌      | 52299/145449 [08:27<12:45, 121.67it/s]
 36%|███▌      | 52312/145449 [08:27<14:53, 104.21it/s]
 36%|███▌      | 52329/145449 [08:28<13:04, 118.68it/s]
 36%|███▌      | 52344/145449 [08:28<12:54, 120.17it/s]
 36%|███▌      | 52357/145449 [08:28<13:36, 114.05it/s]
 36%|███▌      | 52369/145449 [08:28<14:10, 109.47it/s]
 36%|███▌      | 52383/145449 [08:28<13:18, 116.49it/s]
 36%|███▌      | 52395/145449 [08:28<14:51, 104.40it/s]
 36%|███▌      | 52407/145449 [08:28<14:27, 107.29it/s]
 36%|███▌      | 52419/145449 [08:28<14:34, 106.33it/s]
 36%|███▌      | 52430/145449 [08:29<15:49, 97.97it/s] 
 36%|███▌      | 52441/145449 [08:29<15:27, 100.22it/s]
 36%|███▌      | 52452/145449 [08:29<16:21, 94.75it/s] 
 36%|███▌      | 52466/145449 [08:29<14:41, 105.53it/s]
 36%|███▌      | 52480/145449 [08:29<13:49, 112.09it/s]
 36%|███▌      | 52496/145449 [08:29<12:27, 124.30it/s]
 36%|███▌      | 52510/145449 [08:29<12:13, 126.65it/s]
 36%|███▌      | 52523/145449 [08:29<14:07, 109.66it/s]
 36%|███▌      | 52536/145449 [08:29<13:59, 110.64it/s]
 36%|███▌      | 52548/145449 [08:30<15:36, 99.15it/s] 
 36%|███▌      | 52559/145449 [08:30<16:07, 95.99it/s]
 36%|███▌      | 52569/145449 [08:30<18:12, 85.05it/s]
 36%|███▌      | 52578/145449 [08:30<19:15, 80.37it/s]
 36%|███▌      | 52590/145449 [08:30<18:02, 85.75it/s]
 36%|███▌      | 52602/145449 [08:30<16:34, 93.36it/s]
 36%|███▌      | 52618/145449 [08:30<14:11, 108.97it/s]
 36%|███▌      | 52630/145449 [08:30<14:40, 105.39it/s]
 36%|███▌      | 52649/145449 [08:31<12:49, 120.61it/s]
 36%|███▌      | 52662/145449 [08:31<12:45, 121.16it/s]
 36%|███▌      | 52675/145449 [08:31<13:42, 112.86it/s]
 36%|███▌      | 52687/145449 [08:31<14:15, 108.44it/s]
 36%|███▌      | 52698/145449 [08:31<15:17, 101.08it/s]
 36%|███▌      | 52710/145449 [08:31<14:36, 105.83it/s]
 36%|███▌      | 52721/145449 [08:31<15:07, 102.19it/s]
 36%|███▋      | 52732/145449 [08:31<16:25, 94.11it/s] 
 36%|███▋      | 52746/145449 [08:32<14:47, 104.48it/s]
 36%|███▋      | 52760/145449 [08:32<13:34, 113.77it/s]
 36%|███▋      | 52777/145449 [08:32<11:59, 128.80it/s]
 36%|███▋      | 52791/145449 [08:32<12:37, 122.27it/s]
 36%|███▋      | 52804/145449 [08:32<12:29, 123.68it/s]
 36%|███▋      | 52817/145449 [08:32<12:53, 119.69it/s]
 36%|███▋      | 52832/145449 [08:32<12:08, 127.15it/s]
 36%|███▋      | 52845/145449 [08:32<13:58, 110.46it/s]
 36%|███▋      | 52857/145449 [08:33<16:31, 93.39it/s] 
 36%|███▋      | 52868/145449 [08:33<17:20, 89.00it/s]
 36%|███▋      | 52878/145449 [08:33<19:05, 80.84it/s]
 36%|███▋      | 52887/145449 [08:33<19:03, 80.94it/s]
 36%|███▋      | 52896/145449 [08:33<19:47, 77.93it/s]
 36%|███▋      | 52904/145449 [08:33<20:46, 74.27it/s]
 36%|███▋      | 52919/145449 [08:33<16:59, 90.74it/s]
 36%|███▋      | 52937/145449 [08:33<13:42, 112.43it/s]
 36%|███▋      | 52949/145449 [08:34<13:50, 111.42it/s]
 36%|███▋      | 52961/145449 [08:34<15:37, 98.66it/s] 
 36%|███▋      | 52972/145449 [08:34<16:19, 94.44it/s]
 36%|███▋      | 52982/145449 [08:34<17:03, 90.38it/s]
 36%|███▋      | 53000/145449 [08:34<14:07, 109.04it/s]
 36%|███▋      | 53012/145449 [08:34<13:56, 110.53it/s]
 36%|███▋      | 53024/145449 [08:34<14:23, 107.00it/s]
 36%|███▋      | 53035/145449 [08:34<17:06, 90.01it/s] 
 36%|███▋      | 53050/145449 [08:35<14:58, 102.79it/s]
 36%|███▋      | 53065/145449 [08:35<13:50, 111.25it/s]
 36%|███▋      | 53077/145449 [08:35<14:04, 109.44it/s]
 37%|███▋      | 53092/145449 [08:35<13:29, 114.13it/s]
 37%|███▋      | 53106/145449 [08:35<12:50, 119.84it/s]
 37%|███▋      | 53119/145449 [08:35<13:07, 117.29it/s]
 37%|███▋      | 53131/145449 [08:35<14:10, 108.48it/s]
 37%|███▋      | 53143/145449 [08:35<14:08, 108.80it/s]
 37%|███▋      | 53155/145449 [08:36<14:42, 104.58it/s]
 37%|███▋      | 53168/145449 [08:36<14:00, 109.74it/s]
 37%|███▋      | 53180/145449 [08:36<15:33, 98.82it/s] 
 37%|███▋      | 53191/145449 [08:36<17:37, 87.20it/s]
 37%|███▋      | 53203/145449 [08:36<17:00, 90.41it/s]
 37%|███▋      | 53213/145449 [08:36<16:49, 91.38it/s]
 37%|███▋      | 53223/145449 [08:36<17:41, 86.91it/s]
 37%|███▋      | 53235/145449 [08:36<16:31, 93.01it/s]
 37%|███▋      | 53245/145449 [08:37<17:27, 88.06it/s]
 37%|███▋      | 53254/145449 [08:37<18:34, 82.74it/s]
 37%|███▋      | 53263/145449 [08:37<18:50, 81.56it/s]
 37%|███▋      | 53277/145449 [08:37<16:01, 95.86it/s]
 37%|███▋      | 53290/145449 [08:37<14:51, 103.42it/s]
 37%|███▋      | 53301/145449 [08:37<15:36, 98.43it/s] 
 37%|███▋      | 53312/145449 [08:37<16:58, 90.44it/s]
 37%|███▋      | 53322/145449 [08:37<17:18, 88.69it/s]
 37%|███▋      | 53332/145449 [08:37<17:01, 90.15it/s]
 37%|███▋      | 53344/145449 [08:38<15:52, 96.71it/s]
 37%|███▋      | 53354/145449 [08:38<17:17, 88.74it/s]
 37%|███▋      | 53368/145449 [08:38<15:56, 96.31it/s]
 37%|███▋      | 53383/145449 [08:38<13:55, 110.14it/s]
 37%|███▋      | 53395/145449 [08:38<13:47, 111.25it/s]
 37%|███▋      | 53407/145449 [08:38<15:18, 100.23it/s]
 37%|███▋      | 53418/145449 [08:38<17:31, 87.56it/s] 
 37%|███▋      | 53428/145449 [08:38<17:44, 86.48it/s]
 37%|███▋      | 53438/145449 [08:39<17:09, 89.33it/s]
 37%|███▋      | 53448/145449 [08:39<17:41, 86.66it/s]
 37%|███▋      | 53464/145449 [08:39<15:40, 97.84it/s]
 37%|███▋      | 53474/145449 [08:39<16:42, 91.76it/s]
 37%|███▋      | 53490/145449 [08:39<14:24, 106.41it/s]
 37%|███▋      | 53501/145449 [08:39<15:00, 102.16it/s]
 37%|███▋      | 53512/145449 [08:39<15:47, 97.00it/s] 
 37%|███▋      | 53526/145449 [08:39<14:15, 107.45it/s]
 37%|███▋      | 53537/145449 [08:40<14:21, 106.68it/s]
 37%|███▋      | 53548/145449 [08:40<15:18, 100.05it/s]
 37%|███▋      | 53562/145449 [08:40<14:30, 105.58it/s]
 37%|███▋      | 53574/145449 [08:40<14:04, 108.81it/s]
 37%|███▋      | 53585/145449 [08:40<15:36, 98.12it/s] 
 37%|███▋      | 53596/145449 [08:40<19:09, 79.94it/s]
 37%|███▋      | 53605/145449 [08:40<20:30, 74.62it/s]
 37%|███▋      | 53615/145449 [08:40<19:06, 80.13it/s]
 37%|███▋      | 53624/145449 [08:41<23:29, 65.13it/s]
 37%|███▋      | 53638/145449 [08:41<18:52, 81.07it/s]
 37%|███▋      | 53653/145449 [08:41<16:01, 95.48it/s]
 37%|███▋      | 53664/145449 [08:41<16:12, 94.41it/s]
 37%|███▋      | 53682/145449 [08:41<13:19, 114.74it/s]
 37%|███▋      | 53697/145449 [08:41<12:22, 123.52it/s]
 37%|███▋      | 53712/145449 [08:41<11:47, 129.75it/s]
 37%|███▋      | 53729/145449 [08:41<11:28, 133.29it/s]
 37%|███▋      | 53744/145449 [08:42<11:06, 137.52it/s]
 37%|███▋      | 53762/145449 [08:42<10:42, 142.75it/s]
 37%|███▋      | 53778/145449 [08:42<10:26, 146.35it/s]
 37%|███▋      | 53794/145449 [08:42<10:18, 148.19it/s]
 37%|███▋      | 53809/145449 [08:42<10:38, 143.55it/s]
 37%|███▋      | 53824/145449 [08:42<12:50, 118.93it/s]
 37%|███▋      | 53837/145449 [08:42<13:13, 115.46it/s]
 37%|███▋      | 53850/145449 [08:42<13:15, 115.08it/s]
 37%|███▋      | 53863/145449 [08:43<14:00, 108.97it/s]
 37%|███▋      | 53875/145449 [08:43<14:25, 105.76it/s]
 37%|███▋      | 53887/145449 [08:43<14:09, 107.77it/s]
 37%|███▋      | 53902/145449 [08:43<13:33, 112.53it/s]
 37%|███▋      | 53914/145449 [08:43<16:07, 94.62it/s] 
 37%|███▋      | 53929/145449 [08:43<14:16, 106.82it/s]
 37%|███▋      | 53944/145449 [08:43<13:24, 113.81it/s]
 37%|███▋      | 53962/145449 [08:43<12:18, 123.95it/s]
 37%|███▋      | 53975/145449 [08:44<13:42, 111.23it/s]
 37%|███▋      | 53988/145449 [08:44<13:16, 114.88it/s]
 37%|███▋      | 54003/145449 [08:44<12:24, 122.83it/s]
 37%|███▋      | 54019/145449 [08:44<11:33, 131.79it/s]
 37%|███▋      | 54033/145449 [08:44<12:17, 123.95it/s]
 37%|███▋      | 54046/145449 [08:44<12:08, 125.38it/s]
 37%|███▋      | 54060/145449 [08:44<12:09, 125.24it/s]
 37%|███▋      | 54073/145449 [08:44<13:18, 114.48it/s]
 37%|███▋      | 54085/145449 [08:44<13:39, 111.51it/s]
 37%|███▋      | 54097/145449 [08:45<15:34, 97.73it/s] 
 37%|███▋      | 54108/145449 [08:45<16:41, 91.20it/s]
 37%|███▋      | 54121/145449 [08:45<15:39, 97.20it/s]
 37%|███▋      | 54132/145449 [08:45<16:03, 94.76it/s]
 37%|███▋      | 54142/145449 [08:45<17:14, 88.29it/s]
 37%|███▋      | 54154/145449 [08:45<16:05, 94.54it/s]
 37%|███▋      | 54166/145449 [08:45<15:13, 99.92it/s]
 37%|███▋      | 54177/145449 [08:45<15:20, 99.17it/s]
 37%|███▋      | 54189/145449 [08:46<14:48, 102.77it/s]
 37%|███▋      | 54200/145449 [08:46<15:03, 100.95it/s]
 37%|███▋      | 54212/145449 [08:46<14:33, 104.43it/s]
 37%|███▋      | 54223/145449 [08:46<15:38, 97.19it/s] 
 37%|███▋      | 54238/145449 [08:46<13:51, 109.74it/s]
 37%|███▋      | 54250/145449 [08:46<14:06, 107.70it/s]
 37%|███▋      | 54261/145449 [08:46<14:36, 104.05it/s]
 37%|███▋      | 54273/145449 [08:46<14:34, 104.24it/s]
 37%|███▋      | 54287/145449 [08:46<13:40, 111.15it/s]
 37%|███▋      | 54299/145449 [08:47<14:27, 105.08it/s]
 37%|███▋      | 54311/145449 [08:47<13:56, 108.96it/s]
 37%|███▋      | 54323/145449 [08:47<14:38, 103.75it/s]
 37%|███▋      | 54335/145449 [08:47<14:41, 103.36it/s]
 37%|███▋      | 54347/145449 [08:47<14:52, 102.12it/s]
 37%|███▋      | 54361/145449 [08:47<13:54, 109.19it/s]
 37%|███▋      | 54373/145449 [08:47<15:23, 98.67it/s] 
 37%|███▋      | 54384/145449 [08:47<16:21, 92.75it/s]
 37%|███▋      | 54394/145449 [08:48<16:26, 92.27it/s]
 37%|███▋      | 54408/145449 [08:48<14:38, 103.65it/s]
 37%|███▋      | 54424/145449 [08:48<12:57, 117.07it/s]
 37%|███▋      | 54436/145449 [08:48<14:07, 107.40it/s]
 37%|███▋      | 54448/145449 [08:48<15:21, 98.74it/s] 
 37%|███▋      | 54459/145449 [08:48<15:37, 97.06it/s]
 37%|███▋      | 54473/145449 [08:48<14:16, 106.19it/s]
 37%|███▋      | 54487/145449 [08:48<13:37, 111.25it/s]
 37%|███▋      | 54499/145449 [08:49<13:24, 113.11it/s]
 37%|███▋      | 54513/145449 [08:49<13:00, 116.55it/s]
 37%|███▋      | 54525/145449 [08:49<14:05, 107.54it/s]
 37%|███▋      | 54536/145449 [08:49<17:54, 84.59it/s] 
 38%|███▊      | 54546/145449 [08:49<17:51, 84.83it/s]
 38%|███▊      | 54557/145449 [08:49<16:52, 89.73it/s]
 38%|███▊      | 54567/145449 [08:49<17:11, 88.08it/s]
 38%|███▊      | 54577/145449 [08:49<18:21, 82.49it/s]
 38%|███▊      | 54586/145449 [08:50<18:30, 81.81it/s]
 38%|███▊      | 54595/145449 [08:50<18:18, 82.73it/s]
 38%|███▊      | 54606/145449 [08:50<16:54, 89.52it/s]
 38%|███▊      | 54623/145449 [08:50<14:26, 104.85it/s]
 38%|███▊      | 54634/145449 [08:50<15:30, 97.61it/s] 
 38%|███▊      | 54646/145449 [08:50<14:44, 102.61it/s]
 38%|███▊      | 54661/145449 [08:50<13:30, 112.08it/s]
 38%|███▊      | 54673/145449 [08:50<14:00, 108.05it/s]
 38%|███▊      | 54684/145449 [08:51<16:16, 92.96it/s] 
 38%|███▊      | 54697/145449 [08:51<14:56, 101.19it/s]
 38%|███▊      | 54708/145449 [08:51<16:43, 90.41it/s] 
 38%|███▊      | 54719/145449 [08:51<16:11, 93.43it/s]
 38%|███▊      | 54732/145449 [08:51<14:52, 101.69it/s]
 38%|███▊      | 54743/145449 [08:51<15:33, 97.15it/s] 
 38%|███▊      | 54756/145449 [08:51<14:20, 105.37it/s]
 38%|███▊      | 54767/145449 [08:51<18:38, 81.07it/s] 
 38%|███▊      | 54777/145449 [08:52<17:47, 84.96it/s]
 38%|███▊      | 54791/145449 [08:52<16:23, 92.20it/s]
 38%|███▊      | 54803/145449 [08:52<15:23, 98.17it/s]
 38%|███▊      | 54821/145449 [08:52<12:40, 119.23it/s]
 38%|███▊      | 54836/145449 [08:52<11:56, 126.41it/s]
 38%|███▊      | 54850/145449 [08:52<13:17, 113.55it/s]
 38%|███▊      | 54862/145449 [08:52<13:18, 113.40it/s]
 38%|███▊      | 54874/145449 [08:52<15:00, 100.57it/s]
 38%|███▊      | 54887/145449 [08:52<14:22, 105.00it/s]
 38%|███▊      | 54898/145449 [08:53<17:17, 87.30it/s] 
 38%|███▊      | 54911/145449 [08:53<15:57, 94.54it/s]
 38%|███▊      | 54922/145449 [08:53<17:11, 87.73it/s]
 38%|███▊      | 54932/145449 [08:53<17:29, 86.24it/s]
 38%|███▊      | 54941/145449 [08:53<18:00, 83.73it/s]
 38%|███▊      | 54954/145449 [08:53<16:23, 92.02it/s]
 38%|███▊      | 54965/145449 [08:53<16:01, 94.09it/s]
 38%|███▊      | 54978/145449 [08:54<14:37, 103.13it/s]
 38%|███▊      | 54989/145449 [08:54<15:01, 100.34it/s]
 38%|███▊      | 55000/145449 [08:54<15:22, 98.02it/s] 
 38%|███▊      | 55016/145449 [08:54<13:25, 112.32it/s]
 38%|███▊      | 55032/145449 [08:54<12:02, 125.18it/s]
 38%|███▊      | 55045/145449 [08:54<13:04, 115.18it/s]
 38%|███▊      | 55058/145449 [08:54<12:47, 117.70it/s]
 38%|███▊      | 55077/145449 [08:54<11:15, 133.69it/s]
 38%|███▊      | 55091/145449 [08:54<12:04, 124.66it/s]
 38%|███▊      | 55104/145449 [08:55<12:40, 118.85it/s]
 38%|███▊      | 55117/145449 [08:55<15:29, 97.22it/s] 
 38%|███▊      | 55128/145449 [08:55<15:22, 97.94it/s]
 38%|███▊      | 55140/145449 [08:55<14:51, 101.28it/s]
 38%|███▊      | 55153/145449 [08:55<14:06, 106.71it/s]
 38%|███▊      | 55165/145449 [08:55<16:02, 93.79it/s] 
 38%|███▊      | 55184/145449 [08:55<12:51, 117.05it/s]
 38%|███▊      | 55197/145449 [08:55<13:14, 113.53it/s]
 38%|███▊      | 55209/145449 [08:56<13:17, 113.16it/s]
 38%|███▊      | 55225/145449 [08:56<11:58, 125.58it/s]
 38%|███▊      | 55239/145449 [08:56<13:45, 109.28it/s]
 38%|███▊      | 55251/145449 [08:56<15:32, 96.76it/s] 
 38%|███▊      | 55264/145449 [08:56<14:26, 104.09it/s]
 38%|███▊      | 55284/145449 [08:56<11:47, 127.44it/s]
 38%|███▊      | 55301/145449 [08:56<11:00, 136.54it/s]
 38%|███▊      | 55322/145449 [08:56<10:24, 144.28it/s]
 38%|███▊      | 55337/145449 [08:57<12:05, 124.18it/s]
 38%|███▊      | 55351/145449 [08:57<12:17, 122.19it/s]
 38%|███▊      | 55364/145449 [08:57<13:22, 112.29it/s]
 38%|███▊      | 55376/145449 [08:57<13:52, 108.15it/s]
 38%|███▊      | 55388/145449 [08:57<14:10, 105.84it/s]
 38%|███▊      | 55399/145449 [08:57<16:35, 90.42it/s] 
 38%|███▊      | 55409/145449 [08:57<16:55, 88.65it/s]
 38%|███▊      | 55420/145449 [08:58<16:01, 93.64it/s]
 38%|███▊      | 55430/145449 [08:58<15:52, 94.50it/s]
 38%|███▊      | 55441/145449 [08:58<15:13, 98.49it/s]
 38%|███▊      | 55456/145449 [08:58<13:19, 112.59it/s]
 38%|███▊      | 55470/145449 [08:58<12:34, 119.27it/s]
 38%|███▊      | 55483/145449 [08:58<15:08, 98.98it/s] 
 38%|███▊      | 55494/145449 [08:58<16:59, 88.25it/s]
 38%|███▊      | 55505/145449 [08:58<16:27, 91.06it/s]
 38%|███▊      | 55515/145449 [08:59<18:40, 80.26it/s]
 38%|███▊      | 55524/145449 [08:59<19:53, 75.32it/s]
 38%|███▊      | 55533/145449 [08:59<21:22, 70.08it/s]
 38%|███▊      | 55543/145449 [08:59<20:34, 72.83it/s]
 38%|███▊      | 55552/145449 [08:59<19:41, 76.06it/s]
 38%|███▊      | 55561/145449 [08:59<18:52, 79.40it/s]
 38%|███▊      | 55575/145449 [08:59<16:22, 91.47it/s]
 38%|███▊      | 55586/145449 [08:59<15:42, 95.37it/s]
 38%|███▊      | 55596/145449 [08:59<15:45, 95.02it/s]
 38%|███▊      | 55606/145449 [09:00<17:53, 83.66it/s]
 38%|███▊      | 55619/145449 [09:00<15:44, 95.06it/s]
 38%|███▊      | 55629/145449 [09:00<17:04, 87.65it/s]
 38%|███▊      | 55639/145449 [09:00<16:54, 88.50it/s]
 38%|███▊      | 55653/145449 [09:00<14:51, 100.71it/s]
 38%|███▊      | 55664/145449 [09:00<14:31, 103.02it/s]
 38%|███▊      | 55676/145449 [09:00<14:07, 105.92it/s]
 38%|███▊      | 55694/145449 [09:00<12:06, 123.51it/s]
 38%|███▊      | 55707/145449 [09:01<14:15, 104.88it/s]
 38%|███▊      | 55719/145449 [09:01<14:46, 101.25it/s]
 38%|███▊      | 55730/145449 [09:01<15:24, 97.01it/s] 
 38%|███▊      | 55740/145449 [09:01<15:19, 97.58it/s]
 38%|███▊      | 55750/145449 [09:01<15:22, 97.29it/s]
 38%|███▊      | 55765/145449 [09:01<13:47, 108.38it/s]
 38%|███▊      | 55777/145449 [09:01<13:53, 107.61it/s]
 38%|███▊      | 55789/145449 [09:01<13:35, 109.98it/s]
 38%|███▊      | 55801/145449 [09:01<13:14, 112.77it/s]
 38%|███▊      | 55814/145449 [09:02<13:03, 114.38it/s]
 38%|███▊      | 55826/145449 [09:02<12:53, 115.89it/s]
 38%|███▊      | 55838/145449 [09:02<14:39, 101.83it/s]
 38%|███▊      | 55849/145449 [09:02<16:40, 89.56it/s] 
 38%|███▊      | 55859/145449 [09:02<16:55, 88.22it/s]
 38%|███▊      | 55870/145449 [09:02<15:57, 93.52it/s]
 38%|███▊      | 55884/145449 [09:02<14:28, 103.08it/s]
 38%|███▊      | 55896/145449 [09:02<14:19, 104.19it/s]
 38%|███▊      | 55907/145449 [09:03<15:33, 95.89it/s] 
 38%|███▊      | 55917/145449 [09:03<16:48, 88.81it/s]
 38%|███▊      | 55928/145449 [09:03<15:50, 94.18it/s]
 38%|███▊      | 55939/145449 [09:03<15:48, 94.39it/s]
 38%|███▊      | 55949/145449 [09:03<16:35, 89.91it/s]
 38%|███▊      | 55963/145449 [09:03<15:20, 97.27it/s]
 38%|███▊      | 55974/145449 [09:03<14:53, 100.11it/s]
 38%|███▊      | 55991/145449 [09:03<12:51, 115.92it/s]
 39%|███▊      | 56003/145449 [09:04<14:47, 100.80it/s]
 39%|███▊      | 56014/145449 [09:04<15:39, 95.19it/s] 
 39%|███▊      | 56024/145449 [09:04<15:52, 93.91it/s]
 39%|███▊      | 56036/145449 [09:04<14:50, 100.44it/s]
 39%|███▊      | 56048/145449 [09:04<14:37, 101.90it/s]
 39%|███▊      | 56061/145449 [09:04<13:51, 107.52it/s]
 39%|███▊      | 56075/145449 [09:04<12:52, 115.72it/s]
 39%|███▊      | 56091/145449 [09:04<11:39, 127.77it/s]
 39%|███▊      | 56104/145449 [09:04<11:51, 125.58it/s]
 39%|███▊      | 56117/145449 [09:05<13:24, 111.08it/s]
 39%|███▊      | 56129/145449 [09:05<15:55, 93.44it/s] 
 39%|███▊      | 56141/145449 [09:05<15:15, 97.53it/s]
 39%|███▊      | 56152/145449 [09:05<16:31, 90.05it/s]
 39%|███▊      | 56166/145449 [09:05<14:59, 99.30it/s]
 39%|███▊      | 56179/145449 [09:05<14:00, 106.19it/s]
 39%|███▊      | 56193/145449 [09:05<13:16, 112.01it/s]
 39%|███▊      | 56205/145449 [09:05<14:32, 102.25it/s]
 39%|███▊      | 56216/145449 [09:06<15:35, 95.36it/s] 
 39%|███▊      | 56228/145449 [09:06<15:45, 94.39it/s]
 39%|███▊      | 56238/145449 [09:06<17:42, 83.97it/s]
 39%|███▊      | 56250/145449 [09:06<16:24, 90.61it/s]
 39%|███▊      | 56265/145449 [09:06<14:11, 104.79it/s]
 39%|███▊      | 56276/145449 [09:06<15:06, 98.39it/s] 
 39%|███▊      | 56289/145449 [09:06<14:22, 103.38it/s]
 39%|███▊      | 56300/145449 [09:06<14:11, 104.64it/s]
 39%|███▊      | 56316/145449 [09:07<12:57, 114.70it/s]
 39%|███▊      | 56328/145449 [09:07<14:28, 102.65it/s]
 39%|███▊      | 56339/145449 [09:07<15:00, 98.99it/s] 
 39%|███▊      | 56351/145449 [09:07<14:58, 99.16it/s]
 39%|███▉      | 56363/145449 [09:07<14:47, 100.37it/s]
 39%|███▉      | 56375/145449 [09:07<14:10, 104.76it/s]
 39%|███▉      | 56389/145449 [09:07<13:23, 110.90it/s]
 39%|███▉      | 56401/145449 [09:07<15:08, 98.04it/s] 
 39%|███▉      | 56417/145449 [09:08<13:15, 111.87it/s]
 39%|███▉      | 56429/145449 [09:08<13:14, 111.98it/s]
 39%|███▉      | 56441/145449 [09:08<13:25, 110.56it/s]
 39%|███▉      | 56453/145449 [09:08<18:22, 80.74it/s] 
 39%|███▉      | 56466/145449 [09:08<16:15, 91.22it/s]
 39%|███▉      | 56477/145449 [09:08<15:59, 92.73it/s]
 39%|███▉      | 56489/145449 [09:08<14:56, 99.21it/s]
 39%|███▉      | 56500/145449 [09:08<15:15, 97.15it/s]
 39%|███▉      | 56511/145449 [09:09<16:40, 88.89it/s]
 39%|███▉      | 56522/145449 [09:09<15:45, 94.07it/s]
 39%|███▉      | 56535/145449 [09:09<14:26, 102.63it/s]
 39%|███▉      | 56546/145449 [09:09<15:21, 96.52it/s] 
 39%|███▉      | 56560/145449 [09:09<13:48, 107.28it/s]
 39%|███▉      | 56578/145449 [09:09<11:49, 125.34it/s]
 39%|███▉      | 56591/145449 [09:09<13:19, 111.13it/s]
 39%|███▉      | 56603/145449 [09:09<13:23, 110.52it/s]
 39%|███▉      | 56615/145449 [09:10<14:57, 98.96it/s] 
 39%|███▉      | 56626/145449 [09:10<16:41, 88.68it/s]
 39%|███▉      | 56636/145449 [09:10<17:08, 86.32it/s]
 39%|███▉      | 56647/145449 [09:10<16:30, 89.64it/s]
 39%|███▉      | 56661/145449 [09:10<14:33, 101.69it/s]
 39%|███▉      | 56676/145449 [09:10<12:57, 114.18it/s]
 39%|███▉      | 56689/145449 [09:10<12:47, 115.66it/s]
 39%|███▉      | 56707/145449 [09:10<11:23, 129.76it/s]
 39%|███▉      | 56721/145449 [09:11<12:37, 117.10it/s]
 39%|███▉      | 56734/145449 [09:11<13:46, 107.37it/s]
 39%|███▉      | 56746/145449 [09:11<15:09, 97.52it/s] 
 39%|███▉      | 56757/145449 [09:11<14:44, 100.28it/s]
 39%|███▉      | 56768/145449 [09:11<15:21, 96.26it/s] 
 39%|███▉      | 56781/145449 [09:11<14:16, 103.53it/s]
 39%|███▉      | 56792/145449 [09:11<15:45, 93.76it/s] 
 39%|███▉      | 56802/145449 [09:11<16:46, 88.12it/s]
 39%|███▉      | 56812/145449 [09:12<18:58, 77.86it/s]
 39%|███▉      | 56821/145449 [09:12<20:10, 73.20it/s]
 39%|███▉      | 56832/145449 [09:12<18:12, 81.10it/s]
 39%|███▉      | 56847/145449 [09:12<15:14, 96.84it/s]
 39%|███▉      | 56858/145449 [09:12<15:32, 94.97it/s]
 39%|███▉      | 56868/145449 [09:12<16:56, 87.15it/s]
 39%|███▉      | 56879/145449 [09:12<16:19, 90.41it/s]
 39%|███▉      | 56889/145449 [09:12<18:02, 81.81it/s]
 39%|███▉      | 56898/145449 [09:13<18:52, 78.20it/s]
 39%|███▉      | 56907/145449 [09:13<19:04, 77.37it/s]
 39%|███▉      | 56915/145449 [09:13<19:19, 76.33it/s]
 39%|███▉      | 56928/145449 [09:13<16:26, 89.74it/s]
 39%|███▉      | 56938/145449 [09:13<16:31, 89.26it/s]
 39%|███▉      | 56948/145449 [09:13<17:00, 86.70it/s]
 39%|███▉      | 56962/145449 [09:13<15:07, 97.53it/s]
 39%|███▉      | 56972/145449 [09:13<15:24, 95.66it/s]
 39%|███▉      | 56982/145449 [09:14<15:39, 94.19it/s]
 39%|███▉      | 56992/145449 [09:14<15:24, 95.70it/s]
 39%|███▉      | 57002/145449 [09:14<15:41, 93.93it/s]
 39%|███▉      | 57013/145449 [09:14<15:10, 97.16it/s]
 39%|███▉      | 57023/145449 [09:14<16:22, 90.02it/s]
 39%|███▉      | 57033/145449 [09:14<16:10, 91.11it/s]
 39%|███▉      | 57043/145449 [09:14<17:17, 85.24it/s]
 39%|███▉      | 57057/145449 [09:14<15:57, 92.28it/s]
 39%|███▉      | 57067/145449 [09:14<17:03, 86.34it/s]
 39%|███▉      | 57085/145449 [09:15<13:27, 109.41it/s]
 39%|███▉      | 57099/145449 [09:15<13:23, 110.00it/s]
 39%|███▉      | 57111/145449 [09:15<13:30, 109.04it/s]
 39%|███▉      | 57124/145449 [09:15<13:13, 111.36it/s]
 39%|███▉      | 57136/145449 [09:15<18:19, 80.31it/s] 
 39%|███▉      | 57146/145449 [09:15<18:46, 78.39it/s]
 39%|███▉      | 57157/145449 [09:15<17:38, 83.41it/s]
 39%|███▉      | 57168/145449 [09:16<16:57, 86.78it/s]
 39%|███▉      | 57178/145449 [09:16<16:27, 89.35it/s]
 39%|███▉      | 57191/145449 [09:16<14:45, 99.68it/s]
 39%|███▉      | 57206/145449 [09:16<13:01, 112.87it/s]
 39%|███▉      | 57218/145449 [09:16<13:10, 111.57it/s]
 39%|███▉      | 57230/145449 [09:16<14:35, 100.72it/s]
 39%|███▉      | 57242/145449 [09:16<14:07, 104.02it/s]
 39%|███▉      | 57253/145449 [09:16<14:35, 100.78it/s]
 39%|███▉      | 57267/145449 [09:16<13:55, 105.53it/s]
 39%|███▉      | 57280/145449 [09:17<13:51, 106.01it/s]
 39%|███▉      | 57292/145449 [09:17<14:19, 102.61it/s]
 39%|███▉      | 57306/145449 [09:17<13:10, 111.45it/s]
 39%|███▉      | 57322/145449 [09:17<12:02, 121.99it/s]
 39%|███▉      | 57337/145449 [09:17<11:47, 124.57it/s]
 39%|███▉      | 57354/145449 [09:17<11:04, 132.54it/s]
 39%|███▉      | 57368/145449 [09:17<12:22, 118.64it/s]
 39%|███▉      | 57381/145449 [09:17<15:29, 94.71it/s] 
 39%|███▉      | 57392/145449 [09:18<15:37, 93.91it/s]
 39%|███▉      | 57403/145449 [09:18<16:17, 90.08it/s]
 39%|███▉      | 57413/145449 [09:18<16:22, 89.59it/s]
 39%|███▉      | 57427/145449 [09:18<14:26, 101.59it/s]
 39%|███▉      | 57439/145449 [09:18<13:58, 105.01it/s]
 39%|███▉      | 57450/145449 [09:18<15:57, 91.93it/s] 
 40%|███▉      | 57460/145449 [09:18<18:22, 79.83it/s]
 40%|███▉      | 57473/145449 [09:18<16:21, 89.59it/s]
 40%|███▉      | 57487/145449 [09:19<14:35, 100.52it/s]
 40%|███▉      | 57498/145449 [09:19<14:41, 99.76it/s] 
 40%|███▉      | 57509/145449 [09:19<15:12, 96.41it/s]
 40%|███▉      | 57519/145449 [09:19<15:56, 91.95it/s]
 40%|███▉      | 57530/145449 [09:19<15:23, 95.19it/s]
 40%|███▉      | 57541/145449 [09:19<14:48, 98.89it/s]
 40%|███▉      | 57552/145449 [09:19<17:19, 84.55it/s]
 40%|███▉      | 57566/145449 [09:19<15:22, 95.31it/s]
 40%|███▉      | 57576/145449 [09:20<15:13, 96.21it/s]
 40%|███▉      | 57591/145449 [09:20<13:16, 110.27it/s]
 40%|███▉      | 57607/145449 [09:20<11:50, 123.69it/s]
 40%|███▉      | 57620/145449 [09:20<14:57, 97.90it/s] 
 40%|███▉      | 57631/145449 [09:20<15:28, 94.54it/s]
 40%|███▉      | 57642/145449 [09:20<15:07, 96.79it/s]
 40%|███▉      | 57655/145449 [09:20<14:26, 101.35it/s]
 40%|███▉      | 57666/145449 [09:20<15:31, 94.20it/s] 
 40%|███▉      | 57680/145449 [09:21<13:55, 105.04it/s]
 40%|███▉      | 57691/145449 [09:21<14:39, 99.81it/s] 
 40%|███▉      | 57702/145449 [09:21<15:29, 94.37it/s]
 40%|███▉      | 57715/145449 [09:21<14:13, 102.81it/s]
 40%|███▉      | 57730/145449 [09:21<12:46, 114.43it/s]
 40%|███▉      | 57742/145449 [09:21<14:39, 99.69it/s] 
 40%|███▉      | 57753/145449 [09:21<15:06, 96.76it/s]
 40%|███▉      | 57764/145449 [09:21<16:09, 90.41it/s]
 40%|███▉      | 57774/145449 [09:22<15:45, 92.68it/s]
 40%|███▉      | 57784/145449 [09:22<16:56, 86.22it/s]
 40%|███▉      | 57793/145449 [09:22<16:59, 86.00it/s]
 40%|███▉      | 57802/145449 [09:22<17:49, 81.92it/s]
 40%|███▉      | 57813/145449 [09:22<16:22, 89.23it/s]
 40%|███▉      | 57828/145449 [09:22<13:52, 105.26it/s]
 40%|███▉      | 57841/145449 [09:22<13:02, 111.96it/s]
 40%|███▉      | 57854/145449 [09:22<12:31, 116.53it/s]
 40%|███▉      | 57867/145449 [09:22<12:15, 119.11it/s]
 40%|███▉      | 57880/145449 [09:23<12:31, 116.54it/s]
 40%|███▉      | 57892/145449 [09:23<14:10, 102.92it/s]
 40%|███▉      | 57910/145449 [09:23<12:03, 120.97it/s]
 40%|███▉      | 57923/145449 [09:23<12:18, 118.51it/s]
 40%|███▉      | 57936/145449 [09:23<14:20, 101.68it/s]
 40%|███▉      | 57948/145449 [09:23<13:58, 104.41it/s]
 40%|███▉      | 57959/145449 [09:23<14:26, 100.94it/s]
 40%|███▉      | 57970/145449 [09:23<14:10, 102.80it/s]
 40%|███▉      | 57986/145449 [09:24<12:28, 116.80it/s]
 40%|███▉      | 57998/145449 [09:24<12:34, 115.85it/s]
 40%|███▉      | 58010/145449 [09:24<12:31, 116.42it/s]
 40%|███▉      | 58022/145449 [09:24<12:33, 116.02it/s]
 40%|███▉      | 58034/145449 [09:24<12:59, 112.14it/s]
 40%|███▉      | 58046/145449 [09:24<15:28, 94.16it/s] 
 40%|███▉      | 58056/145449 [09:24<15:28, 94.13it/s]
 40%|███▉      | 58071/145449 [09:24<13:26, 108.39it/s]
 40%|███▉      | 58083/145449 [09:24<14:36, 99.69it/s] 
 40%|███▉      | 58098/145449 [09:25<13:04, 111.40it/s]
 40%|███▉      | 58110/145449 [09:25<13:59, 104.01it/s]
 40%|███▉      | 58128/145449 [09:25<12:15, 118.66it/s]
 40%|███▉      | 58141/145449 [09:25<14:27, 100.68it/s]
 40%|███▉      | 58152/145449 [09:25<15:11, 95.75it/s] 
 40%|███▉      | 58164/145449 [09:25<14:46, 98.45it/s]
 40%|████      | 58180/145449 [09:25<12:53, 112.89it/s]
 40%|████      | 58192/145449 [09:26<15:01, 96.74it/s] 
 40%|████      | 58203/145449 [09:26<15:30, 93.76it/s]
 40%|████      | 58213/145449 [09:26<15:54, 91.38it/s]
 40%|████      | 58223/145449 [09:26<16:42, 87.00it/s]
 40%|████      | 58233/145449 [09:26<16:37, 87.45it/s]
 40%|████      | 58248/145449 [09:26<14:05, 103.17it/s]
 40%|████      | 58259/145449 [09:26<14:49, 97.98it/s] 
 40%|████      | 58270/145449 [09:26<14:37, 99.31it/s]
 40%|████      | 58285/145449 [09:26<13:11, 110.12it/s]
 40%|████      | 58297/145449 [09:27<14:10, 102.51it/s]
 40%|████      | 58310/145449 [09:27<14:02, 103.46it/s]
 40%|████      | 58321/145449 [09:27<14:02, 103.41it/s]
 40%|████      | 58332/145449 [09:27<15:08, 95.88it/s] 
 40%|████      | 58342/145449 [09:27<15:05, 96.22it/s]
 40%|████      | 58352/145449 [09:27<15:02, 96.51it/s]
 40%|████      | 58363/145449 [09:27<14:39, 99.00it/s]
 40%|████      | 58373/145449 [09:27<15:37, 92.86it/s]
 40%|████      | 58385/145449 [09:27<14:34, 99.56it/s]
 40%|████      | 58399/145449 [09:28<13:09, 110.31it/s]
 40%|████      | 58411/145449 [09:28<14:33, 99.62it/s] 
 40%|████      | 58422/145449 [09:28<17:36, 82.39it/s]
 40%|████      | 58431/145449 [09:28<19:32, 74.20it/s]
 40%|████      | 58441/145449 [09:28<18:32, 78.23it/s]
 40%|████      | 58456/145449 [09:28<15:11, 95.41it/s]
 40%|████      | 58473/145449 [09:28<12:42, 114.04it/s]
 40%|████      | 58486/145449 [09:29<12:19, 117.59it/s]
 40%|████      | 58499/145449 [09:29<12:59, 111.54it/s]
 40%|████      | 58514/145449 [09:29<12:00, 120.64it/s]
 40%|████      | 58527/145449 [09:29<14:08, 102.39it/s]
 40%|████      | 58538/145449 [09:29<14:00, 103.45it/s]
 40%|████      | 58549/145449 [09:29<14:21, 100.87it/s]
 40%|████      | 58561/145449 [09:29<13:50, 104.58it/s]
 40%|████      | 58572/145449 [09:29<14:41, 98.50it/s] 
 40%|████      | 58587/145449 [09:29<13:01, 111.12it/s]
 40%|████      | 58599/145449 [09:30<13:39, 106.00it/s]
 40%|████      | 58610/145449 [09:30<14:42, 98.43it/s] 
 40%|████      | 58621/145449 [09:30<15:08, 95.52it/s]
 40%|████      | 58631/145449 [09:30<15:52, 91.19it/s]
 40%|████      | 58645/145449 [09:30<14:07, 102.41it/s]
 40%|████      | 58656/145449 [09:30<15:28, 93.52it/s] 
 40%|████      | 58667/145449 [09:30<15:00, 96.37it/s]
 40%|████      | 58677/145449 [09:30<14:55, 96.88it/s]
 40%|████      | 58687/145449 [09:31<15:24, 93.81it/s]
 40%|████      | 58698/145449 [09:31<14:46, 97.83it/s]
 40%|████      | 58708/145449 [09:31<15:44, 91.86it/s]
 40%|████      | 58720/145449 [09:31<14:44, 98.07it/s]
 40%|████      | 58737/145449 [09:31<12:23, 116.63it/s]
 40%|████      | 58749/145449 [09:31<12:25, 116.30it/s]
 40%|████      | 58761/145449 [09:31<14:58, 96.50it/s] 
 40%|████      | 58772/145449 [09:31<15:41, 92.07it/s]
 40%|████      | 58783/145449 [09:31<15:00, 96.23it/s]
 40%|████      | 58794/145449 [09:32<15:36, 92.52it/s]
 40%|████      | 58807/145449 [09:32<14:11, 101.78it/s]
 40%|████      | 58819/145449 [09:32<14:06, 102.34it/s]
 40%|████      | 58833/145449 [09:32<14:13, 101.50it/s]
 40%|████      | 58845/145449 [09:32<13:57, 103.45it/s]
 40%|████      | 58856/145449 [09:32<13:52, 103.97it/s]
 40%|████      | 58874/145449 [09:32<11:56, 120.85it/s]
 40%|████      | 58890/145449 [09:32<11:41, 123.46it/s]
 40%|████      | 58903/145449 [09:33<11:49, 121.98it/s]
 41%|████      | 58916/145449 [09:33<13:14, 108.94it/s]
 41%|████      | 58928/145449 [09:33<14:12, 101.46it/s]
 41%|████      | 58939/145449 [09:33<15:38, 92.17it/s] 
 41%|████      | 58952/145449 [09:33<14:30, 99.34it/s]
 41%|████      | 58963/145449 [09:33<15:57, 90.28it/s]
 41%|████      | 58977/145449 [09:33<14:25, 99.91it/s]
 41%|████      | 58989/145449 [09:33<14:11, 101.59it/s]
 41%|████      | 59000/145449 [09:34<14:30, 99.26it/s] 
 41%|████      | 59011/145449 [09:34<15:59, 90.13it/s]
 41%|████      | 59026/145449 [09:34<14:12, 101.36it/s]
 41%|████      | 59037/145449 [09:34<15:26, 93.30it/s] 
 41%|████      | 59050/145449 [09:34<14:10, 101.54it/s]
 41%|████      | 59062/145449 [09:34<13:49, 104.17it/s]
 41%|████      | 59073/145449 [09:34<14:05, 102.12it/s]
 41%|████      | 59084/145449 [09:34<15:52, 90.63it/s] 
 41%|████      | 59096/145449 [09:35<14:42, 97.83it/s]
 41%|████      | 59109/145449 [09:35<13:38, 105.42it/s]
 41%|████      | 59121/145449 [09:35<13:14, 108.64it/s]
 41%|████      | 59136/145449 [09:35<12:19, 116.71it/s]
 41%|████      | 59153/145449 [09:35<10:58, 131.01it/s]
 41%|████      | 59167/145449 [09:35<11:13, 128.06it/s]
 41%|████      | 59186/145449 [09:35<09:54, 145.12it/s]
 41%|████      | 59203/145449 [09:35<09:27, 152.01it/s]
 41%|████      | 59219/145449 [09:35<10:00, 143.49it/s]
 41%|████      | 59234/145449 [09:36<12:39, 113.55it/s]
 41%|████      | 59247/145449 [09:36<13:11, 108.89it/s]
 41%|████      | 59259/145449 [09:36<14:07, 101.68it/s]
 41%|████      | 59270/145449 [09:36<15:14, 94.21it/s] 
 41%|████      | 59282/145449 [09:36<14:29, 99.12it/s]
 41%|████      | 59293/145449 [09:36<15:44, 91.18it/s]
 41%|████      | 59307/145449 [09:36<14:10, 101.33it/s]
 41%|████      | 59318/145449 [09:37<14:34, 98.49it/s] 
 41%|████      | 59338/145449 [09:37<11:48, 121.62it/s]
 41%|████      | 59352/145449 [09:37<11:47, 121.77it/s]
 41%|████      | 59365/145449 [09:37<13:11, 108.76it/s]
 41%|████      | 59377/145449 [09:37<13:24, 106.96it/s]
 41%|████      | 59393/145449 [09:37<12:06, 118.38it/s]
 41%|████      | 59411/145449 [09:37<10:40, 134.41it/s]
 41%|████      | 59425/145449 [09:37<12:19, 116.39it/s]
 41%|████      | 59438/145449 [09:38<12:41, 112.92it/s]
 41%|████      | 59456/145449 [09:38<11:15, 127.30it/s]
 41%|████      | 59470/145449 [09:38<11:14, 127.38it/s]
 41%|████      | 59484/145449 [09:38<14:46, 96.99it/s] 
 41%|████      | 59495/145449 [09:38<14:39, 97.74it/s]
 41%|████      | 59511/145449 [09:38<12:49, 111.71it/s]
 41%|████      | 59526/145449 [09:38<12:03, 118.81it/s]
 41%|████      | 59539/145449 [09:38<14:44, 97.14it/s] 
 41%|████      | 59550/145449 [09:39<15:22, 93.08it/s]
 41%|████      | 59561/145449 [09:39<15:50, 90.38it/s]
 41%|████      | 59571/145449 [09:39<16:24, 87.24it/s]
 41%|████      | 59581/145449 [09:39<17:32, 81.56it/s]
 41%|████      | 59590/145449 [09:39<17:42, 80.83it/s]
 41%|████      | 59601/145449 [09:39<16:26, 87.04it/s]
 41%|████      | 59610/145449 [09:39<16:49, 85.03it/s]
 41%|████      | 59622/145449 [09:39<15:21, 93.09it/s]
 41%|████      | 59637/145449 [09:40<13:40, 104.52it/s]
 41%|████      | 59650/145449 [09:40<13:11, 108.38it/s]
 41%|████      | 59661/145449 [09:40<13:29, 106.02it/s]
 41%|████      | 59676/145449 [09:40<12:07, 117.89it/s]
 41%|████      | 59688/145449 [09:40<12:19, 115.95it/s]
 41%|████      | 59706/145449 [09:40<10:50, 131.80it/s]
 41%|████      | 59720/145449 [09:40<11:17, 126.62it/s]
 41%|████      | 59733/145449 [09:40<12:11, 117.13it/s]
 41%|████      | 59745/145449 [09:41<13:46, 103.72it/s]
 41%|████      | 59756/145449 [09:41<15:10, 94.09it/s] 
 41%|████      | 59766/145449 [09:41<16:06, 88.63it/s]
 41%|████      | 59776/145449 [09:41<16:16, 87.73it/s]
 41%|████      | 59787/145449 [09:41<15:38, 91.27it/s]
 41%|████      | 59803/145449 [09:41<13:09, 108.50it/s]
 41%|████      | 59817/145449 [09:41<12:27, 114.60it/s]
 41%|████      | 59829/145449 [09:41<16:02, 88.99it/s] 
 41%|████      | 59840/145449 [09:42<15:45, 90.55it/s]
 41%|████      | 59850/145449 [09:42<16:39, 85.64it/s]
 41%|████      | 59861/145449 [09:42<16:22, 87.08it/s]
 41%|████      | 59871/145449 [09:42<15:54, 89.64it/s]
 41%|████      | 59882/145449 [09:42<15:13, 93.63it/s]
 41%|████      | 59892/145449 [09:42<16:59, 83.89it/s]
 41%|████      | 59901/145449 [09:42<18:17, 77.93it/s]
 41%|████      | 59910/145449 [09:42<17:40, 80.63it/s]
 41%|████      | 59922/145449 [09:43<16:09, 88.23it/s]
 41%|████      | 59935/145449 [09:43<14:36, 97.56it/s]
 41%|████      | 59947/145449 [09:43<13:54, 102.52it/s]
 41%|████      | 59958/145449 [09:43<14:12, 100.23it/s]
 41%|████      | 59973/145449 [09:43<12:49, 111.15it/s]
 41%|████      | 59985/145449 [09:43<13:10, 108.05it/s]
 41%|████▏     | 60001/145449 [09:43<12:05, 117.75it/s]
 41%|████▏     | 60017/145449 [09:43<11:44, 121.21it/s]
 41%|████▏     | 60033/145449 [09:43<10:52, 130.92it/s]
 41%|████▏     | 60047/145449 [09:44<12:35, 112.97it/s]
 41%|████▏     | 60060/145449 [09:44<12:42, 111.99it/s]
 41%|████▏     | 60079/145449 [09:44<10:50, 131.18it/s]
 41%|████▏     | 60097/145449 [09:44<09:55, 143.22it/s]
 41%|████▏     | 60112/145449 [09:44<12:39, 112.31it/s]
 41%|████▏     | 60125/145449 [09:44<14:13, 100.01it/s]
 41%|████▏     | 60137/145449 [09:44<15:20, 92.66it/s] 
 41%|████▏     | 60148/145449 [09:45<15:51, 89.64it/s]
 41%|████▏     | 60164/145449 [09:45<13:32, 105.01it/s]
 41%|████▏     | 60178/145449 [09:45<12:51, 110.59it/s]
 41%|████▏     | 60190/145449 [09:45<12:59, 109.44it/s]
 41%|████▏     | 60207/145449 [09:45<11:32, 123.12it/s]
 41%|████▏     | 60220/145449 [09:45<11:41, 121.44it/s]
 41%|████▏     | 60233/145449 [09:45<12:49, 110.75it/s]
 41%|████▏     | 60249/145449 [09:45<12:00, 118.29it/s]
 41%|████▏     | 60262/145449 [09:46<13:31, 104.92it/s]
 41%|████▏     | 60273/145449 [09:46<15:51, 89.55it/s] 
 41%|████▏     | 60283/145449 [09:46<15:44, 90.22it/s]
 41%|████▏     | 60298/145449 [09:46<13:34, 104.57it/s]
 41%|████▏     | 60310/145449 [09:46<13:08, 107.99it/s]
 41%|████▏     | 60326/145449 [09:46<11:39, 121.66it/s]
 41%|████▏     | 60339/145449 [09:46<12:35, 112.66it/s]
 41%|████▏     | 60351/145449 [09:46<13:23, 105.89it/s]
 42%|████▏     | 60362/145449 [09:47<14:21, 98.82it/s] 
 42%|████▏     | 60374/145449 [09:47<14:03, 100.86it/s]
 42%|████▏     | 60385/145449 [09:47<14:38, 96.80it/s] 
 42%|████▏     | 60395/145449 [09:47<17:08, 82.72it/s]
 42%|████▏     | 60404/145449 [09:47<16:53, 83.94it/s]
 42%|████▏     | 60417/145449 [09:47<15:16, 92.74it/s]
 42%|████▏     | 60432/145449 [09:47<13:24, 105.62it/s]
 42%|████▏     | 60448/145449 [09:47<11:50, 119.63it/s]
 42%|████▏     | 60461/145449 [09:47<12:51, 110.15it/s]
 42%|████▏     | 60473/145449 [09:48<13:48, 102.54it/s]
 42%|████▏     | 60484/145449 [09:48<14:45, 95.92it/s] 
 42%|████▏     | 60499/145449 [09:48<13:01, 108.72it/s]
 42%|████▏     | 60517/145449 [09:48<11:42, 120.91it/s]
 42%|████▏     | 60535/145449 [09:48<10:38, 133.03it/s]
 42%|████▏     | 60549/145449 [09:48<10:57, 129.05it/s]
 42%|████▏     | 60563/145449 [09:48<12:38, 111.87it/s]
 42%|████▏     | 60575/145449 [09:49<14:02, 100.74it/s]
 42%|████▏     | 60586/145449 [09:49<13:52, 101.92it/s]
 42%|████▏     | 60597/145449 [09:49<13:48, 102.41it/s]
 42%|████▏     | 60608/145449 [09:49<17:06, 82.68it/s] 
 42%|████▏     | 60617/145449 [09:49<17:40, 79.98it/s]
 42%|████▏     | 60632/145449 [09:49<14:52, 95.07it/s]
 42%|████▏     | 60643/145449 [09:49<14:46, 95.62it/s]
 42%|████▏     | 60656/145449 [09:49<14:03, 100.55it/s]
 42%|████▏     | 60667/145449 [09:50<14:33, 97.01it/s] 
 42%|████▏     | 60677/145449 [09:50<15:19, 92.22it/s]
 42%|████▏     | 60687/145449 [09:50<17:14, 81.97it/s]
 42%|████▏     | 60696/145449 [09:50<16:55, 83.48it/s]
 42%|████▏     | 60708/145449 [09:50<15:19, 92.15it/s]
 42%|████▏     | 60721/145449 [09:50<13:56, 101.24it/s]
 42%|████▏     | 60739/145449 [09:50<11:31, 122.51it/s]
 42%|████▏     | 60752/145449 [09:50<11:23, 123.96it/s]
 42%|████▏     | 60765/145449 [09:50<11:15, 125.43it/s]
 42%|████▏     | 60782/145449 [09:51<10:34, 133.53it/s]
 42%|████▏     | 60796/145449 [09:51<11:47, 119.59it/s]
 42%|████▏     | 60809/145449 [09:51<11:47, 119.59it/s]
 42%|████▏     | 60822/145449 [09:51<12:06, 116.51it/s]
 42%|████▏     | 60834/145449 [09:51<12:08, 116.11it/s]
 42%|████▏     | 60846/145449 [09:51<12:13, 115.29it/s]
 42%|████▏     | 60858/145449 [09:51<12:56, 108.98it/s]
 42%|████▏     | 60873/145449 [09:51<12:04, 116.68it/s]
 42%|████▏     | 60891/145449 [09:51<11:07, 126.62it/s]
 42%|████▏     | 60904/145449 [09:52<13:46, 102.32it/s]
 42%|████▏     | 60917/145449 [09:52<13:02, 107.97it/s]
 42%|████▏     | 60929/145449 [09:52<15:28, 91.06it/s] 
 42%|████▏     | 60939/145449 [09:52<16:48, 83.76it/s]
 42%|████▏     | 60952/145449 [09:52<15:12, 92.64it/s]
 42%|████▏     | 60962/145449 [09:52<15:23, 91.44it/s]
 42%|████▏     | 60972/145449 [09:52<15:08, 93.02it/s]
 42%|████▏     | 60982/145449 [09:53<15:35, 90.29it/s]
 42%|████▏     | 60992/145449 [09:53<17:15, 81.58it/s]
 42%|████▏     | 61004/145449 [09:53<16:13, 86.78it/s]
 42%|████▏     | 61013/145449 [09:53<16:55, 83.18it/s]
 42%|████▏     | 61026/145449 [09:53<14:48, 94.99it/s]
 42%|████▏     | 61040/145449 [09:53<13:12, 106.49it/s]
 42%|████▏     | 61051/145449 [09:53<14:03, 100.02it/s]
 42%|████▏     | 61064/145449 [09:53<13:05, 107.36it/s]
 42%|████▏     | 61076/145449 [09:53<12:49, 109.71it/s]
 42%|████▏     | 61091/145449 [09:54<11:54, 118.02it/s]
 42%|████▏     | 61103/145449 [09:54<11:58, 117.41it/s]
 42%|████▏     | 61115/145449 [09:54<12:58, 108.28it/s]
 42%|████▏     | 61127/145449 [09:54<13:19, 105.47it/s]
 42%|████▏     | 61138/145449 [09:54<15:41, 89.53it/s] 
 42%|████▏     | 61148/145449 [09:54<15:34, 90.21it/s]
 42%|████▏     | 61158/145449 [09:54<18:36, 75.48it/s]
 42%|████▏     | 61167/145449 [09:55<18:12, 77.11it/s]
 42%|████▏     | 61180/145449 [09:55<15:42, 89.43it/s]
 42%|████▏     | 61190/145449 [09:55<15:47, 88.93it/s]
 42%|████▏     | 61200/145449 [09:55<16:01, 87.64it/s]
 42%|████▏     | 61215/145449 [09:55<13:50, 101.37it/s]
 42%|████▏     | 61238/145449 [09:55<10:40, 131.56it/s]
 42%|████▏     | 61255/145449 [09:55<10:08, 138.30it/s]
 42%|████▏     | 61273/145449 [09:55<09:23, 149.27it/s]
 42%|████▏     | 61289/145449 [09:55<09:19, 150.54it/s]
 42%|████▏     | 61305/145449 [09:55<09:10, 152.86it/s]
 42%|████▏     | 61321/145449 [09:56<09:55, 141.28it/s]
 42%|████▏     | 61338/145449 [09:56<09:46, 143.44it/s]
 42%|████▏     | 61353/145449 [09:56<10:35, 132.40it/s]
 42%|████▏     | 61367/145449 [09:56<11:38, 120.30it/s]
 42%|████▏     | 61384/145449 [09:56<10:34, 132.53it/s]
 42%|████▏     | 61398/145449 [09:56<10:37, 131.77it/s]
 42%|████▏     | 61412/145449 [09:56<10:45, 130.19it/s]
 42%|████▏     | 61426/145449 [09:56<12:11, 114.88it/s]
 42%|████▏     | 61438/145449 [09:57<12:32, 111.62it/s]
 42%|████▏     | 61450/145449 [09:57<12:18, 113.74it/s]
 42%|████▏     | 61462/145449 [09:57<13:05, 106.96it/s]
 42%|████▏     | 61473/145449 [09:57<15:04, 92.80it/s] 
 42%|████▏     | 61483/145449 [09:57<14:55, 93.72it/s]
 42%|████▏     | 61493/145449 [09:57<16:18, 85.84it/s]
 42%|████▏     | 61502/145449 [09:57<18:20, 76.29it/s]
 42%|████▏     | 61512/145449 [09:58<17:26, 80.22it/s]
 42%|████▏     | 61521/145449 [09:58<18:47, 74.45it/s]
 42%|████▏     | 61531/145449 [09:58<17:39, 79.19it/s]
 42%|████▏     | 61541/145449 [09:58<16:56, 82.57it/s]
 42%|████▏     | 61550/145449 [09:58<18:02, 77.48it/s]
 42%|████▏     | 61558/145449 [09:58<18:28, 75.67it/s]
 42%|████▏     | 61572/145449 [09:58<15:07, 92.45it/s]
 42%|████▏     | 61582/145449 [09:58<15:23, 90.85it/s]
 42%|████▏     | 61594/145449 [09:58<14:09, 98.69it/s]
 42%|████▏     | 61606/145449 [09:59<13:22, 104.53it/s]
 42%|████▏     | 61617/145449 [09:59<13:17, 105.10it/s]
 42%|████▏     | 61632/145449 [09:59<11:59, 116.46it/s]
 42%|████▏     | 61644/145449 [09:59<11:55, 117.12it/s]
 42%|████▏     | 61659/145449 [09:59<11:16, 123.90it/s]
 42%|████▏     | 61672/145449 [09:59<12:15, 113.98it/s]
 42%|████▏     | 61685/145449 [09:59<12:06, 115.30it/s]
 42%|████▏     | 61697/145449 [09:59<12:54, 108.19it/s]
 42%|████▏     | 61710/145449 [09:59<12:42, 109.77it/s]
 42%|████▏     | 61722/145449 [10:00<12:38, 110.34it/s]
 42%|████▏     | 61736/145449 [10:00<12:00, 116.14it/s]
 42%|████▏     | 61748/145449 [10:00<13:02, 106.96it/s]
 42%|████▏     | 61760/145449 [10:00<13:10, 105.92it/s]
 42%|████▏     | 61775/145449 [10:00<12:06, 115.17it/s]
 42%|████▏     | 61788/145449 [10:00<12:23, 112.49it/s]
 42%|████▏     | 61800/145449 [10:00<14:03, 99.16it/s] 
 42%|████▏     | 61813/145449 [10:00<13:06, 106.31it/s]
 43%|████▎     | 61824/145449 [10:01<13:11, 105.68it/s]
 43%|████▎     | 61840/145449 [10:01<13:19, 104.53it/s]
 43%|████▎     | 61851/145449 [10:01<13:56, 99.89it/s] 
 43%|████▎     | 61863/145449 [10:01<13:16, 104.92it/s]
 43%|████▎     | 61874/145449 [10:01<13:18, 104.70it/s]
 43%|████▎     | 61885/145449 [10:01<13:10, 105.73it/s]
 43%|████▎     | 61897/145449 [10:01<12:55, 107.70it/s]
 43%|████▎     | 61908/145449 [10:01<14:42, 94.72it/s] 
 43%|████▎     | 61922/145449 [10:01<13:21, 104.22it/s]
 43%|████▎     | 61937/145449 [10:02<11:59, 115.99it/s]
 43%|████▎     | 61951/145449 [10:02<11:23, 122.12it/s]
 43%|████▎     | 61964/145449 [10:02<11:53, 117.07it/s]
 43%|████▎     | 61976/145449 [10:02<12:00, 115.82it/s]
 43%|████▎     | 61988/145449 [10:02<12:40, 109.80it/s]
 43%|████▎     | 62007/145449 [10:02<11:06, 125.20it/s]
 43%|████▎     | 62020/145449 [10:02<11:41, 118.96it/s]
 43%|████▎     | 62032/145449 [10:02<11:56, 116.48it/s]
 43%|████▎     | 62045/145449 [10:02<12:06, 114.81it/s]
 43%|████▎     | 62057/145449 [10:03<12:36, 110.27it/s]
 43%|████▎     | 62069/145449 [10:03<12:36, 110.20it/s]
 43%|████▎     | 62082/145449 [10:03<12:12, 113.82it/s]
 43%|████▎     | 62098/145449 [10:03<11:08, 124.62it/s]
 43%|████▎     | 62111/145449 [10:03<11:09, 124.40it/s]
 43%|████▎     | 62126/145449 [10:03<10:36, 130.81it/s]
 43%|████▎     | 62140/145449 [10:03<14:21, 96.69it/s] 
 43%|████▎     | 62152/145449 [10:03<13:45, 100.96it/s]
 43%|████▎     | 62164/145449 [10:04<13:16, 104.56it/s]
 43%|████▎     | 62176/145449 [10:04<12:55, 107.40it/s]
 43%|████▎     | 62188/145449 [10:04<14:18, 96.98it/s] 
 43%|████▎     | 62202/145449 [10:04<13:03, 106.19it/s]
 43%|████▎     | 62218/145449 [10:04<11:45, 117.99it/s]
 43%|████▎     | 62231/145449 [10:04<11:52, 116.74it/s]
 43%|████▎     | 62246/145449 [10:04<11:47, 117.59it/s]
 43%|████▎     | 62258/145449 [10:04<13:08, 105.54it/s]
 43%|████▎     | 62274/145449 [10:05<11:39, 118.90it/s]
 43%|████▎     | 62287/145449 [10:05<11:35, 119.52it/s]
 43%|████▎     | 62300/145449 [10:05<11:57, 115.94it/s]
 43%|████▎     | 62312/145449 [10:05<12:03, 114.89it/s]
 43%|████▎     | 62330/145449 [10:05<11:46, 117.62it/s]
 43%|████▎     | 62342/145449 [10:05<12:06, 114.35it/s]
 43%|████▎     | 62354/145449 [10:05<12:29, 110.92it/s]
 43%|████▎     | 62366/145449 [10:05<13:03, 106.10it/s]
 43%|████▎     | 62384/145449 [10:05<11:22, 121.74it/s]
 43%|████▎     | 62397/145449 [10:06<12:49, 107.92it/s]
 43%|████▎     | 62413/145449 [10:06<11:29, 120.49it/s]
 43%|████▎     | 62428/145449 [10:06<11:05, 124.71it/s]
 43%|████▎     | 62442/145449 [10:06<11:00, 125.76it/s]
 43%|████▎     | 62455/145449 [10:06<11:32, 119.84it/s]
 43%|████▎     | 62468/145449 [10:06<11:33, 119.60it/s]
 43%|████▎     | 62482/145449 [10:06<11:07, 124.31it/s]
 43%|████▎     | 62495/145449 [10:06<11:54, 116.13it/s]
 43%|████▎     | 62507/145449 [10:07<12:51, 107.51it/s]
 43%|████▎     | 62518/145449 [10:07<15:20, 90.13it/s] 
 43%|████▎     | 62528/145449 [10:07<15:51, 87.18it/s]
 43%|████▎     | 62538/145449 [10:07<15:20, 90.05it/s]
 43%|████▎     | 62551/145449 [10:07<14:29, 95.31it/s]
 43%|████▎     | 62562/145449 [10:07<14:02, 98.34it/s]
 43%|████▎     | 62580/145449 [10:07<11:29, 120.10it/s]
 43%|████▎     | 62594/145449 [10:07<11:01, 125.28it/s]
 43%|████▎     | 62608/145449 [10:07<10:51, 127.17it/s]
 43%|████▎     | 62628/145449 [10:08<09:33, 144.53it/s]
 43%|████▎     | 62643/145449 [10:08<09:50, 140.22it/s]
 43%|████▎     | 62660/145449 [10:08<09:21, 147.43it/s]
 43%|████▎     | 62675/145449 [10:08<10:43, 128.60it/s]
 43%|████▎     | 62689/145449 [10:08<11:52, 116.08it/s]
 43%|████▎     | 62704/145449 [10:08<11:29, 120.03it/s]
 43%|████▎     | 62717/145449 [10:08<11:20, 121.56it/s]
 43%|████▎     | 62730/145449 [10:08<12:23, 111.25it/s]
 43%|████▎     | 62742/145449 [10:09<13:16, 103.89it/s]
 43%|████▎     | 62755/145449 [10:09<12:31, 110.00it/s]
 43%|████▎     | 62769/145449 [10:09<11:55, 115.60it/s]
 43%|████▎     | 62781/145449 [10:09<13:07, 104.99it/s]
 43%|████▎     | 62795/145449 [10:09<13:48, 99.81it/s] 
 43%|████▎     | 62806/145449 [10:09<14:25, 95.47it/s]
 43%|████▎     | 62817/145449 [10:09<13:59, 98.47it/s]
 43%|████▎     | 62828/145449 [10:09<14:45, 93.30it/s]
 43%|████▎     | 62844/145449 [10:10<12:33, 109.68it/s]
 43%|████▎     | 62863/145449 [10:10<10:39, 129.19it/s]
 43%|████▎     | 62883/145449 [10:10<09:33, 144.06it/s]
 43%|████▎     | 62899/145449 [10:10<09:43, 141.46it/s]
 43%|████▎     | 62914/145449 [10:10<10:55, 125.83it/s]
 43%|████▎     | 62928/145449 [10:10<11:42, 117.49it/s]
 43%|████▎     | 62941/145449 [10:10<13:21, 102.89it/s]
 43%|████▎     | 62953/145449 [10:10<12:57, 106.17it/s]
 43%|████▎     | 62966/145449 [10:11<13:01, 105.51it/s]
 43%|████▎     | 62978/145449 [10:11<12:43, 108.02it/s]
 43%|████▎     | 62990/145449 [10:11<12:31, 109.72it/s]
 43%|████▎     | 63002/145449 [10:11<13:06, 104.77it/s]
 43%|████▎     | 63013/145449 [10:11<14:20, 95.76it/s] 
 43%|████▎     | 63026/145449 [10:11<13:18, 103.26it/s]
 43%|████▎     | 63037/145449 [10:11<15:16, 89.95it/s] 
 43%|████▎     | 63048/145449 [10:11<14:38, 93.77it/s]
 43%|████▎     | 63058/145449 [10:12<15:15, 90.02it/s]
 43%|████▎     | 63068/145449 [10:12<15:29, 88.60it/s]
 43%|████▎     | 63078/145449 [10:12<17:16, 79.49it/s]
 43%|████▎     | 63095/145449 [10:12<14:02, 97.72it/s]
 43%|████▎     | 63106/145449 [10:12<13:44, 99.85it/s]
 43%|████▎     | 63117/145449 [10:12<15:34, 88.14it/s]
 43%|████▎     | 63129/145449 [10:12<14:22, 95.40it/s]
 43%|████▎     | 63143/145449 [10:12<12:59, 105.57it/s]
 43%|████▎     | 63159/145449 [10:13<12:12, 112.27it/s]
 43%|████▎     | 63171/145449 [10:13<14:42, 93.27it/s] 
 43%|████▎     | 63181/145449 [10:13<15:26, 88.81it/s]
 43%|████▎     | 63200/145449 [10:13<12:21, 110.88it/s]
 43%|████▎     | 63212/145449 [10:13<12:33, 109.08it/s]
 43%|████▎     | 63224/145449 [10:13<13:21, 102.62it/s]
 43%|████▎     | 63235/145449 [10:13<13:15, 103.34it/s]
 43%|████▎     | 63249/145449 [10:14<13:44, 99.64it/s] 
 43%|████▎     | 63262/145449 [10:14<12:58, 105.57it/s]
 44%|████▎     | 63280/145449 [10:14<11:07, 123.07it/s]
 44%|████▎     | 63293/145449 [10:14<11:30, 119.01it/s]
 44%|████▎     | 63311/145449 [10:14<10:30, 130.34it/s]
 44%|████▎     | 63325/145449 [10:14<10:57, 124.95it/s]
 44%|████▎     | 63340/145449 [10:14<10:29, 130.35it/s]
 44%|████▎     | 63354/145449 [10:14<11:28, 119.21it/s]
 44%|████▎     | 63374/145449 [10:14<09:45, 140.09it/s]
 44%|████▎     | 63389/145449 [10:15<09:58, 137.13it/s]
 44%|████▎     | 63408/145449 [10:15<09:05, 150.51it/s]
 44%|████▎     | 63424/145449 [10:15<09:09, 149.33it/s]
 44%|████▎     | 63440/145449 [10:15<09:12, 148.38it/s]
 44%|████▎     | 63456/145449 [10:15<09:15, 147.66it/s]
 44%|████▎     | 63472/145449 [10:15<09:03, 150.97it/s]
 44%|████▎     | 63488/145449 [10:15<09:27, 144.43it/s]
 44%|████▎     | 63503/145449 [10:15<10:39, 128.16it/s]
 44%|████▎     | 63517/145449 [10:16<12:10, 112.08it/s]
 44%|████▎     | 63529/145449 [10:16<14:22, 94.93it/s] 
 44%|████▎     | 63540/145449 [10:16<14:43, 92.73it/s]
 44%|████▎     | 63554/145449 [10:16<13:36, 100.33it/s]
 44%|████▎     | 63565/145449 [10:16<14:08, 96.51it/s] 
 44%|████▎     | 63575/145449 [10:16<14:20, 95.20it/s]
 44%|████▎     | 63585/145449 [10:16<15:19, 89.07it/s]
 44%|████▎     | 63595/145449 [10:16<16:45, 81.39it/s]
 44%|████▎     | 63604/145449 [10:17<19:00, 71.74it/s]
 44%|████▎     | 63612/145449 [10:17<18:35, 73.40it/s]
 44%|████▎     | 63623/145449 [10:17<16:42, 81.65it/s]
 44%|████▍     | 63637/145449 [10:17<14:09, 96.27it/s]
 44%|████▍     | 63650/145449 [10:17<13:07, 103.86it/s]
 44%|████▍     | 63667/145449 [10:17<11:54, 114.43it/s]
 44%|████▍     | 63679/145449 [10:17<11:53, 114.56it/s]
 44%|████▍     | 63693/145449 [10:17<11:18, 120.44it/s]
 44%|████▍     | 63706/145449 [10:17<12:02, 113.17it/s]
 44%|████▍     | 63718/145449 [10:18<13:35, 100.23it/s]
 44%|████▍     | 63729/145449 [10:18<14:40, 92.81it/s] 
 44%|████▍     | 63743/145449 [10:18<13:16, 102.57it/s]
 44%|████▍     | 63761/145449 [10:18<11:16, 120.82it/s]
 44%|████▍     | 63775/145449 [10:18<10:50, 125.48it/s]
 44%|████▍     | 63792/145449 [10:18<09:54, 137.32it/s]
 44%|████▍     | 63808/145449 [10:18<09:33, 142.46it/s]
 44%|████▍     | 63823/145449 [10:18<10:46, 126.35it/s]
 44%|████▍     | 63838/145449 [10:19<10:56, 124.37it/s]
 44%|████▍     | 63851/145449 [10:19<12:41, 107.16it/s]
 44%|████▍     | 63863/145449 [10:19<12:28, 108.97it/s]
 44%|████▍     | 63875/145449 [10:19<12:52, 105.60it/s]
 44%|████▍     | 63886/145449 [10:19<13:30, 100.61it/s]
 44%|████▍     | 63897/145449 [10:19<17:43, 76.69it/s] 
 44%|████▍     | 63906/145449 [10:19<18:51, 72.08it/s]
 44%|████▍     | 63914/145449 [10:20<19:44, 68.83it/s]
 44%|████▍     | 63923/145449 [10:20<19:04, 71.26it/s]
 44%|████▍     | 63934/145449 [10:20<17:11, 79.00it/s]
 44%|████▍     | 63944/145449 [10:20<17:22, 78.19it/s]
 44%|████▍     | 63954/145449 [10:20<16:25, 82.69it/s]
 44%|████▍     | 63964/145449 [10:20<16:06, 84.32it/s]
 44%|████▍     | 63979/145449 [10:20<13:26, 101.07it/s]
 44%|████▍     | 63990/145449 [10:20<14:32, 93.35it/s] 
 44%|████▍     | 64000/145449 [10:21<15:27, 87.81it/s]
 44%|████▍     | 64010/145449 [10:21<15:18, 88.66it/s]
 44%|████▍     | 64022/145449 [10:21<14:05, 96.25it/s]
 44%|████▍     | 64035/145449 [10:21<12:56, 104.82it/s]
 44%|████▍     | 64046/145449 [10:21<15:16, 88.78it/s] 
 44%|████▍     | 64056/145449 [10:21<15:37, 86.79it/s]
 44%|████▍     | 64066/145449 [10:21<16:35, 81.78it/s]
 44%|████▍     | 64078/145449 [10:21<15:37, 86.81it/s]
 44%|████▍     | 64092/145449 [10:22<15:00, 90.36it/s]
 44%|████▍     | 64103/145449 [10:22<14:27, 93.74it/s]
 44%|████▍     | 64113/145449 [10:22<14:34, 93.05it/s]
 44%|████▍     | 64123/145449 [10:22<14:34, 93.02it/s]
 44%|████▍     | 64133/145449 [10:22<14:47, 91.65it/s]
 44%|████▍     | 64143/145449 [10:22<17:01, 79.60it/s]
 44%|████▍     | 64152/145449 [10:22<17:37, 76.87it/s]
 44%|████▍     | 64160/145449 [10:22<17:53, 75.73it/s]
 44%|████▍     | 64168/145449 [10:23<18:04, 74.94it/s]
 44%|████▍     | 64176/145449 [10:23<20:54, 64.81it/s]
 44%|████▍     | 64183/145449 [10:23<23:06, 58.62it/s]
 44%|████▍     | 64193/145449 [10:23<20:08, 67.24it/s]
 44%|████▍     | 64202/145449 [10:23<18:48, 71.98it/s]
 44%|████▍     | 64211/145449 [10:23<17:42, 76.47it/s]
 44%|████▍     | 64227/145449 [10:23<13:44, 98.50it/s]
 44%|████▍     | 64241/145449 [10:23<12:22, 109.34it/s]
 44%|████▍     | 64253/145449 [10:23<12:15, 110.45it/s]
 44%|████▍     | 64267/145449 [10:24<11:28, 117.96it/s]
 44%|████▍     | 64283/145449 [10:24<10:35, 127.79it/s]
 44%|████▍     | 64296/145449 [10:24<11:02, 122.56it/s]
 44%|████▍     | 64309/145449 [10:24<12:25, 108.81it/s]
 44%|████▍     | 64321/145449 [10:24<13:08, 102.85it/s]
 44%|████▍     | 64332/145449 [10:24<14:12, 95.10it/s] 
 44%|████▍     | 64342/145449 [10:24<14:12, 95.15it/s]
 44%|████▍     | 64359/145449 [10:24<11:49, 114.28it/s]
 44%|████▍     | 64373/145449 [10:25<11:12, 120.62it/s]
 44%|████▍     | 64386/145449 [10:25<11:09, 121.01it/s]
 44%|████▍     | 64403/145449 [10:25<10:14, 131.79it/s]
 44%|████▍     | 64417/145449 [10:25<10:15, 131.58it/s]
 44%|████▍     | 64431/145449 [10:25<13:00, 103.80it/s]
 44%|████▍     | 64444/145449 [10:25<12:16, 109.93it/s]
 44%|████▍     | 64458/145449 [10:25<11:39, 115.85it/s]
 44%|████▍     | 64471/145449 [10:25<11:47, 114.42it/s]
 44%|████▍     | 64483/145449 [10:26<12:28, 108.15it/s]
 44%|████▍     | 64498/145449 [10:26<11:20, 118.92it/s]
 44%|████▍     | 64511/145449 [10:26<11:32, 116.93it/s]
 44%|████▍     | 64523/145449 [10:26<13:36, 99.11it/s] 
 44%|████▍     | 64534/145449 [10:26<13:51, 97.32it/s]
 44%|████▍     | 64545/145449 [10:26<13:43, 98.29it/s]
 44%|████▍     | 64562/145449 [10:26<12:00, 112.26it/s]
 44%|████▍     | 64574/145449 [10:26<11:48, 114.17it/s]
 44%|████▍     | 64586/145449 [10:26<12:32, 107.47it/s]
 44%|████▍     | 64597/145449 [10:27<12:53, 104.49it/s]
 44%|████▍     | 64608/145449 [10:27<15:06, 89.22it/s] 
 44%|████▍     | 64618/145449 [10:27<16:39, 80.89it/s]
 44%|████▍     | 64627/145449 [10:27<17:18, 77.80it/s]
 44%|████▍     | 64638/145449 [10:27<16:03, 83.83it/s]
 44%|████▍     | 64647/145449 [10:27<18:58, 70.97it/s]
 44%|████▍     | 64655/145449 [10:27<19:45, 68.16it/s]
 44%|████▍     | 64663/145449 [10:28<22:40, 59.36it/s]
 44%|████▍     | 64679/145449 [10:28<16:37, 80.93it/s]
 44%|████▍     | 64700/145449 [10:28<12:09, 110.75it/s]
 44%|████▍     | 64713/145449 [10:28<11:58, 112.39it/s]
 45%|████▍     | 64726/145449 [10:28<14:09, 95.07it/s] 
 45%|████▍     | 64737/145449 [10:28<15:01, 89.56it/s]
 45%|████▍     | 64750/145449 [10:28<13:45, 97.78it/s]
 45%|████▍     | 64763/145449 [10:28<12:57, 103.74it/s]
 45%|████▍     | 64774/145449 [10:29<14:26, 93.14it/s] 
 45%|████▍     | 64786/145449 [10:29<13:35, 98.96it/s]
 45%|████▍     | 64803/145449 [10:29<11:30, 116.79it/s]
 45%|████▍     | 64816/145449 [10:29<13:45, 97.64it/s] 
 45%|████▍     | 64827/145449 [10:29<14:05, 95.40it/s]
 45%|████▍     | 64838/145449 [10:29<15:29, 86.73it/s]
 45%|████▍     | 64848/145449 [10:30<18:40, 71.91it/s]
 45%|████▍     | 64856/145449 [10:30<20:00, 67.14it/s]
 45%|████▍     | 64867/145449 [10:30<17:35, 76.33it/s]
 45%|████▍     | 64878/145449 [10:30<16:29, 81.45it/s]
 45%|████▍     | 64888/145449 [10:30<16:28, 81.47it/s]
 45%|████▍     | 64901/145449 [10:30<14:29, 92.64it/s]
 45%|████▍     | 64912/145449 [10:30<14:19, 93.72it/s]
 45%|████▍     | 64927/145449 [10:30<12:31, 107.18it/s]
 45%|████▍     | 64940/145449 [10:30<12:29, 107.45it/s]
 45%|████▍     | 64951/145449 [10:31<13:00, 103.16it/s]
 45%|████▍     | 64965/145449 [10:31<12:33, 106.87it/s]
 45%|████▍     | 64976/145449 [10:31<13:38, 98.33it/s] 
 45%|████▍     | 64986/145449 [10:31<14:18, 93.71it/s]
 45%|████▍     | 64996/145449 [10:31<16:00, 83.79it/s]
 45%|████▍     | 65005/145449 [10:31<19:44, 67.90it/s]
 45%|████▍     | 65013/145449 [10:31<19:11, 69.84it/s]
 45%|████▍     | 65024/145449 [10:32<16:55, 79.22it/s]
 45%|████▍     | 65033/145449 [10:32<18:01, 74.37it/s]
 45%|████▍     | 65041/145449 [10:32<18:59, 70.55it/s]
 45%|████▍     | 65049/145449 [10:32<20:09, 66.49it/s]
 45%|████▍     | 65059/145449 [10:32<18:35, 72.04it/s]
 45%|████▍     | 65067/145449 [10:32<18:17, 73.23it/s]
 45%|████▍     | 65075/145449 [10:32<18:30, 72.38it/s]
 45%|████▍     | 65085/145449 [10:32<17:17, 77.47it/s]
 45%|████▍     | 65097/145449 [10:32<15:10, 88.22it/s]
 45%|████▍     | 65109/145449 [10:33<14:43, 90.96it/s]
 45%|████▍     | 65119/145449 [10:33<15:25, 86.81it/s]
 45%|████▍     | 65130/145449 [10:33<14:34, 91.84it/s]
 45%|████▍     | 65140/145449 [10:33<15:09, 88.28it/s]
 45%|████▍     | 65152/145449 [10:33<13:54, 96.24it/s]
 45%|████▍     | 65162/145449 [10:33<14:10, 94.38it/s]
 45%|████▍     | 65174/145449 [10:33<13:16, 100.76it/s]
 45%|████▍     | 65185/145449 [10:33<14:13, 94.03it/s] 
 45%|████▍     | 65195/145449 [10:33<14:03, 95.13it/s]
 45%|████▍     | 65206/145449 [10:34<14:05, 94.92it/s]
 45%|████▍     | 65216/145449 [10:34<14:40, 91.10it/s]
 45%|████▍     | 65228/145449 [10:34<13:39, 97.88it/s]
 45%|████▍     | 65238/145449 [10:34<14:17, 93.59it/s]
 45%|████▍     | 65254/145449 [10:34<11:58, 111.68it/s]
 45%|████▍     | 65266/145449 [10:34<11:46, 113.42it/s]
 45%|████▍     | 65278/145449 [10:34<12:13, 109.24it/s]
 45%|████▍     | 65290/145449 [10:34<14:52, 89.85it/s] 
 45%|████▍     | 65306/145449 [10:35<12:30, 106.76it/s]
 45%|████▍     | 65320/145449 [10:35<11:45, 113.62it/s]
 45%|████▍     | 65335/145449 [10:35<11:04, 120.57it/s]
 45%|████▍     | 65352/145449 [10:35<09:58, 133.89it/s]
 45%|████▍     | 65367/145449 [10:35<09:49, 135.78it/s]
 45%|████▍     | 65385/145449 [10:35<09:00, 148.00it/s]
 45%|████▍     | 65401/145449 [10:35<09:07, 146.31it/s]
 45%|████▍     | 65418/145449 [10:35<08:47, 151.80it/s]
 45%|████▍     | 65436/145449 [10:35<08:27, 157.71it/s]
 45%|████▍     | 65452/145449 [10:36<09:35, 139.05it/s]
 45%|████▌     | 65467/145449 [10:36<09:56, 134.03it/s]
 45%|████▌     | 65481/145449 [10:36<10:12, 130.52it/s]
 45%|████▌     | 65495/145449 [10:36<11:09, 119.39it/s]
 45%|████▌     | 65514/145449 [10:36<10:09, 131.21it/s]
 45%|████▌     | 65528/145449 [10:36<10:55, 122.01it/s]
 45%|████▌     | 65541/145449 [10:36<14:10, 94.01it/s] 
 45%|████▌     | 65556/145449 [10:37<12:54, 103.14it/s]
 45%|████▌     | 65569/145449 [10:37<12:13, 108.84it/s]
 45%|████▌     | 65581/145449 [10:37<12:33, 106.02it/s]
 45%|████▌     | 65596/145449 [10:37<11:29, 115.86it/s]
 45%|████▌     | 65614/145449 [10:37<10:04, 132.12it/s]
 45%|████▌     | 65628/145449 [10:37<10:10, 130.75it/s]
 45%|████▌     | 65644/145449 [10:37<09:48, 135.71it/s]
 45%|████▌     | 65665/145449 [10:37<08:31, 155.89it/s]
 45%|████▌     | 65681/145449 [10:37<10:10, 130.75it/s]
 45%|████▌     | 65695/145449 [10:38<12:23, 107.21it/s]
 45%|████▌     | 65711/145449 [10:38<11:24, 116.55it/s]
 45%|████▌     | 65724/145449 [10:38<11:24, 116.42it/s]
 45%|████▌     | 65739/145449 [10:38<10:57, 121.22it/s]
 45%|████▌     | 65752/145449 [10:38<10:50, 122.56it/s]
 45%|████▌     | 65765/145449 [10:38<11:29, 115.63it/s]
 45%|████▌     | 65779/145449 [10:38<10:58, 120.91it/s]
 45%|████▌     | 65793/145449 [10:38<11:24, 116.31it/s]
 45%|████▌     | 65814/145449 [10:39<09:34, 138.62it/s]
 45%|████▌     | 65829/145449 [10:39<09:46, 135.73it/s]
 45%|████▌     | 65843/145449 [10:39<10:36, 125.16it/s]
 45%|████▌     | 65856/145449 [10:39<11:35, 114.39it/s]
 45%|████▌     | 65868/145449 [10:39<11:53, 111.54it/s]
 45%|████▌     | 65880/145449 [10:39<13:31, 98.01it/s] 
 45%|████▌     | 65891/145449 [10:39<13:49, 95.90it/s]
 45%|████▌     | 65902/145449 [10:39<13:28, 98.33it/s]
 45%|████▌     | 65915/145449 [10:40<12:32, 105.69it/s]
 45%|████▌     | 65926/145449 [10:40<14:10, 93.49it/s] 
 45%|████▌     | 65937/145449 [10:40<14:01, 94.48it/s]
 45%|████▌     | 65947/145449 [10:40<14:19, 92.53it/s]
 45%|████▌     | 65957/145449 [10:40<15:30, 85.40it/s]
 45%|████▌     | 65966/145449 [10:40<15:25, 85.92it/s]
 45%|████▌     | 65975/145449 [10:40<15:31, 85.33it/s]
 45%|████▌     | 65986/145449 [10:40<14:24, 91.96it/s]
 45%|████▌     | 65996/145449 [10:40<14:37, 90.55it/s]
 45%|████▌     | 66010/145449 [10:41<12:52, 102.80it/s]
 45%|████▌     | 66021/145449 [10:41<14:40, 90.16it/s] 
 45%|████▌     | 66031/145449 [10:41<14:54, 88.75it/s]
 45%|████▌     | 66041/145449 [10:41<16:40, 79.38it/s]
 45%|████▌     | 66054/145449 [10:41<14:31, 91.09it/s]
 45%|████▌     | 66072/145449 [10:41<11:39, 113.53it/s]
 45%|████▌     | 66087/145449 [10:41<11:33, 114.44it/s]
 45%|████▌     | 66099/145449 [10:42<12:26, 106.25it/s]
 45%|████▌     | 66113/145449 [10:42<11:50, 111.69it/s]
 45%|████▌     | 66131/145449 [10:42<10:19, 127.95it/s]
 45%|████▌     | 66148/145449 [10:42<09:46, 135.31it/s]
 45%|████▌     | 66162/145449 [10:42<10:33, 125.25it/s]
 45%|████▌     | 66175/145449 [10:42<11:56, 110.68it/s]
 46%|████▌     | 66187/145449 [10:42<12:17, 107.41it/s]
 46%|████▌     | 66201/145449 [10:42<11:28, 115.09it/s]
 46%|████▌     | 66218/145449 [10:42<10:30, 125.72it/s]
 46%|████▌     | 66231/145449 [10:43<11:40, 113.02it/s]
 46%|████▌     | 66243/145449 [10:43<11:32, 114.39it/s]
 46%|████▌     | 66255/145449 [10:43<16:38, 79.35it/s] 
 46%|████▌     | 66265/145449 [10:43<15:57, 82.72it/s]
 46%|████▌     | 66275/145449 [10:43<17:04, 77.26it/s]
 46%|████▌     | 66285/145449 [10:43<16:10, 81.59it/s]
 46%|████▌     | 66294/145449 [10:43<16:32, 79.77it/s]
 46%|████▌     | 66305/145449 [10:44<15:17, 86.23it/s]
 46%|████▌     | 66320/145449 [10:44<12:56, 101.88it/s]
 46%|████▌     | 66331/145449 [10:44<14:02, 93.92it/s] 
 46%|████▌     | 66341/145449 [10:44<13:52, 95.02it/s]
 46%|████▌     | 66351/145449 [10:44<14:21, 91.86it/s]
 46%|████▌     | 66363/145449 [10:44<13:29, 97.72it/s]
 46%|████▌     | 66373/145449 [10:44<14:10, 92.96it/s]
 46%|████▌     | 66383/145449 [10:44<16:16, 80.94it/s]
 46%|████▌     | 66392/145449 [10:45<17:07, 76.94it/s]
 46%|████▌     | 66401/145449 [10:45<16:26, 80.11it/s]
 46%|████▌     | 66414/145449 [10:45<14:15, 92.43it/s]
 46%|████▌     | 66425/145449 [10:45<13:44, 95.87it/s]
 46%|████▌     | 66435/145449 [10:45<14:18, 92.04it/s]
 46%|████▌     | 66445/145449 [10:45<14:51, 88.58it/s]
 46%|████▌     | 66458/145449 [10:45<13:32, 97.26it/s]
 46%|████▌     | 66468/145449 [10:45<14:33, 90.40it/s]
 46%|████▌     | 66478/145449 [10:45<14:46, 89.04it/s]
 46%|████▌     | 66488/145449 [10:46<14:41, 89.57it/s]
 46%|████▌     | 66499/145449 [10:46<13:54, 94.60it/s]
 46%|████▌     | 66510/145449 [10:46<13:27, 97.70it/s]
 46%|████▌     | 66522/145449 [10:46<12:42, 103.46it/s]
 46%|████▌     | 66536/145449 [10:46<11:51, 110.88it/s]
 46%|████▌     | 66548/145449 [10:46<13:30, 97.37it/s] 
 46%|████▌     | 66559/145449 [10:46<13:13, 99.47it/s]
 46%|████▌     | 66570/145449 [10:46<14:30, 90.60it/s]
 46%|████▌     | 66580/145449 [10:47<17:21, 75.73it/s]
 46%|████▌     | 66590/145449 [10:47<16:14, 80.89it/s]
 46%|████▌     | 66600/145449 [10:47<16:49, 78.13it/s]
 46%|████▌     | 66610/145449 [10:47<15:56, 82.39it/s]
 46%|████▌     | 66619/145449 [10:47<16:57, 77.48it/s]
 46%|████▌     | 66630/145449 [10:47<15:42, 83.61it/s]
 46%|████▌     | 66645/145449 [10:47<13:14, 99.13it/s]
 46%|████▌     | 66659/145449 [10:47<11:59, 109.44it/s]
 46%|████▌     | 66671/145449 [10:48<16:15, 80.76it/s] 
 46%|████▌     | 66681/145449 [10:48<17:23, 75.46it/s]
 46%|████▌     | 66691/145449 [10:48<16:56, 77.49it/s]
 46%|████▌     | 66702/145449 [10:48<16:12, 80.97it/s]
 46%|████▌     | 66711/145449 [10:48<15:56, 82.34it/s]
 46%|████▌     | 66721/145449 [10:48<15:17, 85.83it/s]
 46%|████▌     | 66731/145449 [10:48<14:52, 88.18it/s]
 46%|████▌     | 66742/145449 [10:48<14:03, 93.31it/s]
 46%|████▌     | 66752/145449 [10:49<15:20, 85.50it/s]
 46%|████▌     | 66764/145449 [10:49<14:28, 90.57it/s]
 46%|████▌     | 66775/145449 [10:49<13:53, 94.41it/s]
 46%|████▌     | 66785/145449 [10:49<14:51, 88.20it/s]
 46%|████▌     | 66797/145449 [10:49<13:36, 96.29it/s]
 46%|████▌     | 66812/145449 [10:49<12:01, 109.00it/s]
 46%|████▌     | 66824/145449 [10:49<12:13, 107.24it/s]
 46%|████▌     | 66835/145449 [10:49<12:19, 106.30it/s]
 46%|████▌     | 66846/145449 [10:49<13:14, 98.96it/s] 
 46%|████▌     | 66857/145449 [10:50<14:09, 92.56it/s]
 46%|████▌     | 66867/145449 [10:50<15:49, 82.77it/s]
 46%|████▌     | 66876/145449 [10:50<16:40, 78.52it/s]
 46%|████▌     | 66885/145449 [10:50<16:16, 80.47it/s]
 46%|████▌     | 66900/145449 [10:50<13:23, 97.80it/s]
 46%|████▌     | 66916/145449 [10:50<11:28, 114.02it/s]
 46%|████▌     | 66932/145449 [10:50<10:25, 125.54it/s]
 46%|████▌     | 66947/145449 [10:50<10:04, 129.80it/s]
 46%|████▌     | 66961/145449 [10:51<09:53, 132.18it/s]
 46%|████▌     | 66975/145449 [10:51<10:19, 126.65it/s]
 46%|████▌     | 66988/145449 [10:51<10:58, 119.13it/s]
 46%|████▌     | 67003/145449 [10:51<10:21, 126.23it/s]
 46%|████▌     | 67016/145449 [10:51<10:46, 121.37it/s]
 46%|████▌     | 67032/145449 [10:51<09:59, 130.70it/s]
 46%|████▌     | 67046/145449 [10:51<13:24, 97.41it/s] 
 46%|████▌     | 67059/145449 [10:51<12:39, 103.17it/s]
 46%|████▌     | 67074/145449 [10:52<11:36, 112.56it/s]
 46%|████▌     | 67087/145449 [10:52<12:07, 107.71it/s]
 46%|████▌     | 67099/145449 [10:52<14:35, 89.53it/s] 
 46%|████▌     | 67109/145449 [10:52<15:24, 84.72it/s]
 46%|████▌     | 67128/145449 [10:52<12:31, 104.17it/s]
 46%|████▌     | 67143/145449 [10:52<11:20, 114.99it/s]
 46%|████▌     | 67161/145449 [10:52<10:00, 130.46it/s]
 46%|████▌     | 67175/145449 [10:52<09:49, 132.70it/s]
 46%|████▌     | 67189/145449 [10:53<10:20, 126.09it/s]
 46%|████▌     | 67203/145449 [10:53<12:41, 102.69it/s]
 46%|████▌     | 67215/145449 [10:53<12:15, 106.36it/s]
 46%|████▌     | 67227/145449 [10:53<13:22, 97.47it/s] 
 46%|████▌     | 67238/145449 [10:53<14:32, 89.59it/s]
 46%|████▌     | 67248/145449 [10:53<14:30, 89.87it/s]
 46%|████▌     | 67259/145449 [10:53<13:52, 93.94it/s]
 46%|████▋     | 67274/145449 [10:53<12:17, 106.01it/s]
 46%|████▋     | 67287/145449 [10:54<11:42, 111.28it/s]
 46%|████▋     | 67300/145449 [10:54<11:46, 110.58it/s]
 46%|████▋     | 67312/145449 [10:54<11:52, 109.65it/s]
 46%|████▋     | 67324/145449 [10:54<13:59, 93.11it/s] 
 46%|████▋     | 67334/145449 [10:54<15:11, 85.68it/s]
 46%|████▋     | 67344/145449 [10:54<15:23, 84.56it/s]
 46%|████▋     | 67353/145449 [10:54<15:34, 83.57it/s]
 46%|████▋     | 67362/145449 [10:54<15:28, 84.10it/s]
 46%|████▋     | 67371/145449 [10:55<17:40, 73.61it/s]
 46%|████▋     | 67382/145449 [10:55<16:08, 80.61it/s]
 46%|████▋     | 67391/145449 [10:55<16:33, 78.58it/s]
 46%|████▋     | 67400/145449 [10:55<16:24, 79.29it/s]
 46%|████▋     | 67409/145449 [10:55<18:17, 71.08it/s]
 46%|████▋     | 67417/145449 [10:55<19:53, 65.39it/s]
 46%|████▋     | 67425/145449 [10:55<19:14, 67.57it/s]
 46%|████▋     | 67437/145449 [10:56<16:48, 77.37it/s]
 46%|████▋     | 67446/145449 [10:56<16:29, 78.84it/s]
 46%|████▋     | 67455/145449 [10:56<17:08, 75.84it/s]
 46%|████▋     | 67466/145449 [10:56<15:21, 84.62it/s]
 46%|████▋     | 67484/145449 [10:56<11:59, 108.32it/s]
 46%|████▋     | 67496/145449 [10:56<12:45, 101.83it/s]
 46%|████▋     | 67508/145449 [10:56<12:44, 101.92it/s]
 46%|████▋     | 67519/145449 [10:56<13:28, 96.41it/s] 
 46%|████▋     | 67534/145449 [10:56<11:56, 108.78it/s]
 46%|████▋     | 67551/145449 [10:57<10:33, 122.93it/s]
 46%|████▋     | 67564/145449 [10:57<11:19, 114.60it/s]
 46%|████▋     | 67576/145449 [10:57<12:03, 107.57it/s]
 46%|████▋     | 67589/145449 [10:57<11:37, 111.57it/s]
 46%|████▋     | 67605/145449 [10:57<10:38, 121.93it/s]
 46%|████▋     | 67622/145449 [10:57<09:38, 134.59it/s]
 47%|████▋     | 67636/145449 [10:57<09:47, 132.49it/s]
 47%|████▋     | 67650/145449 [10:57<10:17, 126.02it/s]
 47%|████▋     | 67664/145449 [10:57<10:07, 128.05it/s]
 47%|████▋     | 67677/145449 [10:58<13:13, 97.95it/s] 
 47%|████▋     | 67688/145449 [10:58<13:40, 94.79it/s]
 47%|████▋     | 67699/145449 [10:58<13:50, 93.59it/s]
 47%|████▋     | 67709/145449 [10:58<14:14, 90.98it/s]
 47%|████▋     | 67722/145449 [10:58<13:06, 98.77it/s]
 47%|████▋     | 67733/145449 [10:58<14:17, 90.61it/s]
 47%|████▋     | 67747/145449 [10:58<12:36, 102.71it/s]
 47%|████▋     | 67760/145449 [10:59<11:50, 109.39it/s]
 47%|████▋     | 67775/145449 [10:59<11:00, 117.52it/s]
 47%|████▋     | 67792/145449 [10:59<09:52, 131.07it/s]
 47%|████▋     | 67811/145449 [10:59<08:49, 146.75it/s]
 47%|████▋     | 67826/145449 [10:59<09:55, 130.32it/s]
 47%|████▋     | 67840/145449 [10:59<10:51, 119.20it/s]
 47%|████▋     | 67853/145449 [10:59<11:24, 113.34it/s]
 47%|████▋     | 67865/145449 [10:59<13:36, 95.07it/s] 
 47%|████▋     | 67876/145449 [11:00<16:20, 79.15it/s]
 47%|████▋     | 67885/145449 [11:00<16:47, 76.97it/s]
 47%|████▋     | 67899/145449 [11:00<14:14, 90.72it/s]
 47%|████▋     | 67910/145449 [11:00<13:35, 95.08it/s]
 47%|████▋     | 67927/145449 [11:00<11:26, 112.97it/s]
 47%|████▋     | 67941/145449 [11:00<10:56, 118.11it/s]
 47%|████▋     | 67954/145449 [11:00<11:02, 117.01it/s]
 47%|████▋     | 67970/145449 [11:00<10:10, 127.01it/s]
 47%|████▋     | 67986/145449 [11:01<09:32, 135.42it/s]
 47%|████▋     | 68003/145449 [11:01<08:54, 144.93it/s]
 47%|████▋     | 68018/145449 [11:01<09:41, 133.14it/s]
 47%|████▋     | 68035/145449 [11:01<09:17, 138.95it/s]
 47%|████▋     | 68052/145449 [11:01<08:48, 146.34it/s]
 47%|████▋     | 68075/145449 [11:01<07:46, 165.87it/s]
 47%|████▋     | 68093/145449 [11:01<07:38, 168.59it/s]
 47%|████▋     | 68111/145449 [11:01<07:52, 163.80it/s]
 47%|████▋     | 68128/145449 [11:01<08:02, 160.33it/s]
 47%|████▋     | 68145/145449 [11:02<09:05, 141.61it/s]
 47%|████▋     | 68162/145449 [11:02<08:41, 148.24it/s]
 47%|████▋     | 68178/145449 [11:02<08:49, 145.99it/s]
 47%|████▋     | 68196/145449 [11:02<08:26, 152.44it/s]
 47%|████▋     | 68212/145449 [11:02<09:40, 132.94it/s]
 47%|████▋     | 68226/145449 [11:02<10:57, 117.44it/s]
 47%|████▋     | 68239/145449 [11:02<11:41, 110.13it/s]
 47%|████▋     | 68251/145449 [11:02<11:41, 110.00it/s]
 47%|████▋     | 68266/145449 [11:03<10:55, 117.78it/s]
 47%|████▋     | 68283/145449 [11:03<10:10, 126.49it/s]
 47%|████▋     | 68296/145449 [11:03<11:21, 113.23it/s]
 47%|████▋     | 68308/145449 [11:03<14:21, 89.58it/s] 
 47%|████▋     | 68321/145449 [11:03<13:07, 97.91it/s]
 47%|████▋     | 68332/145449 [11:03<14:45, 87.13it/s]
 47%|████▋     | 68342/145449 [11:03<17:45, 72.37it/s]
 47%|████▋     | 68352/145449 [11:04<16:44, 76.77it/s]
 47%|████▋     | 68361/145449 [11:04<16:38, 77.17it/s]
 47%|████▋     | 68373/145449 [11:04<14:51, 86.50it/s]
 47%|████▋     | 68388/145449 [11:04<12:37, 101.76it/s]
 47%|████▋     | 68399/145449 [11:04<13:56, 92.16it/s] 
 47%|████▋     | 68413/145449 [11:04<12:25, 103.29it/s]
 47%|████▋     | 68424/145449 [11:04<12:16, 104.56it/s]
 47%|████▋     | 68439/145449 [11:04<11:05, 115.65it/s]
 47%|████▋     | 68456/145449 [11:04<10:11, 125.95it/s]
 47%|████▋     | 68469/145449 [11:05<10:13, 125.57it/s]
 47%|████▋     | 68483/145449 [11:05<10:05, 127.12it/s]
 47%|████▋     | 68497/145449 [11:05<10:03, 127.60it/s]
 47%|████▋     | 68510/145449 [11:05<12:13, 104.87it/s]
 47%|████▋     | 68522/145449 [11:05<12:41, 101.01it/s]
 47%|████▋     | 68533/145449 [11:05<12:51, 99.67it/s] 
 47%|████▋     | 68548/145449 [11:05<11:27, 111.88it/s]
 47%|████▋     | 68562/145449 [11:05<11:08, 115.08it/s]
 47%|████▋     | 68576/145449 [11:06<11:03, 115.80it/s]
 47%|████▋     | 68588/145449 [11:06<11:14, 113.90it/s]
 47%|████▋     | 68600/145449 [11:06<11:14, 113.86it/s]
 47%|████▋     | 68612/145449 [11:06<11:32, 110.95it/s]
 47%|████▋     | 68624/145449 [11:06<11:26, 111.94it/s]
 47%|████▋     | 68636/145449 [11:06<11:52, 107.79it/s]
 47%|████▋     | 68648/145449 [11:06<11:40, 109.59it/s]
 47%|████▋     | 68661/145449 [11:06<11:13, 113.98it/s]
 47%|████▋     | 68673/145449 [11:06<11:13, 114.00it/s]
 47%|████▋     | 68692/145449 [11:07<09:38, 132.68it/s]
 47%|████▋     | 68706/145449 [11:07<10:56, 116.94it/s]
 47%|████▋     | 68719/145449 [11:07<13:04, 97.75it/s] 
 47%|████▋     | 68741/145449 [11:07<10:31, 121.49it/s]
 47%|████▋     | 68757/145449 [11:07<10:01, 127.49it/s]
 47%|████▋     | 68771/145449 [11:07<09:55, 128.83it/s]
 47%|████▋     | 68785/145449 [11:07<10:40, 119.68it/s]
 47%|████▋     | 68802/145449 [11:07<09:59, 127.92it/s]
 47%|████▋     | 68816/145449 [11:08<09:53, 129.22it/s]
 47%|████▋     | 68830/145449 [11:08<11:03, 115.50it/s]
 47%|████▋     | 68842/145449 [11:08<11:44, 108.78it/s]
 47%|████▋     | 68855/145449 [11:08<11:20, 112.58it/s]
 47%|████▋     | 68867/145449 [11:08<11:22, 112.19it/s]
 47%|████▋     | 68880/145449 [11:08<11:00, 115.91it/s]
 47%|████▋     | 68895/145449 [11:08<10:13, 124.79it/s]
 47%|████▋     | 68908/145449 [11:08<12:48, 99.59it/s] 
 47%|████▋     | 68919/145449 [11:09<13:43, 92.90it/s]
 47%|████▋     | 68929/145449 [11:09<15:23, 82.86it/s]
 47%|████▋     | 68938/145449 [11:09<15:31, 82.12it/s]
 47%|████▋     | 68947/145449 [11:09<15:52, 80.32it/s]
 47%|████▋     | 68956/145449 [11:09<16:54, 75.37it/s]
 47%|████▋     | 68965/145449 [11:09<16:16, 78.34it/s]
 47%|████▋     | 68982/145449 [11:09<12:44, 100.04it/s]
 47%|████▋     | 68993/145449 [11:10<14:18, 89.03it/s] 
 47%|████▋     | 69007/145449 [11:10<13:19, 95.62it/s]
 47%|████▋     | 69017/145449 [11:10<13:42, 92.97it/s]
 47%|████▋     | 69028/145449 [11:10<13:19, 95.61it/s]
 47%|████▋     | 69040/145449 [11:10<12:32, 101.55it/s]
 47%|████▋     | 69057/145449 [11:10<11:56, 106.65it/s]
 47%|████▋     | 69068/145449 [11:10<12:33, 101.32it/s]
 47%|████▋     | 69079/145449 [11:10<13:11, 96.45it/s] 
 48%|████▊     | 69089/145449 [11:10<13:25, 94.82it/s]
 48%|████▊     | 69101/145449 [11:11<12:53, 98.72it/s]
 48%|████▊     | 69119/145449 [11:11<10:44, 118.45it/s]
 48%|████▊     | 69135/145449 [11:11<10:22, 122.65it/s]
 48%|████▊     | 69148/145449 [11:11<11:14, 113.16it/s]
 48%|████▊     | 69163/145449 [11:11<10:42, 118.65it/s]
 48%|████▊     | 69176/145449 [11:11<10:35, 120.06it/s]
 48%|████▊     | 69189/145449 [11:11<10:48, 117.68it/s]
 48%|████▊     | 69201/145449 [11:11<12:01, 105.66it/s]
 48%|████▊     | 69212/145449 [11:12<12:38, 100.45it/s]
 48%|████▊     | 69223/145449 [11:12<12:23, 102.58it/s]
 48%|████▊     | 69238/145449 [11:12<11:34, 109.78it/s]
 48%|████▊     | 69251/145449 [11:12<11:16, 112.58it/s]
 48%|████▊     | 69268/145449 [11:12<09:55, 127.94it/s]
 48%|████▊     | 69282/145449 [11:12<10:13, 124.11it/s]
 48%|████▊     | 69295/145449 [11:12<11:48, 107.54it/s]
 48%|████▊     | 69307/145449 [11:12<12:09, 104.38it/s]
 48%|████▊     | 69318/145449 [11:13<13:24, 94.65it/s] 
 48%|████▊     | 69328/145449 [11:13<13:23, 94.77it/s]
 48%|████▊     | 69338/145449 [11:13<13:27, 94.24it/s]
 48%|████▊     | 69348/145449 [11:13<13:57, 90.91it/s]
 48%|████▊     | 69358/145449 [11:13<14:01, 90.44it/s]
 48%|████▊     | 69369/145449 [11:13<13:38, 92.91it/s]
 48%|████▊     | 69379/145449 [11:13<14:00, 90.54it/s]
 48%|████▊     | 69393/145449 [11:13<12:50, 98.76it/s]
 48%|████▊     | 69403/145449 [11:13<13:54, 91.17it/s]
 48%|████▊     | 69413/145449 [11:14<14:33, 87.08it/s]
 48%|████▊     | 69422/145449 [11:14<16:19, 77.58it/s]
 48%|████▊     | 69430/145449 [11:14<16:46, 75.49it/s]
 48%|████▊     | 69441/145449 [11:14<15:07, 83.73it/s]
 48%|████▊     | 69451/145449 [11:14<16:24, 77.22it/s]
 48%|████▊     | 69462/145449 [11:14<14:50, 85.31it/s]
 48%|████▊     | 69471/145449 [11:14<14:38, 86.53it/s]
 48%|████▊     | 69486/145449 [11:14<13:00, 97.38it/s]
 48%|████▊     | 69500/145449 [11:15<12:06, 104.48it/s]
 48%|████▊     | 69511/145449 [11:15<12:06, 104.52it/s]
 48%|████▊     | 69523/145449 [11:15<12:31, 100.99it/s]
 48%|████▊     | 69534/145449 [11:15<15:49, 79.98it/s] 
 48%|████▊     | 69543/145449 [11:15<16:37, 76.08it/s]
 48%|████▊     | 69552/145449 [11:15<16:12, 78.03it/s]
 48%|████▊     | 69562/145449 [11:15<15:35, 81.14it/s]
 48%|████▊     | 69573/145449 [11:15<14:26, 87.55it/s]
 48%|████▊     | 69583/145449 [11:16<15:19, 82.53it/s]
 48%|████▊     | 69593/145449 [11:16<14:39, 86.22it/s]
 48%|████▊     | 69606/145449 [11:16<13:53, 91.04it/s]
 48%|████▊     | 69621/145449 [11:16<12:13, 103.43it/s]
 48%|████▊     | 69633/145449 [11:16<11:44, 107.66it/s]
 48%|████▊     | 69644/145449 [11:16<14:03, 89.91it/s] 
 48%|████▊     | 69654/145449 [11:16<13:49, 91.33it/s]
 48%|████▊     | 69664/145449 [11:16<14:33, 86.71it/s]
 48%|████▊     | 69675/145449 [11:17<13:41, 92.24it/s]
 48%|████▊     | 69691/145449 [11:17<11:45, 107.33it/s]
 48%|████▊     | 69703/145449 [11:17<11:38, 108.43it/s]
 48%|████▊     | 69719/145449 [11:17<10:25, 121.08it/s]
 48%|████▊     | 69734/145449 [11:17<09:51, 127.98it/s]
 48%|████▊     | 69749/145449 [11:17<09:31, 132.52it/s]
 48%|████▊     | 69765/145449 [11:17<09:00, 140.10it/s]
 48%|████▊     | 69783/145449 [11:17<08:20, 151.26it/s]
 48%|████▊     | 69799/145449 [11:17<08:40, 145.38it/s]
 48%|████▊     | 69814/145449 [11:18<08:57, 140.64it/s]
 48%|████▊     | 69829/145449 [11:18<10:54, 115.49it/s]
 48%|████▊     | 69842/145449 [11:18<11:44, 107.33it/s]
 48%|████▊     | 69854/145449 [11:18<11:27, 109.95it/s]
 48%|████▊     | 69866/145449 [11:18<11:49, 106.47it/s]
 48%|████▊     | 69881/145449 [11:18<11:02, 114.06it/s]
 48%|████▊     | 69893/145449 [11:18<13:57, 90.26it/s] 
 48%|████▊     | 69903/145449 [11:19<15:23, 81.84it/s]
 48%|████▊     | 69914/145449 [11:19<14:31, 86.63it/s]
 48%|████▊     | 69924/145449 [11:19<15:41, 80.24it/s]
 48%|████▊     | 69933/145449 [11:19<15:49, 79.57it/s]
 48%|████▊     | 69942/145449 [11:19<19:34, 64.31it/s]
 48%|████▊     | 69950/145449 [11:19<22:11, 56.70it/s]
 48%|████▊     | 69959/145449 [11:19<19:53, 63.25it/s]
 48%|████▊     | 69966/145449 [11:20<20:17, 62.01it/s]
 48%|████▊     | 69982/145449 [11:20<15:22, 81.84it/s]
 48%|████▊     | 69997/145449 [11:20<13:10, 95.49it/s]
 48%|████▊     | 70008/145449 [11:20<12:55, 97.24it/s]
 48%|████▊     | 70019/145449 [11:20<12:46, 98.38it/s]
 48%|████▊     | 70034/145449 [11:20<11:13, 111.90it/s]
 48%|████▊     | 70048/145449 [11:20<10:40, 117.64it/s]
 48%|████▊     | 70061/145449 [11:20<12:42, 98.81it/s] 
 48%|████▊     | 70072/145449 [11:21<16:30, 76.07it/s]
 48%|████▊     | 70081/145449 [11:21<16:38, 75.48it/s]
 48%|████▊     | 70090/145449 [11:21<16:29, 76.12it/s]
 48%|████▊     | 70101/145449 [11:21<15:04, 83.26it/s]
 48%|████▊     | 70110/145449 [11:21<16:24, 76.50it/s]
 48%|████▊     | 70121/145449 [11:21<15:00, 83.61it/s]
 48%|████▊     | 70133/145449 [11:21<13:42, 91.55it/s]
 48%|████▊     | 70146/145449 [11:21<13:12, 95.03it/s]
 48%|████▊     | 70156/145449 [11:22<13:16, 94.52it/s]
 48%|████▊     | 70166/145449 [11:22<14:24, 87.13it/s]
 48%|████▊     | 70175/145449 [11:22<15:58, 78.53it/s]
 48%|████▊     | 70195/145449 [11:22<12:16, 102.19it/s]
 48%|████▊     | 70207/145449 [11:22<12:20, 101.62it/s]
 48%|████▊     | 70220/145449 [11:22<11:51, 105.75it/s]
 48%|████▊     | 70231/145449 [11:22<13:47, 90.92it/s] 
 48%|████▊     | 70241/145449 [11:23<15:01, 83.42it/s]
 48%|████▊     | 70255/145449 [11:23<13:01, 96.17it/s]
 48%|████▊     | 70266/145449 [11:23<12:56, 96.88it/s]
 48%|████▊     | 70277/145449 [11:23<12:42, 98.64it/s]
 48%|████▊     | 70290/145449 [11:23<11:43, 106.77it/s]
 48%|████▊     | 70306/145449 [11:23<10:32, 118.89it/s]
 48%|████▊     | 70321/145449 [11:23<09:49, 127.48it/s]
 48%|████▊     | 70335/145449 [11:23<09:40, 129.46it/s]
 48%|████▊     | 70349/145449 [11:23<09:59, 125.24it/s]
 48%|████▊     | 70362/145449 [11:24<13:02, 96.00it/s] 
 48%|████▊     | 70376/145449 [11:24<12:01, 104.07it/s]
 48%|████▊     | 70388/145449 [11:24<12:13, 102.29it/s]
 48%|████▊     | 70399/145449 [11:24<12:22, 101.13it/s]
 48%|████▊     | 70410/145449 [11:24<14:20, 87.22it/s] 
 48%|████▊     | 70423/145449 [11:24<13:26, 93.05it/s]
 48%|████▊     | 70433/145449 [11:24<14:02, 89.02it/s]
 48%|████▊     | 70443/145449 [11:24<15:08, 82.55it/s]
 48%|████▊     | 70457/145449 [11:25<13:30, 92.55it/s]
 48%|████▊     | 70467/145449 [11:25<14:03, 88.93it/s]
 48%|████▊     | 70477/145449 [11:25<14:43, 84.85it/s]
 48%|████▊     | 70487/145449 [11:25<14:41, 85.03it/s]
 48%|████▊     | 70498/145449 [11:25<13:44, 90.92it/s]
 48%|████▊     | 70508/145449 [11:25<13:53, 89.88it/s]
 48%|████▊     | 70518/145449 [11:25<14:15, 87.56it/s]
 48%|████▊     | 70535/145449 [11:25<11:47, 105.96it/s]
 49%|████▊     | 70549/145449 [11:26<10:51, 114.99it/s]
 49%|████▊     | 70561/145449 [11:26<11:01, 113.26it/s]
 49%|████▊     | 70573/145449 [11:26<11:05, 112.52it/s]
 49%|████▊     | 70585/145449 [11:26<11:52, 105.11it/s]
 49%|████▊     | 70598/145449 [11:26<11:11, 111.45it/s]
 49%|████▊     | 70610/145449 [11:26<12:09, 102.59it/s]
 49%|████▊     | 70622/145449 [11:26<11:38, 107.09it/s]
 49%|████▊     | 70633/145449 [11:26<12:36, 98.94it/s] 
 49%|████▊     | 70644/145449 [11:27<13:53, 89.70it/s]
 49%|████▊     | 70656/145449 [11:27<12:56, 96.29it/s]
 49%|████▊     | 70666/145449 [11:27<13:12, 94.37it/s]
 49%|████▊     | 70676/145449 [11:27<14:25, 86.43it/s]
 49%|████▊     | 70691/145449 [11:27<12:41, 98.13it/s]
 49%|████▊     | 70702/145449 [11:27<12:18, 101.15it/s]
 49%|████▊     | 70715/145449 [11:27<11:28, 108.52it/s]
 49%|████▊     | 70733/145449 [11:27<09:42, 128.20it/s]
 49%|████▊     | 70747/145449 [11:27<11:11, 111.17it/s]
 49%|████▊     | 70759/145449 [11:28<11:00, 113.11it/s]
 49%|████▊     | 70771/145449 [11:28<11:26, 108.84it/s]
 49%|████▊     | 70784/145449 [11:28<11:00, 113.09it/s]
 49%|████▊     | 70796/145449 [11:28<11:44, 105.93it/s]
 49%|████▊     | 70807/145449 [11:28<14:40, 84.74it/s] 
 49%|████▊     | 70817/145449 [11:28<14:28, 85.92it/s]
 49%|████▊     | 70827/145449 [11:28<14:33, 85.39it/s]
 49%|████▊     | 70836/145449 [11:28<14:30, 85.71it/s]
 49%|████▊     | 70850/145449 [11:29<12:39, 98.25it/s]
 49%|████▊     | 70861/145449 [11:29<12:51, 96.66it/s]
 49%|████▊     | 70873/145449 [11:29<12:15, 101.40it/s]
 49%|████▊     | 70884/145449 [11:29<12:00, 103.55it/s]
 49%|████▊     | 70901/145449 [11:29<10:40, 116.35it/s]
 49%|████▉     | 70913/145449 [11:29<10:59, 113.05it/s]
 49%|████▉     | 70928/145449 [11:29<10:09, 122.33it/s]
 49%|████▉     | 70941/145449 [11:29<10:21, 119.96it/s]
 49%|████▉     | 70954/145449 [11:29<12:18, 100.92it/s]
 49%|████▉     | 70965/145449 [11:30<12:02, 103.14it/s]
 49%|████▉     | 70976/145449 [11:30<11:57, 103.77it/s]
 49%|████▉     | 70987/145449 [11:30<12:41, 97.82it/s] 
 49%|████▉     | 70998/145449 [11:30<13:48, 89.85it/s]
 49%|████▉     | 71008/145449 [11:30<13:26, 92.32it/s]
 49%|████▉     | 71025/145449 [11:30<11:17, 109.86it/s]
 49%|████▉     | 71038/145449 [11:30<10:51, 114.23it/s]
 49%|████▉     | 71050/145449 [11:30<11:53, 104.22it/s]
 49%|████▉     | 71061/145449 [11:31<13:09, 94.21it/s] 
 49%|████▉     | 71071/145449 [11:31<13:19, 92.99it/s]
 49%|████▉     | 71082/145449 [11:31<12:57, 95.62it/s]
 49%|████▉     | 71093/145449 [11:31<12:34, 98.51it/s]
 49%|████▉     | 71104/145449 [11:31<12:18, 100.71it/s]
 49%|████▉     | 71115/145449 [11:31<12:06, 102.27it/s]
 49%|████▉     | 71126/145449 [11:31<12:20, 100.42it/s]
 49%|████▉     | 71148/145449 [11:31<09:36, 128.89it/s]
 49%|████▉     | 71165/145449 [11:31<09:00, 137.47it/s]
 49%|████▉     | 71179/145449 [11:32<09:54, 124.97it/s]
 49%|████▉     | 71192/145449 [11:32<12:19, 100.47it/s]
 49%|████▉     | 71205/145449 [11:32<12:01, 102.86it/s]
 49%|████▉     | 71217/145449 [11:32<12:02, 102.67it/s]
 49%|████▉     | 71228/145449 [11:32<15:26, 80.09it/s] 
 49%|████▉     | 71241/145449 [11:32<14:00, 88.27it/s]
 49%|████▉     | 71254/145449 [11:32<12:42, 97.29it/s]
 49%|████▉     | 71271/145449 [11:33<10:47, 114.62it/s]
 49%|████▉     | 71285/145449 [11:33<10:17, 120.14it/s]
 49%|████▉     | 71300/145449 [11:33<09:40, 127.80it/s]
 49%|████▉     | 71314/145449 [11:33<11:33, 106.84it/s]
 49%|████▉     | 71327/145449 [11:33<11:05, 111.33it/s]
 49%|████▉     | 71341/145449 [11:33<10:31, 117.41it/s]
 49%|████▉     | 71354/145449 [11:33<10:19, 119.57it/s]
 49%|████▉     | 71367/145449 [11:33<10:39, 115.89it/s]
 49%|████▉     | 71379/145449 [11:34<11:40, 105.77it/s]
 49%|████▉     | 71391/145449 [11:34<11:25, 108.06it/s]
 49%|████▉     | 71405/145449 [11:34<10:47, 114.36it/s]
 49%|████▉     | 71418/145449 [11:34<10:54, 113.12it/s]
 49%|████▉     | 71430/145449 [11:34<11:36, 106.29it/s]
 49%|████▉     | 71442/145449 [11:34<11:17, 109.27it/s]
 49%|████▉     | 71456/145449 [11:34<10:37, 116.01it/s]
 49%|████▉     | 71470/145449 [11:34<10:13, 120.66it/s]
 49%|████▉     | 71483/145449 [11:34<10:28, 117.74it/s]
 49%|████▉     | 71496/145449 [11:35<10:24, 118.49it/s]
 49%|████▉     | 71508/145449 [11:35<10:38, 115.80it/s]
 49%|████▉     | 71520/145449 [11:35<10:55, 112.79it/s]
 49%|████▉     | 71532/145449 [11:35<13:53, 88.64it/s] 
 49%|████▉     | 71542/145449 [11:35<14:42, 83.78it/s]
 49%|████▉     | 71560/145449 [11:35<11:42, 105.18it/s]
 49%|████▉     | 71577/145449 [11:35<10:25, 118.04it/s]
 49%|████▉     | 71593/145449 [11:35<10:29, 117.33it/s]
 49%|████▉     | 71609/145449 [11:36<10:17, 119.56it/s]
 49%|████▉     | 71622/145449 [11:36<12:38, 97.38it/s] 
 49%|████▉     | 71633/145449 [11:36<14:17, 86.04it/s]
 49%|████▉     | 71643/145449 [11:36<17:04, 72.05it/s]
 49%|████▉     | 71653/145449 [11:36<16:23, 75.07it/s]
 49%|████▉     | 71663/145449 [11:36<16:29, 74.54it/s]
 49%|████▉     | 71675/145449 [11:37<15:02, 81.71it/s]
 49%|████▉     | 71690/145449 [11:37<12:47, 96.05it/s]
 49%|████▉     | 71701/145449 [11:37<13:35, 90.41it/s]
 49%|████▉     | 71718/145449 [11:37<11:21, 108.16it/s]
 49%|████▉     | 71734/145449 [11:37<10:19, 118.95it/s]
 49%|████▉     | 71749/145449 [11:37<09:52, 124.36it/s]
 49%|████▉     | 71766/145449 [11:37<09:29, 129.34it/s]
 49%|████▉     | 71781/145449 [11:37<09:12, 133.23it/s]
 49%|████▉     | 71795/145449 [11:37<09:29, 129.29it/s]
 49%|████▉     | 71809/145449 [11:38<10:00, 122.72it/s]
 49%|████▉     | 71822/145449 [11:38<10:02, 122.16it/s]
 49%|████▉     | 71835/145449 [11:38<10:46, 113.87it/s]
 49%|████▉     | 71853/145449 [11:38<09:34, 128.01it/s]
 49%|████▉     | 71868/145449 [11:38<09:21, 131.03it/s]
 49%|████▉     | 71882/145449 [11:38<09:29, 129.07it/s]
 49%|████▉     | 71896/145449 [11:38<11:22, 107.78it/s]
 49%|████▉     | 71908/145449 [11:38<11:42, 104.72it/s]
 49%|████▉     | 71922/145449 [11:39<10:51, 112.85it/s]
 49%|████▉     | 71939/145449 [11:39<09:38, 127.09it/s]
 49%|████▉     | 71953/145449 [11:39<11:07, 110.14it/s]
 49%|████▉     | 71965/145449 [11:39<13:46, 88.88it/s] 
 49%|████▉     | 71975/145449 [11:39<15:12, 80.55it/s]
 49%|████▉     | 71984/145449 [11:39<14:52, 82.33it/s]
 49%|████▉     | 71993/145449 [11:39<18:14, 67.11it/s]
 50%|████▉     | 72009/145449 [11:40<14:18, 85.57it/s]
 50%|████▉     | 72023/145449 [11:40<12:31, 97.67it/s]
 50%|████▉     | 72036/145449 [11:40<11:46, 103.94it/s]
 50%|████▉     | 72048/145449 [11:40<12:28, 98.06it/s] 
 50%|████▉     | 72061/145449 [11:40<11:38, 105.05it/s]
 50%|████▉     | 72073/145449 [11:40<14:24, 84.89it/s] 
 50%|████▉     | 72083/145449 [11:40<14:21, 85.20it/s]
 50%|████▉     | 72093/145449 [11:41<14:55, 81.92it/s]
 50%|████▉     | 72103/145449 [11:41<14:15, 85.74it/s]
 50%|████▉     | 72113/145449 [11:41<15:39, 78.04it/s]
 50%|████▉     | 72124/145449 [11:41<14:25, 84.76it/s]
 50%|████▉     | 72133/145449 [11:41<14:16, 85.58it/s]
 50%|████▉     | 72142/145449 [11:41<19:19, 63.20it/s]
 50%|████▉     | 72151/145449 [11:41<18:12, 67.11it/s]
 50%|████▉     | 72163/145449 [11:41<16:02, 76.13it/s]
 50%|████▉     | 72174/145449 [11:42<14:32, 83.99it/s]
 50%|████▉     | 72184/145449 [11:42<14:22, 84.95it/s]
 50%|████▉     | 72194/145449 [11:42<14:00, 87.19it/s]
 50%|████▉     | 72204/145449 [11:42<14:59, 81.42it/s]
 50%|████▉     | 72219/145449 [11:42<12:36, 96.80it/s]
 50%|████▉     | 72230/145449 [11:42<12:55, 94.37it/s]
 50%|████▉     | 72240/145449 [11:42<13:12, 92.38it/s]
 50%|████▉     | 72250/145449 [11:42<13:56, 87.51it/s]
 50%|████▉     | 72259/145449 [11:43<15:48, 77.14it/s]
 50%|████▉     | 72273/145449 [11:43<13:21, 91.34it/s]
 50%|████▉     | 72286/145449 [11:43<12:03, 101.18it/s]
 50%|████▉     | 72297/145449 [11:43<11:52, 102.63it/s]
 50%|████▉     | 72313/145449 [11:43<10:29, 116.11it/s]
 50%|████▉     | 72325/145449 [11:43<11:02, 110.45it/s]
 50%|████▉     | 72337/145449 [11:43<11:56, 102.04it/s]
 50%|████▉     | 72349/145449 [11:43<11:32, 105.52it/s]
 50%|████▉     | 72360/145449 [11:43<11:56, 102.04it/s]
 50%|████▉     | 72372/145449 [11:44<11:26, 106.37it/s]
 50%|████▉     | 72387/145449 [11:44<10:39, 114.31it/s]
 50%|████▉     | 72399/145449 [11:44<11:05, 109.75it/s]
 50%|████▉     | 72411/145449 [11:44<12:45, 95.41it/s] 
 50%|████▉     | 72421/145449 [11:44<12:41, 95.96it/s]
 50%|████▉     | 72431/145449 [11:44<12:48, 95.05it/s]
 50%|████▉     | 72444/145449 [11:44<11:56, 101.85it/s]
 50%|████▉     | 72455/145449 [11:44<13:25, 90.64it/s] 
 50%|████▉     | 72465/145449 [11:45<15:17, 79.53it/s]
 50%|████▉     | 72474/145449 [11:45<15:13, 79.90it/s]
 50%|████▉     | 72489/145449 [11:45<12:35, 96.63it/s]
 50%|████▉     | 72502/145449 [11:45<12:14, 99.36it/s]
 50%|████▉     | 72518/145449 [11:45<10:45, 112.90it/s]
 50%|████▉     | 72530/145449 [11:45<13:02, 93.22it/s] 
 50%|████▉     | 72541/145449 [11:45<14:18, 84.92it/s]
 50%|████▉     | 72551/145449 [11:45<13:59, 86.86it/s]
 50%|████▉     | 72561/145449 [11:46<14:32, 83.57it/s]
 50%|████▉     | 72578/145449 [11:46<12:16, 98.92it/s]
 50%|████▉     | 72589/145449 [11:46<12:33, 96.69it/s]
 50%|████▉     | 72599/145449 [11:46<13:39, 88.86it/s]
 50%|████▉     | 72611/145449 [11:46<13:08, 92.37it/s]
 50%|████▉     | 72625/145449 [11:46<11:39, 104.09it/s]
 50%|████▉     | 72642/145449 [11:46<09:59, 121.36it/s]
 50%|████▉     | 72660/145449 [11:46<08:54, 136.28it/s]
 50%|████▉     | 72676/145449 [11:47<08:31, 142.33it/s]
 50%|████▉     | 72691/145449 [11:47<09:07, 133.00it/s]
 50%|████▉     | 72706/145449 [11:47<08:51, 136.98it/s]
 50%|████▉     | 72720/145449 [11:47<11:19, 107.10it/s]
 50%|█████     | 72732/145449 [11:47<12:34, 96.39it/s] 
 50%|█████     | 72745/145449 [11:47<11:51, 102.16it/s]
 50%|█████     | 72756/145449 [11:47<12:19, 98.29it/s] 
 50%|█████     | 72767/145449 [11:47<12:00, 100.84it/s]
 50%|█████     | 72778/145449 [11:48<12:00, 100.89it/s]
 50%|█████     | 72789/145449 [11:48<13:26, 90.12it/s] 
 50%|█████     | 72799/145449 [11:48<13:05, 92.43it/s]
 50%|█████     | 72812/145449 [11:48<12:04, 100.30it/s]
 50%|█████     | 72823/145449 [11:48<12:32, 96.48it/s] 
 50%|█████     | 72841/145449 [11:48<10:15, 118.00it/s]
 50%|█████     | 72860/145449 [11:48<08:50, 136.79it/s]
 50%|█████     | 72875/145449 [11:48<08:43, 138.58it/s]
 50%|█████     | 72892/145449 [11:48<08:18, 145.49it/s]
 50%|█████     | 72909/145449 [11:49<08:01, 150.67it/s]
 50%|█████     | 72925/145449 [11:49<08:36, 140.42it/s]
 50%|█████     | 72940/145449 [11:49<08:50, 136.62it/s]
 50%|█████     | 72954/145449 [11:49<09:03, 133.38it/s]
 50%|█████     | 72968/145449 [11:49<09:02, 133.51it/s]
 50%|█████     | 72982/145449 [11:49<10:12, 118.32it/s]
 50%|█████     | 72995/145449 [11:49<11:10, 108.03it/s]
 50%|█████     | 73008/145449 [11:49<10:42, 112.70it/s]
 50%|█████     | 73020/145449 [11:50<11:33, 104.51it/s]
 50%|█████     | 73032/145449 [11:50<11:15, 107.19it/s]
 50%|█████     | 73050/145449 [11:50<09:37, 125.43it/s]
 50%|█████     | 73063/145449 [11:50<12:29, 96.60it/s] 
 50%|█████     | 73075/145449 [11:50<12:04, 99.95it/s]
 50%|█████     | 73086/145449 [11:50<12:09, 99.25it/s]
 50%|█████     | 73098/145449 [11:50<12:03, 100.02it/s]
 50%|█████     | 73114/145449 [11:50<10:44, 112.21it/s]
 50%|█████     | 73126/145449 [11:51<11:08, 108.22it/s]
 50%|█████     | 73138/145449 [11:51<11:38, 103.58it/s]
 50%|█████     | 73149/145449 [11:51<12:13, 98.63it/s] 
 50%|█████     | 73160/145449 [11:51<13:05, 91.99it/s]
 50%|█████     | 73171/145449 [11:51<12:39, 95.21it/s]
 50%|█████     | 73189/145449 [11:51<10:17, 116.94it/s]
 50%|█████     | 73207/145449 [11:51<09:02, 133.06it/s]
 50%|█████     | 73221/145449 [11:51<10:19, 116.62it/s]
 50%|█████     | 73234/145449 [11:52<11:02, 108.99it/s]
 50%|█████     | 73246/145449 [11:52<11:50, 101.65it/s]
 50%|█████     | 73257/145449 [11:52<11:44, 102.47it/s]
 50%|█████     | 73271/145449 [11:52<10:44, 112.01it/s]
 50%|█████     | 73289/145449 [11:52<09:16, 129.71it/s]
 50%|█████     | 73303/145449 [11:52<09:06, 132.05it/s]
 50%|█████     | 73317/145449 [11:52<09:54, 121.31it/s]
 50%|█████     | 73330/145449 [11:52<10:44, 111.93it/s]
 50%|█████     | 73342/145449 [11:52<10:40, 112.63it/s]
 50%|█████     | 73354/145449 [11:53<11:23, 105.50it/s]
 50%|█████     | 73365/145449 [11:53<13:12, 90.92it/s] 
 50%|█████     | 73379/145449 [11:53<11:53, 101.06it/s]
 50%|█████     | 73390/145449 [11:53<12:10, 98.67it/s] 
 50%|█████     | 73401/145449 [11:53<12:16, 97.84it/s]
 50%|█████     | 73412/145449 [11:53<12:34, 95.49it/s]
 50%|█████     | 73422/145449 [11:53<13:50, 86.73it/s]
 50%|█████     | 73437/145449 [11:54<11:54, 100.75it/s]
 50%|█████     | 73449/145449 [11:54<11:25, 105.06it/s]
 51%|█████     | 73460/145449 [11:54<11:31, 104.05it/s]
 51%|█████     | 73473/145449 [11:54<13:03, 91.86it/s] 
 51%|█████     | 73483/145449 [11:54<12:55, 92.84it/s]
 51%|█████     | 73494/145449 [11:54<12:26, 96.45it/s]
 51%|█████     | 73508/145449 [11:54<12:05, 99.14it/s]
 51%|█████     | 73519/145449 [11:54<12:00, 99.77it/s]
 51%|█████     | 73534/145449 [11:54<10:57, 109.39it/s]
 51%|█████     | 73546/145449 [11:55<11:20, 105.60it/s]
 51%|█████     | 73560/145449 [11:55<10:46, 111.21it/s]
 51%|█████     | 73573/145449 [11:55<10:33, 113.52it/s]
 51%|█████     | 73585/145449 [11:55<12:08, 98.70it/s] 
 51%|█████     | 73596/145449 [11:55<13:01, 91.90it/s]
 51%|█████     | 73606/145449 [11:55<14:13, 84.18it/s]
 51%|█████     | 73622/145449 [11:55<11:46, 101.70it/s]
 51%|█████     | 73635/145449 [11:55<11:01, 108.62it/s]
 51%|█████     | 73648/145449 [11:56<10:50, 110.46it/s]
 51%|█████     | 73660/145449 [11:56<10:54, 109.67it/s]
 51%|█████     | 73672/145449 [11:56<11:07, 107.53it/s]
 51%|█████     | 73683/145449 [11:56<11:54, 100.44it/s]
 51%|█████     | 73695/145449 [11:56<11:33, 103.42it/s]
 51%|█████     | 73708/145449 [11:56<10:51, 110.13it/s]
 51%|█████     | 73720/145449 [11:56<11:51, 100.87it/s]
 51%|█████     | 73731/145449 [11:56<13:59, 85.41it/s] 
 51%|█████     | 73741/145449 [11:57<13:50, 86.36it/s]
 51%|█████     | 73751/145449 [11:57<14:19, 83.47it/s]
 51%|█████     | 73760/145449 [11:57<14:08, 84.48it/s]
 51%|█████     | 73769/145449 [11:57<15:40, 76.23it/s]
 51%|█████     | 73783/145449 [11:57<13:23, 89.18it/s]
 51%|█████     | 73795/145449 [11:57<12:21, 96.68it/s]
 51%|█████     | 73809/145449 [11:57<11:05, 107.68it/s]
 51%|█████     | 73821/145449 [11:57<11:10, 106.90it/s]
 51%|█████     | 73835/145449 [11:57<10:20, 115.48it/s]
 51%|█████     | 73849/145449 [11:58<09:51, 121.11it/s]
 51%|█████     | 73862/145449 [11:58<10:35, 112.58it/s]
 51%|█████     | 73874/145449 [11:58<11:19, 105.37it/s]
 51%|█████     | 73888/145449 [11:58<10:30, 113.48it/s]
 51%|█████     | 73900/145449 [11:58<11:10, 106.68it/s]
 51%|█████     | 73916/145449 [11:58<10:18, 115.63it/s]
 51%|█████     | 73928/145449 [11:58<11:43, 101.62it/s]
 51%|█████     | 73939/145449 [11:58<12:28, 95.55it/s] 
 51%|█████     | 73949/145449 [11:59<12:45, 93.39it/s]
 51%|█████     | 73959/145449 [11:59<12:43, 93.67it/s]
 51%|█████     | 73969/145449 [11:59<13:40, 87.08it/s]
 51%|█████     | 73978/145449 [11:59<13:37, 87.38it/s]
 51%|█████     | 73992/145449 [11:59<12:10, 97.86it/s]
 51%|█████     | 74004/145449 [11:59<12:02, 98.89it/s]
 51%|█████     | 74014/145449 [11:59<12:47, 93.12it/s]
 51%|█████     | 74029/145449 [11:59<11:06, 107.13it/s]
 51%|█████     | 74044/145449 [12:00<10:30, 113.23it/s]
 51%|█████     | 74060/145449 [12:00<09:37, 123.69it/s]
 51%|█████     | 74073/145449 [12:00<10:02, 118.48it/s]
 51%|█████     | 74085/145449 [12:00<12:56, 91.87it/s] 
 51%|█████     | 74097/145449 [12:00<12:19, 96.47it/s]
 51%|█████     | 74109/145449 [12:00<11:42, 101.49it/s]
 51%|█████     | 74123/145449 [12:00<11:24, 104.13it/s]
 51%|█████     | 74134/145449 [12:00<11:46, 101.01it/s]
 51%|█████     | 74147/145449 [12:01<11:13, 105.82it/s]
 51%|█████     | 74158/145449 [12:01<11:57, 99.42it/s] 
 51%|█████     | 74170/145449 [12:01<11:28, 103.56it/s]
 51%|█████     | 74183/145449 [12:01<11:15, 105.58it/s]
 51%|█████     | 74198/145449 [12:01<10:10, 116.75it/s]
 51%|█████     | 74210/145449 [12:01<10:11, 116.45it/s]
 51%|█████     | 74222/145449 [12:01<11:44, 101.16it/s]
 51%|█████     | 74233/145449 [12:01<12:23, 95.82it/s] 
 51%|█████     | 74243/145449 [12:01<12:54, 91.92it/s]
 51%|█████     | 74253/145449 [12:02<14:43, 80.56it/s]
 51%|█████     | 74262/145449 [12:02<14:27, 82.10it/s]
 51%|█████     | 74271/145449 [12:02<14:42, 80.69it/s]
 51%|█████     | 74280/145449 [12:02<16:09, 73.38it/s]
 51%|█████     | 74290/145449 [12:02<15:05, 78.63it/s]
 51%|█████     | 74299/145449 [12:02<15:35, 76.05it/s]
 51%|█████     | 74308/145449 [12:02<14:56, 79.37it/s]
 51%|█████     | 74323/145449 [12:02<12:16, 96.54it/s]
 51%|█████     | 74334/145449 [12:03<11:55, 99.41it/s]
 51%|█████     | 74347/145449 [12:03<11:03, 107.17it/s]
 51%|█████     | 74358/145449 [12:03<11:31, 102.88it/s]
 51%|█████     | 74372/145449 [12:03<10:32, 112.33it/s]
 51%|█████     | 74387/145449 [12:03<10:06, 117.10it/s]
 51%|█████     | 74401/145449 [12:03<10:08, 116.71it/s]
 51%|█████     | 74414/145449 [12:03<10:05, 117.41it/s]
 51%|█████     | 74429/145449 [12:03<09:32, 123.95it/s]
 51%|█████     | 74442/145449 [12:04<10:49, 109.35it/s]
 51%|█████     | 74454/145449 [12:04<12:01, 98.34it/s] 
 51%|█████     | 74467/145449 [12:04<11:20, 104.24it/s]
 51%|█████     | 74487/145449 [12:04<09:21, 126.36it/s]
 51%|█████     | 74501/145449 [12:04<09:31, 124.19it/s]
 51%|█████     | 74514/145449 [12:04<10:12, 115.91it/s]
 51%|█████     | 74526/145449 [12:04<10:22, 113.93it/s]
 51%|█████     | 74538/145449 [12:04<10:21, 114.15it/s]
 51%|█████▏    | 74553/145449 [12:04<09:42, 121.72it/s]
 51%|█████▏    | 74571/145449 [12:05<08:35, 137.56it/s]
 51%|█████▏    | 74585/145449 [12:05<10:39, 110.73it/s]
 51%|█████▏    | 74598/145449 [12:05<13:42, 86.19it/s] 
 51%|█████▏    | 74609/145449 [12:05<12:58, 91.05it/s]
 51%|█████▏    | 74620/145449 [12:05<13:58, 84.44it/s]
 51%|█████▏    | 74635/145449 [12:05<11:58, 98.50it/s]
 51%|█████▏    | 74648/145449 [12:05<11:18, 104.35it/s]
 51%|█████▏    | 74664/145449 [12:06<09:59, 118.06it/s]
 51%|█████▏    | 74680/145449 [12:06<09:12, 128.01it/s]
 51%|█████▏    | 74694/145449 [12:06<10:55, 107.91it/s]
 51%|█████▏    | 74706/145449 [12:06<11:47, 99.94it/s] 
 51%|█████▏    | 74717/145449 [12:06<13:04, 90.20it/s]
 51%|█████▏    | 74727/145449 [12:06<14:25, 81.73it/s]
 51%|█████▏    | 74736/145449 [12:06<15:14, 77.34it/s]
 51%|█████▏    | 74746/145449 [12:07<14:45, 79.83it/s]
 51%|█████▏    | 74760/145449 [12:07<12:30, 94.22it/s]
 51%|█████▏    | 74774/145449 [12:07<11:22, 103.59it/s]
 51%|█████▏    | 74789/145449 [12:07<10:30, 112.13it/s]
 51%|█████▏    | 74801/145449 [12:07<10:47, 109.09it/s]
 51%|█████▏    | 74813/145449 [12:07<11:21, 103.72it/s]
 51%|█████▏    | 74827/145449 [12:07<10:29, 112.13it/s]
 51%|█████▏    | 74839/145449 [12:07<10:44, 109.64it/s]
 51%|█████▏    | 74851/145449 [12:07<10:48, 108.90it/s]
 51%|█████▏    | 74866/145449 [12:08<09:57, 118.04it/s]
 51%|█████▏    | 74878/145449 [12:08<11:18, 104.01it/s]
 51%|█████▏    | 74889/145449 [12:08<12:05, 97.21it/s] 
 51%|█████▏    | 74899/145449 [12:08<12:36, 93.24it/s]
 52%|█████▏    | 74910/145449 [12:08<12:30, 93.97it/s]
 52%|█████▏    | 74920/145449 [12:08<13:55, 84.37it/s]
 52%|█████▏    | 74929/145449 [12:08<13:48, 85.13it/s]
 52%|█████▏    | 74938/145449 [12:08<14:03, 83.60it/s]
 52%|█████▏    | 74951/145449 [12:09<14:01, 83.82it/s]
 52%|█████▏    | 74968/145449 [12:09<11:10, 105.12it/s]
 52%|█████▏    | 74980/145449 [12:09<11:15, 104.33it/s]
 52%|█████▏    | 74994/145449 [12:09<10:20, 113.64it/s]
 52%|█████▏    | 75007/145449 [12:09<10:05, 116.26it/s]
 52%|█████▏    | 75019/145449 [12:09<10:01, 117.02it/s]
 52%|█████▏    | 75031/145449 [12:09<10:30, 111.74it/s]
 52%|█████▏    | 75043/145449 [12:09<12:09, 96.53it/s] 
 52%|█████▏    | 75054/145449 [12:10<13:01, 90.11it/s]
 52%|█████▏    | 75064/145449 [12:10<13:39, 85.89it/s]
 52%|█████▏    | 75077/145449 [12:10<12:39, 92.65it/s]
 52%|█████▏    | 75093/145449 [12:10<10:42, 109.53it/s]
 52%|█████▏    | 75105/145449 [12:10<10:48, 108.44it/s]
 52%|█████▏    | 75117/145449 [12:10<11:22, 103.00it/s]
 52%|█████▏    | 75131/145449 [12:10<10:53, 107.64it/s]
 52%|█████▏    | 75144/145449 [12:10<10:32, 111.11it/s]
 52%|█████▏    | 75159/145449 [12:10<09:40, 121.00it/s]
 52%|█████▏    | 75175/145449 [12:11<09:23, 124.81it/s]
 52%|█████▏    | 75188/145449 [12:11<10:54, 107.31it/s]
 52%|█████▏    | 75204/145449 [12:11<09:59, 117.08it/s]
 52%|█████▏    | 75218/145449 [12:11<09:35, 122.08it/s]
 52%|█████▏    | 75233/145449 [12:11<09:07, 128.18it/s]
 52%|█████▏    | 75247/145449 [12:11<09:03, 129.11it/s]
 52%|█████▏    | 75263/145449 [12:11<08:32, 136.98it/s]
 52%|█████▏    | 75281/145449 [12:11<07:59, 146.37it/s]
 52%|█████▏    | 75296/145449 [12:11<08:06, 144.26it/s]
 52%|█████▏    | 75311/145449 [12:12<09:01, 129.53it/s]
 52%|█████▏    | 75325/145449 [12:12<09:33, 122.38it/s]
 52%|█████▏    | 75338/145449 [12:12<12:10, 95.93it/s] 
 52%|█████▏    | 75349/145449 [12:12<13:11, 88.61it/s]
 52%|█████▏    | 75360/145449 [12:12<12:51, 90.82it/s]
 52%|█████▏    | 75378/145449 [12:12<10:30, 111.08it/s]
 52%|█████▏    | 75392/145449 [12:12<10:01, 116.44it/s]
 52%|█████▏    | 75407/145449 [12:13<09:42, 120.30it/s]
 52%|█████▏    | 75422/145449 [12:13<09:19, 125.18it/s]
 52%|█████▏    | 75435/145449 [12:13<10:25, 111.90it/s]
 52%|█████▏    | 75447/145449 [12:13<10:55, 106.73it/s]
 52%|█████▏    | 75459/145449 [12:13<10:42, 108.89it/s]
 52%|█████▏    | 75471/145449 [12:13<10:37, 109.71it/s]
 52%|█████▏    | 75489/145449 [12:13<09:07, 127.67it/s]
 52%|█████▏    | 75507/145449 [12:13<08:23, 138.88it/s]
 52%|█████▏    | 75525/145449 [12:13<07:52, 147.99it/s]
 52%|█████▏    | 75540/145449 [12:14<08:16, 140.89it/s]
 52%|█████▏    | 75555/145449 [12:14<08:43, 133.55it/s]
 52%|█████▏    | 75569/145449 [12:14<08:36, 135.17it/s]
 52%|█████▏    | 75583/145449 [12:14<09:13, 126.18it/s]
 52%|█████▏    | 75596/145449 [12:14<09:43, 119.78it/s]
 52%|█████▏    | 75610/145449 [12:14<09:29, 122.72it/s]
 52%|█████▏    | 75623/145449 [12:14<10:51, 107.20it/s]
 52%|█████▏    | 75635/145449 [12:14<11:26, 101.67it/s]
 52%|█████▏    | 75646/145449 [12:15<11:38, 99.93it/s] 
 52%|█████▏    | 75658/145449 [12:15<11:20, 102.59it/s]
 52%|█████▏    | 75674/145449 [12:15<09:53, 117.51it/s]
 52%|█████▏    | 75687/145449 [12:15<09:51, 117.99it/s]
 52%|█████▏    | 75700/145449 [12:15<10:17, 112.91it/s]
 52%|█████▏    | 75712/145449 [12:15<10:49, 107.40it/s]
 52%|█████▏    | 75723/145449 [12:15<11:23, 102.01it/s]
 52%|█████▏    | 75734/145449 [12:15<12:38, 91.89it/s] 
 52%|█████▏    | 75744/145449 [12:16<14:13, 81.67it/s]
 52%|█████▏    | 75761/145449 [12:16<12:03, 96.37it/s]
 52%|█████▏    | 75773/145449 [12:16<11:28, 101.13it/s]
 52%|█████▏    | 75788/145449 [12:16<10:18, 112.64it/s]
 52%|█████▏    | 75800/145449 [12:16<10:53, 106.63it/s]
 52%|█████▏    | 75811/145449 [12:16<12:20, 93.99it/s] 
 52%|█████▏    | 75821/145449 [12:16<12:47, 90.72it/s]
 52%|█████▏    | 75831/145449 [12:16<12:44, 91.11it/s]
 52%|█████▏    | 75844/145449 [12:17<11:36, 99.98it/s]
 52%|█████▏    | 75864/145449 [12:17<09:14, 125.47it/s]
 52%|█████▏    | 75878/145449 [12:17<09:08, 126.86it/s]
 52%|█████▏    | 75891/145449 [12:17<09:42, 119.36it/s]
 52%|█████▏    | 75904/145449 [12:17<09:30, 121.85it/s]
 52%|█████▏    | 75921/145449 [12:17<08:42, 133.08it/s]
 52%|█████▏    | 75935/145449 [12:17<08:43, 132.72it/s]
 52%|█████▏    | 75950/145449 [12:17<08:30, 136.09it/s]
 52%|█████▏    | 75964/145449 [12:17<09:37, 120.39it/s]
 52%|█████▏    | 75979/145449 [12:18<09:14, 125.21it/s]
 52%|█████▏    | 75992/145449 [12:18<09:20, 123.90it/s]
 52%|█████▏    | 76010/145449 [12:18<08:19, 139.10it/s]
 52%|█████▏    | 76028/145449 [12:18<07:47, 148.42it/s]
 52%|█████▏    | 76046/145449 [12:18<07:32, 153.41it/s]
 52%|█████▏    | 76062/145449 [12:18<07:32, 153.48it/s]
 52%|█████▏    | 76081/145449 [12:18<07:03, 163.75it/s]
 52%|█████▏    | 76098/145449 [12:18<07:16, 158.99it/s]
 52%|█████▏    | 76115/145449 [12:18<07:34, 152.70it/s]
 52%|█████▏    | 76131/145449 [12:19<07:38, 151.30it/s]
 52%|█████▏    | 76147/145449 [12:19<08:33, 135.05it/s]
 52%|█████▏    | 76161/145449 [12:19<09:25, 122.42it/s]
 52%|█████▏    | 76174/145449 [12:19<09:38, 119.67it/s]
 52%|█████▏    | 76187/145449 [12:19<10:38, 108.43it/s]
 52%|█████▏    | 76199/145449 [12:19<11:01, 104.66it/s]
 52%|█████▏    | 76210/145449 [12:19<14:30, 79.49it/s] 
 52%|█████▏    | 76219/145449 [12:20<14:19, 80.57it/s]
 52%|█████▏    | 76236/145449 [12:20<11:30, 100.27it/s]
 52%|█████▏    | 76248/145449 [12:20<10:59, 104.95it/s]
 52%|█████▏    | 76262/145449 [12:20<10:07, 113.86it/s]
 52%|█████▏    | 76275/145449 [12:20<10:13, 112.82it/s]
 52%|█████▏    | 76290/145449 [12:20<09:29, 121.49it/s]
 52%|█████▏    | 76303/145449 [12:20<12:43, 90.59it/s] 
 52%|█████▏    | 76319/145449 [12:20<11:09, 103.24it/s]
 52%|█████▏    | 76331/145449 [12:21<10:50, 106.29it/s]
 52%|█████▏    | 76343/145449 [12:21<11:03, 104.21it/s]
 52%|█████▏    | 76355/145449 [12:21<11:46, 97.79it/s] 
 53%|█████▎    | 76366/145449 [12:21<11:29, 100.14it/s]
 53%|█████▎    | 76378/145449 [12:21<11:09, 103.19it/s]
 53%|█████▎    | 76394/145449 [12:21<10:20, 111.24it/s]
 53%|█████▎    | 76406/145449 [12:21<10:20, 111.25it/s]
 53%|█████▎    | 76418/145449 [12:21<10:13, 112.60it/s]
 53%|█████▎    | 76430/145449 [12:22<12:32, 91.74it/s] 
 53%|█████▎    | 76440/145449 [12:22<12:19, 93.31it/s]
 53%|█████▎    | 76450/145449 [12:22<13:13, 86.95it/s]
 53%|█████▎    | 76472/145449 [12:22<09:35, 119.76it/s]
 53%|█████▎    | 76485/145449 [12:22<10:21, 111.01it/s]
 53%|█████▎    | 76499/145449 [12:22<09:45, 117.84it/s]
 53%|█████▎    | 76516/145449 [12:22<08:46, 130.85it/s]
 53%|█████▎    | 76531/145449 [12:22<08:30, 134.89it/s]
 53%|█████▎    | 76545/145449 [12:22<09:09, 125.36it/s]
 53%|█████▎    | 76558/145449 [12:23<10:27, 109.79it/s]
 53%|█████▎    | 76575/145449 [12:23<09:17, 123.55it/s]
 53%|█████▎    | 76588/145449 [12:23<09:13, 124.46it/s]
 53%|█████▎    | 76602/145449 [12:23<09:04, 126.37it/s]
 53%|█████▎    | 76615/145449 [12:23<09:52, 116.14it/s]
 53%|█████▎    | 76629/145449 [12:23<09:46, 117.33it/s]
 53%|█████▎    | 76641/145449 [12:23<10:14, 111.89it/s]
 53%|█████▎    | 76655/145449 [12:23<09:44, 117.67it/s]
 53%|█████▎    | 76671/145449 [12:24<09:11, 124.75it/s]
 53%|█████▎    | 76684/145449 [12:24<09:43, 117.79it/s]
 53%|█████▎    | 76696/145449 [12:24<09:41, 118.27it/s]
 53%|█████▎    | 76708/145449 [12:24<11:17, 101.46it/s]
 53%|█████▎    | 76720/145449 [12:24<10:52, 105.36it/s]
 53%|█████▎    | 76731/145449 [12:24<11:43, 97.63it/s] 
 53%|█████▎    | 76745/145449 [12:24<11:07, 102.92it/s]
 53%|█████▎    | 76761/145449 [12:24<09:54, 115.46it/s]
 53%|█████▎    | 76773/145449 [12:24<10:19, 110.79it/s]
 53%|█████▎    | 76785/145449 [12:25<10:32, 108.64it/s]
 53%|█████▎    | 76799/145449 [12:25<09:55, 115.36it/s]
 53%|█████▎    | 76815/145449 [12:25<09:02, 126.50it/s]
 53%|█████▎    | 76832/145449 [12:25<08:18, 137.64it/s]
 53%|█████▎    | 76846/145449 [12:25<08:41, 131.47it/s]
 53%|█████▎    | 76860/145449 [12:25<09:29, 120.42it/s]
 53%|█████▎    | 76873/145449 [12:25<11:07, 102.72it/s]
 53%|█████▎    | 76884/145449 [12:25<11:49, 96.62it/s] 
 53%|█████▎    | 76895/145449 [12:26<11:39, 98.00it/s]
 53%|█████▎    | 76906/145449 [12:26<11:36, 98.36it/s]
 53%|█████▎    | 76917/145449 [12:26<12:34, 90.85it/s]
 53%|█████▎    | 76931/145449 [12:26<11:52, 96.23it/s]
 53%|█████▎    | 76941/145449 [12:26<14:06, 80.90it/s]
 53%|█████▎    | 76956/145449 [12:26<11:54, 95.83it/s]
 53%|█████▎    | 76972/145449 [12:26<10:29, 108.83it/s]
 53%|█████▎    | 76989/145449 [12:26<09:21, 121.85it/s]
 53%|█████▎    | 77002/145449 [12:27<10:07, 112.75it/s]
 53%|█████▎    | 77014/145449 [12:27<10:35, 107.63it/s]
 53%|█████▎    | 77027/145449 [12:27<10:05, 113.02it/s]
 53%|█████▎    | 77039/145449 [12:27<10:37, 107.31it/s]
 53%|█████▎    | 77053/145449 [12:27<09:56, 114.64it/s]
 53%|█████▎    | 77066/145449 [12:27<09:44, 116.94it/s]
 53%|█████▎    | 77078/145449 [12:27<09:42, 117.42it/s]
 53%|█████▎    | 77090/145449 [12:27<10:00, 113.78it/s]
 53%|█████▎    | 77102/145449 [12:28<12:41, 89.80it/s] 
 53%|█████▎    | 77112/145449 [12:28<12:56, 87.98it/s]
 53%|█████▎    | 77122/145449 [12:28<15:08, 75.23it/s]
 53%|█████▎    | 77135/145449 [12:28<13:06, 86.85it/s]
 53%|█████▎    | 77145/145449 [12:28<12:39, 89.88it/s]
 53%|█████▎    | 77158/145449 [12:28<11:26, 99.49it/s]
 53%|█████▎    | 77169/145449 [12:28<11:48, 96.33it/s]
 53%|█████▎    | 77180/145449 [12:28<12:21, 92.01it/s]
 53%|█████▎    | 77190/145449 [12:29<13:07, 86.63it/s]
 53%|█████▎    | 77201/145449 [12:29<12:22, 91.92it/s]
 53%|█████▎    | 77218/145449 [12:29<10:18, 110.30it/s]
 53%|█████▎    | 77235/145449 [12:29<09:13, 123.18it/s]
 53%|█████▎    | 77251/145449 [12:29<08:36, 132.14it/s]
 53%|█████▎    | 77265/145449 [12:29<08:34, 132.53it/s]
 53%|█████▎    | 77279/145449 [12:29<09:36, 118.23it/s]
 53%|█████▎    | 77292/145449 [12:29<12:09, 93.44it/s] 
 53%|█████▎    | 77303/145449 [12:30<12:13, 92.96it/s]
 53%|█████▎    | 77314/145449 [12:30<12:28, 91.06it/s]
 53%|█████▎    | 77324/145449 [12:30<13:43, 82.75it/s]
 53%|█████▎    | 77335/145449 [12:30<13:00, 87.26it/s]
 53%|█████▎    | 77348/145449 [12:30<11:58, 94.73it/s]
 53%|█████▎    | 77365/145449 [12:30<09:58, 113.74it/s]
 53%|█████▎    | 77377/145449 [12:30<10:24, 108.99it/s]
 53%|█████▎    | 77389/145449 [12:30<10:10, 111.43it/s]
 53%|█████▎    | 77403/145449 [12:31<10:22, 109.23it/s]
 53%|█████▎    | 77415/145449 [12:31<11:56, 94.94it/s] 
 53%|█████▎    | 77426/145449 [12:31<11:47, 96.21it/s]
 53%|█████▎    | 77436/145449 [12:31<13:28, 84.12it/s]
 53%|█████▎    | 77452/145449 [12:31<11:20, 99.95it/s]
 53%|█████▎    | 77464/145449 [12:31<10:49, 104.63it/s]
 53%|█████▎    | 77477/145449 [12:31<10:49, 104.70it/s]
 53%|█████▎    | 77488/145449 [12:31<11:01, 102.79it/s]
 53%|█████▎    | 77499/145449 [12:32<11:30, 98.48it/s] 
 53%|█████▎    | 77511/145449 [12:32<11:30, 98.35it/s]
 53%|█████▎    | 77522/145449 [12:32<11:43, 96.57it/s]
 53%|█████▎    | 77532/145449 [12:32<12:45, 88.72it/s]
 53%|█████▎    | 77541/145449 [12:32<14:02, 80.62it/s]
 53%|█████▎    | 77554/145449 [12:32<12:14, 92.46it/s]
 53%|█████▎    | 77571/145449 [12:32<10:08, 111.49it/s]
 53%|█████▎    | 77589/145449 [12:32<08:57, 126.37it/s]
 53%|█████▎    | 77606/145449 [12:33<08:28, 133.38it/s]
 53%|█████▎    | 77622/145449 [12:33<08:07, 139.10it/s]
 53%|█████▎    | 77637/145449 [12:33<09:02, 125.00it/s]
 53%|█████▎    | 77654/145449 [12:33<08:16, 136.55it/s]
 53%|█████▎    | 77669/145449 [12:33<08:04, 140.02it/s]
 53%|█████▎    | 77684/145449 [12:33<09:26, 119.71it/s]
 53%|█████▎    | 77697/145449 [12:33<10:47, 104.56it/s]
 53%|█████▎    | 77709/145449 [12:33<10:51, 103.96it/s]
 53%|█████▎    | 77720/145449 [12:34<10:44, 105.02it/s]
 53%|█████▎    | 77735/145449 [12:34<09:49, 114.79it/s]
 53%|█████▎    | 77747/145449 [12:34<10:28, 107.73it/s]
 53%|█████▎    | 77762/145449 [12:34<09:33, 117.93it/s]
 53%|█████▎    | 77777/145449 [12:34<08:56, 126.16it/s]
 53%|█████▎    | 77793/145449 [12:34<08:27, 133.41it/s]
 53%|█████▎    | 77807/145449 [12:34<11:10, 100.91it/s]
 54%|█████▎    | 77819/145449 [12:34<11:39, 96.67it/s] 
 54%|█████▎    | 77830/145449 [12:35<11:20, 99.41it/s]
 54%|█████▎    | 77847/145449 [12:35<09:49, 114.74it/s]
 54%|█████▎    | 77865/145449 [12:35<08:57, 125.74it/s]
 54%|█████▎    | 77879/145449 [12:35<10:05, 111.61it/s]
 54%|█████▎    | 77891/145449 [12:35<10:47, 104.33it/s]
 54%|█████▎    | 77902/145449 [12:35<11:45, 95.72it/s] 
 54%|█████▎    | 77912/145449 [12:35<11:45, 95.67it/s]
 54%|█████▎    | 77927/145449 [12:35<11:00, 102.17it/s]
 54%|█████▎    | 77938/145449 [12:36<11:55, 94.30it/s] 
 54%|█████▎    | 77951/145449 [12:36<11:06, 101.25it/s]
 54%|█████▎    | 77963/145449 [12:36<11:10, 100.67it/s]
 54%|█████▎    | 77981/145449 [12:36<09:32, 117.81it/s]
 54%|█████▎    | 77994/145449 [12:36<09:50, 114.20it/s]
 54%|█████▎    | 78006/145449 [12:36<10:37, 105.85it/s]
 54%|█████▎    | 78025/145449 [12:36<08:50, 127.13it/s]
 54%|█████▎    | 78039/145449 [12:36<08:46, 128.07it/s]
 54%|█████▎    | 78053/145449 [12:37<08:59, 124.97it/s]
 54%|█████▎    | 78066/145449 [12:37<10:08, 110.65it/s]
 54%|█████▎    | 78078/145449 [12:37<10:47, 104.00it/s]
 54%|█████▎    | 78089/145449 [12:37<11:02, 101.74it/s]
 54%|█████▎    | 78100/145449 [12:37<11:14, 99.83it/s] 
 54%|█████▎    | 78111/145449 [12:37<11:23, 98.55it/s]
 54%|█████▎    | 78123/145449 [12:37<10:52, 103.22it/s]
 54%|█████▎    | 78134/145449 [12:37<11:45, 95.47it/s] 
 54%|█████▎    | 78145/145449 [12:37<11:20, 98.95it/s]
 54%|█████▎    | 78156/145449 [12:38<11:47, 95.06it/s]
 54%|█████▎    | 78170/145449 [12:38<10:32, 106.29it/s]
 54%|█████▍    | 78181/145449 [12:38<11:48, 94.96it/s] 
 54%|█████▍    | 78191/145449 [12:38<12:09, 92.15it/s]
 54%|█████▍    | 78201/145449 [12:38<12:19, 90.90it/s]
 54%|█████▍    | 78211/145449 [12:38<12:14, 91.60it/s]
 54%|█████▍    | 78221/145449 [12:38<13:22, 83.77it/s]
 54%|█████▍    | 78235/145449 [12:38<11:50, 94.57it/s]
 54%|█████▍    | 78245/145449 [12:39<11:40, 95.96it/s]
 54%|█████▍    | 78255/145449 [12:39<12:47, 87.58it/s]
 54%|█████▍    | 78264/145449 [12:39<13:05, 85.50it/s]
 54%|█████▍    | 78273/145449 [12:39<13:43, 81.53it/s]
 54%|█████▍    | 78283/145449 [12:39<13:17, 84.25it/s]
 54%|█████▍    | 78292/145449 [12:39<14:05, 79.43it/s]
 54%|█████▍    | 78304/145449 [12:39<12:28, 89.69it/s]
 54%|█████▍    | 78325/145449 [12:39<09:31, 117.50it/s]
 54%|█████▍    | 78337/145449 [12:40<11:55, 93.82it/s] 
 54%|█████▍    | 78348/145449 [12:40<15:38, 71.48it/s]
 54%|█████▍    | 78361/145449 [12:40<13:32, 82.52it/s]
 54%|█████▍    | 78371/145449 [12:40<13:28, 82.93it/s]
 54%|█████▍    | 78381/145449 [12:40<13:20, 83.80it/s]
 54%|█████▍    | 78395/145449 [12:40<11:29, 97.19it/s]
 54%|█████▍    | 78412/145449 [12:40<09:41, 115.23it/s]
 54%|█████▍    | 78425/145449 [12:41<10:16, 108.69it/s]
 54%|█████▍    | 78439/145449 [12:41<09:37, 116.11it/s]
 54%|█████▍    | 78454/145449 [12:41<08:59, 124.22it/s]
 54%|█████▍    | 78468/145449 [12:41<08:49, 126.41it/s]
 54%|█████▍    | 78481/145449 [12:41<09:48, 113.80it/s]
 54%|█████▍    | 78497/145449 [12:41<08:59, 124.02it/s]
 54%|█████▍    | 78510/145449 [12:41<10:17, 108.41it/s]
 54%|█████▍    | 78522/145449 [12:41<11:12, 99.58it/s] 
 54%|█████▍    | 78533/145449 [12:42<11:34, 96.35it/s]
 54%|█████▍    | 78548/145449 [12:42<10:29, 106.35it/s]
 54%|█████▍    | 78560/145449 [12:42<11:01, 101.06it/s]
 54%|█████▍    | 78573/145449 [12:42<10:29, 106.20it/s]
 54%|█████▍    | 78586/145449 [12:42<09:58, 111.74it/s]
 54%|█████▍    | 78598/145449 [12:42<09:47, 113.81it/s]
 54%|█████▍    | 78610/145449 [12:42<09:52, 112.72it/s]
 54%|█████▍    | 78622/145449 [12:42<10:06, 110.12it/s]
 54%|█████▍    | 78634/145449 [12:42<11:39, 95.52it/s] 
 54%|█████▍    | 78644/145449 [12:43<12:29, 89.09it/s]
 54%|█████▍    | 78660/145449 [12:43<10:26, 106.69it/s]
 54%|█████▍    | 78673/145449 [12:43<11:08, 99.90it/s] 
 54%|█████▍    | 78684/145449 [12:43<11:12, 99.24it/s]
 54%|█████▍    | 78696/145449 [12:43<10:46, 103.25it/s]
 54%|█████▍    | 78713/145449 [12:43<09:18, 119.54it/s]
 54%|█████▍    | 78728/145449 [12:43<08:42, 127.58it/s]
 54%|█████▍    | 78742/145449 [12:43<08:41, 127.84it/s]
 54%|█████▍    | 78758/145449 [12:43<08:38, 128.57it/s]
 54%|█████▍    | 78773/145449 [12:44<08:28, 131.20it/s]
 54%|█████▍    | 78787/145449 [12:44<08:38, 128.57it/s]
 54%|█████▍    | 78801/145449 [12:44<08:29, 130.92it/s]
 54%|█████▍    | 78815/145449 [12:44<08:45, 126.77it/s]
 54%|█████▍    | 78828/145449 [12:44<09:34, 115.97it/s]
 54%|█████▍    | 78843/145449 [12:44<09:02, 122.89it/s]
 54%|█████▍    | 78856/145449 [12:44<12:05, 91.73it/s] 
 54%|█████▍    | 78867/145449 [12:45<11:45, 94.34it/s]
 54%|█████▍    | 78879/145449 [12:45<11:04, 100.20it/s]
 54%|█████▍    | 78890/145449 [12:45<11:18, 98.06it/s] 
 54%|█████▍    | 78901/145449 [12:45<11:23, 97.41it/s]
 54%|█████▍    | 78912/145449 [12:45<11:39, 95.08it/s]
 54%|█████▍    | 78922/145449 [12:45<12:01, 92.27it/s]
 54%|█████▍    | 78934/145449 [12:45<11:21, 97.63it/s]
 54%|█████▍    | 78947/145449 [12:45<10:49, 102.40it/s]
 54%|█████▍    | 78964/145449 [12:45<09:13, 120.10it/s]
 54%|█████▍    | 78977/145449 [12:46<09:07, 121.32it/s]
 54%|█████▍    | 78990/145449 [12:46<09:44, 113.72it/s]
 54%|█████▍    | 79003/145449 [12:46<09:32, 116.08it/s]
 54%|█████▍    | 79015/145449 [12:46<09:38, 114.85it/s]
 54%|█████▍    | 79027/145449 [12:46<09:33, 115.76it/s]
 54%|█████▍    | 79039/145449 [12:46<11:25, 96.93it/s] 
 54%|█████▍    | 79050/145449 [12:46<12:04, 91.63it/s]
 54%|█████▍    | 79063/145449 [12:46<11:18, 97.77it/s]
 54%|█████▍    | 79079/145449 [12:46<09:48, 112.69it/s]
 54%|█████▍    | 79091/145449 [12:47<09:52, 111.96it/s]
 54%|█████▍    | 79107/145449 [12:47<09:07, 121.19it/s]
 54%|█████▍    | 79120/145449 [12:47<10:36, 104.26it/s]
 54%|█████▍    | 79134/145449 [12:47<10:01, 110.33it/s]
 54%|█████▍    | 79146/145449 [12:47<11:06, 99.45it/s] 
 54%|█████▍    | 79161/145449 [12:47<10:43, 102.95it/s]
 54%|█████▍    | 79172/145449 [12:47<11:44, 94.05it/s] 
 54%|█████▍    | 79182/145449 [12:48<11:56, 92.48it/s]
 54%|█████▍    | 79195/145449 [12:48<11:02, 99.95it/s]
 54%|█████▍    | 79206/145449 [12:48<12:12, 90.39it/s]
 54%|█████▍    | 79220/145449 [12:48<10:46, 102.43it/s]
 54%|█████▍    | 79233/145449 [12:48<10:10, 108.47it/s]
 54%|█████▍    | 79248/145449 [12:48<09:23, 117.42it/s]
 54%|█████▍    | 79262/145449 [12:48<09:00, 122.48it/s]
 55%|█████▍    | 79275/145449 [12:48<09:54, 111.33it/s]
 55%|█████▍    | 79289/145449 [12:48<09:19, 118.16it/s]
 55%|█████▍    | 79302/145449 [12:49<10:14, 107.56it/s]
 55%|█████▍    | 79314/145449 [12:49<10:36, 103.88it/s]
 55%|█████▍    | 79325/145449 [12:49<11:22, 96.92it/s] 
 55%|█████▍    | 79338/145449 [12:49<10:38, 103.60it/s]
 55%|█████▍    | 79356/145449 [12:49<09:01, 122.08it/s]
 55%|█████▍    | 79369/145449 [12:49<08:52, 124.00it/s]
 55%|█████▍    | 79382/145449 [12:49<09:58, 110.38it/s]
 55%|█████▍    | 79401/145449 [12:49<08:26, 130.36it/s]
 55%|█████▍    | 79415/145449 [12:50<08:33, 128.53it/s]
 55%|█████▍    | 79432/145449 [12:50<07:57, 138.26it/s]
 55%|█████▍    | 79447/145449 [12:50<08:29, 129.53it/s]
 55%|█████▍    | 79461/145449 [12:50<08:41, 126.44it/s]
 55%|█████▍    | 79474/145449 [12:50<09:22, 117.38it/s]
 55%|█████▍    | 79486/145449 [12:50<10:08, 108.34it/s]
 55%|█████▍    | 79498/145449 [12:50<11:39, 94.33it/s] 
 55%|█████▍    | 79508/145449 [12:50<11:46, 93.27it/s]
 55%|█████▍    | 79519/145449 [12:51<11:49, 92.95it/s]
 55%|█████▍    | 79529/145449 [12:51<12:36, 87.19it/s]
 55%|█████▍    | 79538/145449 [12:51<14:23, 76.34it/s]
 55%|█████▍    | 79548/145449 [12:51<14:35, 75.28it/s]
 55%|█████▍    | 79556/145449 [12:51<14:26, 76.07it/s]
 55%|█████▍    | 79565/145449 [12:51<14:00, 78.42it/s]
 55%|█████▍    | 79577/145449 [12:51<12:46, 85.96it/s]
 55%|█████▍    | 79589/145449 [12:51<11:39, 94.14it/s]
 55%|█████▍    | 79604/145449 [12:52<10:03, 109.14it/s]
 55%|█████▍    | 79616/145449 [12:52<09:57, 110.18it/s]
 55%|█████▍    | 79631/145449 [12:52<09:24, 116.54it/s]
 55%|█████▍    | 79643/145449 [12:52<09:53, 110.93it/s]
 55%|█████▍    | 79655/145449 [12:52<09:56, 110.30it/s]
 55%|█████▍    | 79667/145449 [12:52<10:00, 109.53it/s]
 55%|█████▍    | 79679/145449 [12:52<10:10, 107.64it/s]
 55%|█████▍    | 79690/145449 [12:52<10:13, 107.12it/s]
 55%|█████▍    | 79701/145449 [12:52<11:14, 97.41it/s] 
 55%|█████▍    | 79711/145449 [12:53<13:10, 83.11it/s]
 55%|█████▍    | 79725/145449 [12:53<11:40, 93.78it/s]
 55%|█████▍    | 79738/145449 [12:53<10:52, 100.77it/s]
 55%|█████▍    | 79750/145449 [12:53<10:35, 103.39it/s]
 55%|█████▍    | 79762/145449 [12:53<10:10, 107.53it/s]
 55%|█████▍    | 79774/145449 [12:53<10:53, 100.44it/s]
 55%|█████▍    | 79785/145449 [12:53<11:20, 96.47it/s] 
 55%|█████▍    | 79799/145449 [12:53<10:10, 107.60it/s]
 55%|█████▍    | 79812/145449 [12:54<10:04, 108.61it/s]
 55%|█████▍    | 79824/145449 [12:54<10:42, 102.20it/s]
 55%|█████▍    | 79838/145449 [12:54<09:45, 112.03it/s]
 55%|█████▍    | 79850/145449 [12:54<09:38, 113.38it/s]
 55%|█████▍    | 79862/145449 [12:54<11:08, 98.11it/s] 
 55%|█████▍    | 79873/145449 [12:54<12:39, 86.33it/s]
 55%|█████▍    | 79884/145449 [12:54<12:06, 90.23it/s]
 55%|█████▍    | 79894/145449 [12:54<11:53, 91.88it/s]
 55%|█████▍    | 79908/145449 [12:55<10:28, 104.24it/s]
 55%|█████▍    | 79922/145449 [12:55<09:38, 113.26it/s]
 55%|█████▍    | 79935/145449 [12:55<09:30, 114.74it/s]
 55%|█████▍    | 79947/145449 [12:55<10:38, 102.52it/s]
 55%|█████▍    | 79960/145449 [12:55<09:57, 109.66it/s]
 55%|█████▍    | 79978/145449 [12:55<08:30, 128.24it/s]
 55%|█████▍    | 79992/145449 [12:55<09:00, 121.10it/s]
 55%|█████▌    | 80005/145449 [12:55<10:03, 108.44it/s]
 55%|█████▌    | 80017/145449 [12:55<09:59, 109.06it/s]
 55%|█████▌    | 80032/145449 [12:56<09:08, 119.17it/s]
 55%|█████▌    | 80045/145449 [12:56<10:01, 108.81it/s]
 55%|█████▌    | 80058/145449 [12:56<09:47, 111.32it/s]
 55%|█████▌    | 80072/145449 [12:56<09:35, 113.59it/s]
 55%|█████▌    | 80085/145449 [12:56<09:39, 112.79it/s]
 55%|█████▌    | 80098/145449 [12:56<09:24, 115.78it/s]
 55%|█████▌    | 80110/145449 [12:56<09:49, 110.87it/s]
 55%|█████▌    | 80122/145449 [12:56<10:35, 102.83it/s]
 55%|█████▌    | 80134/145449 [12:57<10:33, 103.16it/s]
 55%|█████▌    | 80146/145449 [12:57<10:16, 105.97it/s]
 55%|█████▌    | 80158/145449 [12:57<10:06, 107.65it/s]
 55%|█████▌    | 80169/145449 [12:57<10:22, 104.80it/s]
 55%|█████▌    | 80180/145449 [12:57<10:28, 103.77it/s]
 55%|█████▌    | 80191/145449 [12:57<10:24, 104.53it/s]
 55%|█████▌    | 80202/145449 [12:57<12:00, 90.59it/s] 
 55%|█████▌    | 80213/145449 [12:57<11:35, 93.82it/s]
 55%|█████▌    | 80223/145449 [12:57<12:12, 89.08it/s]
 55%|█████▌    | 80233/145449 [12:58<11:56, 90.97it/s]
 55%|█████▌    | 80243/145449 [12:58<12:35, 86.26it/s]
 55%|█████▌    | 80254/145449 [12:58<12:16, 88.47it/s]
 55%|█████▌    | 80266/145449 [12:58<11:22, 95.50it/s]
 55%|█████▌    | 80276/145449 [12:58<11:22, 95.51it/s]
 55%|█████▌    | 80286/145449 [12:58<11:37, 93.47it/s]
 55%|█████▌    | 80300/145449 [12:58<10:15, 105.80it/s]
 55%|█████▌    | 80314/145449 [12:58<09:40, 112.18it/s]
 55%|█████▌    | 80331/145449 [12:58<08:35, 126.44it/s]
 55%|█████▌    | 80344/145449 [12:59<09:15, 117.29it/s]
 55%|█████▌    | 80357/145449 [12:59<09:01, 120.24it/s]
 55%|█████▌    | 80371/145449 [12:59<08:44, 124.09it/s]
 55%|█████▌    | 80384/145449 [12:59<10:48, 100.35it/s]
 55%|█████▌    | 80395/145449 [12:59<11:01, 98.40it/s] 
 55%|█████▌    | 80406/145449 [12:59<11:29, 94.34it/s]
 55%|█████▌    | 80416/145449 [12:59<11:51, 91.42it/s]
 55%|█████▌    | 80426/145449 [12:59<12:11, 88.89it/s]
 55%|█████▌    | 80436/145449 [13:00<12:22, 87.53it/s]
 55%|█████▌    | 80445/145449 [13:00<12:18, 88.02it/s]
 55%|█████▌    | 80454/145449 [13:00<13:40, 79.22it/s]
 55%|█████▌    | 80467/145449 [13:00<11:44, 92.18it/s]
 55%|█████▌    | 80477/145449 [13:00<11:29, 94.20it/s]
 55%|█████▌    | 80490/145449 [13:00<10:28, 103.30it/s]
 55%|█████▌    | 80502/145449 [13:00<10:20, 104.63it/s]
 55%|█████▌    | 80513/145449 [13:00<11:01, 98.23it/s] 
 55%|█████▌    | 80524/145449 [13:00<10:55, 99.03it/s]
 55%|█████▌    | 80535/145449 [13:01<10:45, 100.62it/s]
 55%|█████▌    | 80546/145449 [13:01<11:13, 96.43it/s] 
 55%|█████▌    | 80556/145449 [13:01<12:09, 88.91it/s]
 55%|█████▌    | 80566/145449 [13:01<12:21, 87.54it/s]
 55%|█████▌    | 80575/145449 [13:01<12:45, 84.70it/s]
 55%|█████▌    | 80584/145449 [13:01<13:28, 80.18it/s]
 55%|█████▌    | 80593/145449 [13:01<14:12, 76.12it/s]
 55%|█████▌    | 80611/145449 [13:01<10:44, 100.57it/s]
 55%|█████▌    | 80627/145449 [13:02<09:18, 116.03it/s]
 55%|█████▌    | 80640/145449 [13:02<09:24, 114.77it/s]
 55%|█████▌    | 80655/145449 [13:02<08:49, 122.42it/s]
 55%|█████▌    | 80668/145449 [13:02<09:00, 119.92it/s]
 55%|█████▌    | 80681/145449 [13:02<11:12, 96.38it/s] 
 55%|█████▌    | 80692/145449 [13:02<10:53, 99.02it/s]
 55%|█████▌    | 80703/145449 [13:02<10:39, 101.29it/s]
 55%|█████▌    | 80715/145449 [13:02<10:38, 101.45it/s]
 56%|█████▌    | 80726/145449 [13:03<10:38, 101.36it/s]
 56%|█████▌    | 80737/145449 [13:03<11:25, 94.41it/s] 
 56%|█████▌    | 80751/145449 [13:03<10:33, 102.17it/s]
 56%|█████▌    | 80763/145449 [13:03<10:09, 106.13it/s]
 56%|█████▌    | 80774/145449 [13:03<10:37, 101.50it/s]
 56%|█████▌    | 80790/145449 [13:03<09:29, 113.63it/s]
 56%|█████▌    | 80805/145449 [13:03<08:47, 122.59it/s]
 56%|█████▌    | 80818/145449 [13:03<09:46, 110.27it/s]
 56%|█████▌    | 80830/145449 [13:03<10:18, 104.50it/s]
 56%|█████▌    | 80841/145449 [13:04<10:19, 104.28it/s]
 56%|█████▌    | 80852/145449 [13:04<10:32, 102.17it/s]
 56%|█████▌    | 80863/145449 [13:04<10:31, 102.32it/s]
 56%|█████▌    | 80876/145449 [13:04<10:33, 102.00it/s]
 56%|█████▌    | 80887/145449 [13:04<11:27, 93.95it/s] 
 56%|█████▌    | 80897/145449 [13:04<13:06, 82.07it/s]
 56%|█████▌    | 80906/145449 [13:04<14:52, 72.29it/s]
 56%|█████▌    | 80918/145449 [13:05<13:03, 82.36it/s]
 56%|█████▌    | 80935/145449 [13:05<10:31, 102.23it/s]
 56%|█████▌    | 80951/145449 [13:05<09:14, 116.30it/s]
 56%|█████▌    | 80966/145449 [13:05<08:39, 124.21it/s]
 56%|█████▌    | 80980/145449 [13:05<08:37, 124.48it/s]
 56%|█████▌    | 80993/145449 [13:05<08:59, 119.57it/s]
 56%|█████▌    | 81006/145449 [13:05<09:04, 118.44it/s]
 56%|█████▌    | 81023/145449 [13:05<08:14, 130.26it/s]
 56%|█████▌    | 81037/145449 [13:05<09:11, 116.71it/s]
 56%|█████▌    | 81051/145449 [13:06<08:53, 120.75it/s]
 56%|█████▌    | 81064/145449 [13:06<09:22, 114.53it/s]
 56%|█████▌    | 81076/145449 [13:06<10:34, 101.51it/s]
 56%|█████▌    | 81087/145449 [13:06<10:26, 102.67it/s]
 56%|█████▌    | 81098/145449 [13:06<12:05, 88.75it/s] 
 56%|█████▌    | 81115/145449 [13:06<09:56, 107.83it/s]
 56%|█████▌    | 81129/145449 [13:06<09:16, 115.67it/s]
 56%|█████▌    | 81142/145449 [13:06<10:34, 101.27it/s]
 56%|█████▌    | 81156/145449 [13:07<09:42, 110.42it/s]
 56%|█████▌    | 81171/145449 [13:07<08:53, 120.51it/s]
 56%|█████▌    | 81188/145449 [13:07<08:04, 132.52it/s]
 56%|█████▌    | 81202/145449 [13:07<08:03, 132.92it/s]
 56%|█████▌    | 81217/145449 [13:07<07:46, 137.64it/s]
 56%|█████▌    | 81232/145449 [13:07<08:35, 124.54it/s]
 56%|█████▌    | 81245/145449 [13:07<08:34, 124.76it/s]
 56%|█████▌    | 81258/145449 [13:07<11:19, 94.50it/s] 
 56%|█████▌    | 81272/145449 [13:08<10:16, 104.07it/s]
 56%|█████▌    | 81291/145449 [13:08<08:37, 123.91it/s]
 56%|█████▌    | 81305/145449 [13:08<09:19, 114.61it/s]
 56%|█████▌    | 81318/145449 [13:08<09:38, 110.86it/s]
 56%|█████▌    | 81330/145449 [13:08<10:14, 104.35it/s]
 56%|█████▌    | 81341/145449 [13:08<11:20, 94.17it/s] 
 56%|█████▌    | 81352/145449 [13:08<11:04, 96.41it/s]
 56%|█████▌    | 81363/145449 [13:08<10:58, 97.26it/s]
 56%|█████▌    | 81373/145449 [13:09<11:05, 96.35it/s]
 56%|█████▌    | 81390/145449 [13:09<09:33, 111.76it/s]
 56%|█████▌    | 81404/145449 [13:09<09:25, 113.17it/s]
 56%|█████▌    | 81416/145449 [13:09<10:11, 104.67it/s]
 56%|█████▌    | 81427/145449 [13:09<10:45, 99.12it/s] 
 56%|█████▌    | 81438/145449 [13:09<10:53, 98.00it/s]
 56%|█████▌    | 81454/145449 [13:09<09:28, 112.64it/s]
 56%|█████▌    | 81466/145449 [13:09<10:01, 106.43it/s]
 56%|█████▌    | 81477/145449 [13:10<10:18, 103.49it/s]
 56%|█████▌    | 81488/145449 [13:10<12:31, 85.07it/s] 
 56%|█████▌    | 81498/145449 [13:10<14:06, 75.53it/s]
 56%|█████▌    | 81507/145449 [13:10<14:34, 73.09it/s]
 56%|█████▌    | 81518/145449 [13:10<13:04, 81.49it/s]
 56%|█████▌    | 81529/145449 [13:10<12:21, 86.21it/s]
 56%|█████▌    | 81540/145449 [13:10<11:53, 89.54it/s]
 56%|█████▌    | 81550/145449 [13:10<11:39, 91.40it/s]
 56%|█████▌    | 81560/145449 [13:11<11:45, 90.51it/s]
 56%|█████▌    | 81570/145449 [13:11<12:45, 83.49it/s]
 56%|█████▌    | 81579/145449 [13:11<13:26, 79.21it/s]
 56%|█████▌    | 81589/145449 [13:11<13:13, 80.48it/s]
 56%|█████▌    | 81598/145449 [13:11<13:28, 78.98it/s]
 56%|█████▌    | 81608/145449 [13:11<13:00, 81.79it/s]
 56%|█████▌    | 81619/145449 [13:11<12:23, 85.86it/s]
 56%|█████▌    | 81628/145449 [13:11<13:25, 79.23it/s]
 56%|█████▌    | 81637/145449 [13:12<14:11, 74.97it/s]
 56%|█████▌    | 81645/145449 [13:12<14:08, 75.19it/s]
 56%|█████▌    | 81656/145449 [13:12<13:09, 80.79it/s]
 56%|█████▌    | 81665/145449 [13:12<13:47, 77.08it/s]
 56%|█████▌    | 81675/145449 [13:12<13:01, 81.61it/s]
 56%|█████▌    | 81684/145449 [13:12<12:45, 83.27it/s]
 56%|█████▌    | 81693/145449 [13:12<12:49, 82.80it/s]
 56%|█████▌    | 81702/145449 [13:12<13:53, 76.44it/s]
 56%|█████▌    | 81711/145449 [13:12<13:23, 79.33it/s]
 56%|█████▌    | 81720/145449 [13:13<13:22, 79.37it/s]
 56%|█████▌    | 81731/145449 [13:13<12:39, 83.94it/s]
 56%|█████▌    | 81748/145449 [13:13<10:13, 103.86it/s]
 56%|█████▌    | 81759/145449 [13:13<10:37, 99.98it/s] 
 56%|█████▌    | 81772/145449 [13:13<09:56, 106.70it/s]
 56%|█████▌    | 81789/145449 [13:13<09:02, 117.31it/s]
 56%|█████▌    | 81805/145449 [13:13<08:17, 127.97it/s]
 56%|█████▋    | 81819/145449 [13:13<08:07, 130.43it/s]
 56%|█████▋    | 81833/145449 [13:13<08:02, 131.90it/s]
 56%|█████▋    | 81847/145449 [13:14<08:59, 117.79it/s]
 56%|█████▋    | 81862/145449 [13:14<08:28, 125.04it/s]
 56%|█████▋    | 81875/145449 [13:14<10:20, 102.45it/s]
 56%|█████▋    | 81887/145449 [13:14<10:38, 99.58it/s] 
 56%|█████▋    | 81900/145449 [13:14<10:09, 104.22it/s]
 56%|█████▋    | 81912/145449 [13:14<10:00, 105.81it/s]
 56%|█████▋    | 81923/145449 [13:14<11:10, 94.75it/s] 
 56%|█████▋    | 81933/145449 [13:15<12:10, 86.94it/s]
 56%|█████▋    | 81943/145449 [13:15<12:06, 87.40it/s]
 56%|█████▋    | 81952/145449 [13:15<12:31, 84.54it/s]
 56%|█████▋    | 81961/145449 [13:15<13:43, 77.10it/s]
 56%|█████▋    | 81970/145449 [13:15<13:33, 78.01it/s]
 56%|█████▋    | 81984/145449 [13:15<11:45, 90.00it/s]
 56%|█████▋    | 81994/145449 [13:15<11:45, 89.95it/s]
 56%|█████▋    | 82004/145449 [13:15<11:44, 90.10it/s]
 56%|█████▋    | 82014/145449 [13:16<14:24, 73.42it/s]
 56%|█████▋    | 82029/145449 [13:16<11:40, 90.51it/s]
 56%|█████▋    | 82039/145449 [13:16<11:59, 88.19it/s]
 56%|█████▋    | 82051/145449 [13:16<10:59, 96.10it/s]
 56%|█████▋    | 82067/145449 [13:16<09:22, 112.61it/s]
 56%|█████▋    | 82083/145449 [13:16<08:55, 118.37it/s]
 56%|█████▋    | 82096/145449 [13:16<09:08, 115.51it/s]
 56%|█████▋    | 82108/145449 [13:16<09:05, 116.17it/s]
 56%|█████▋    | 82124/145449 [13:16<08:20, 126.59it/s]
 56%|█████▋    | 82137/145449 [13:17<08:23, 125.66it/s]
 56%|█████▋    | 82150/145449 [13:17<08:58, 117.46it/s]
 56%|█████▋    | 82163/145449 [13:17<08:57, 117.84it/s]
 56%|█████▋    | 82175/145449 [13:17<09:14, 114.12it/s]
 57%|█████▋    | 82188/145449 [13:17<09:03, 116.47it/s]
 57%|█████▋    | 82204/145449 [13:17<08:35, 122.80it/s]
 57%|█████▋    | 82217/145449 [13:17<09:32, 110.53it/s]
 57%|█████▋    | 82230/145449 [13:17<09:21, 112.53it/s]
 57%|█████▋    | 82246/145449 [13:17<08:26, 124.82it/s]
 57%|█████▋    | 82259/145449 [13:18<08:59, 117.09it/s]
 57%|█████▋    | 82271/145449 [13:18<10:44, 98.01it/s] 
 57%|█████▋    | 82282/145449 [13:18<11:27, 91.89it/s]
 57%|█████▋    | 82296/145449 [13:18<10:12, 103.07it/s]
 57%|█████▋    | 82307/145449 [13:18<11:23, 92.43it/s] 
 57%|█████▋    | 82317/145449 [13:18<12:11, 86.36it/s]
 57%|█████▋    | 82327/145449 [13:18<11:57, 87.95it/s]
 57%|█████▋    | 82337/145449 [13:19<11:39, 90.20it/s]
 57%|█████▋    | 82349/145449 [13:19<11:01, 95.45it/s]
 57%|█████▋    | 82359/145449 [13:19<10:54, 96.37it/s]
 57%|█████▋    | 82369/145449 [13:19<11:38, 90.26it/s]
 57%|█████▋    | 82382/145449 [13:19<11:01, 95.36it/s]
 57%|█████▋    | 82392/145449 [13:19<11:02, 95.14it/s]
 57%|█████▋    | 82405/145449 [13:19<10:05, 104.17it/s]
 57%|█████▋    | 82420/145449 [13:19<09:07, 115.03it/s]
 57%|█████▋    | 82432/145449 [13:19<09:29, 110.70it/s]
 57%|█████▋    | 82444/145449 [13:20<09:49, 106.87it/s]
 57%|█████▋    | 82455/145449 [13:20<11:06, 94.46it/s] 
 57%|█████▋    | 82467/145449 [13:20<10:40, 98.38it/s]
 57%|█████▋    | 82478/145449 [13:20<10:24, 100.81it/s]
 57%|█████▋    | 82492/145449 [13:20<09:26, 111.07it/s]
 57%|█████▋    | 82504/145449 [13:20<10:32, 99.58it/s] 
 57%|█████▋    | 82523/145449 [13:20<08:35, 122.13it/s]
 57%|█████▋    | 82537/145449 [13:20<10:07, 103.58it/s]
 57%|█████▋    | 82549/145449 [13:21<11:41, 89.66it/s] 
 57%|█████▋    | 82561/145449 [13:21<10:56, 95.82it/s]
 57%|█████▋    | 82572/145449 [13:21<10:38, 98.41it/s]
 57%|█████▋    | 82583/145449 [13:21<11:49, 88.59it/s]
 57%|█████▋    | 82594/145449 [13:21<11:13, 93.32it/s]
 57%|█████▋    | 82604/145449 [13:21<11:06, 94.25it/s]
 57%|█████▋    | 82617/145449 [13:21<10:10, 102.98it/s]
 57%|█████▋    | 82628/145449 [13:21<10:12, 102.65it/s]
 57%|█████▋    | 82642/145449 [13:22<09:16, 112.89it/s]
 57%|█████▋    | 82654/145449 [13:22<10:46, 97.12it/s] 
 57%|█████▋    | 82665/145449 [13:22<11:28, 91.23it/s]
 57%|█████▋    | 82680/145449 [13:22<09:54, 105.56it/s]
 57%|█████▋    | 82696/145449 [13:22<08:45, 119.47it/s]
 57%|█████▋    | 82709/145449 [13:22<08:51, 117.98it/s]
 57%|█████▋    | 82726/145449 [13:22<08:10, 127.95it/s]
 57%|█████▋    | 82740/145449 [13:22<09:26, 110.71it/s]
 57%|█████▋    | 82752/145449 [13:23<09:18, 112.17it/s]
 57%|█████▋    | 82764/145449 [13:23<10:31, 99.33it/s] 
 57%|█████▋    | 82781/145449 [13:23<09:09, 113.99it/s]
 57%|█████▋    | 82793/145449 [13:23<09:07, 114.48it/s]
 57%|█████▋    | 82805/145449 [13:23<10:54, 95.69it/s] 
 57%|█████▋    | 82816/145449 [13:23<10:56, 95.46it/s]
 57%|█████▋    | 82827/145449 [13:23<11:09, 93.59it/s]
 57%|█████▋    | 82837/145449 [13:23<11:49, 88.27it/s]
 57%|█████▋    | 82847/145449 [13:24<13:09, 79.31it/s]
 57%|█████▋    | 82856/145449 [13:24<14:46, 70.61it/s]
 57%|█████▋    | 82871/145449 [13:24<11:59, 86.96it/s]
 57%|█████▋    | 82881/145449 [13:24<11:38, 89.55it/s]
 57%|█████▋    | 82893/145449 [13:24<10:48, 96.45it/s]
 57%|█████▋    | 82904/145449 [13:24<11:15, 92.64it/s]
 57%|█████▋    | 82914/145449 [13:24<12:28, 83.56it/s]
 57%|█████▋    | 82924/145449 [13:24<12:43, 81.86it/s]
 57%|█████▋    | 82933/145449 [13:25<12:34, 82.81it/s]
 57%|█████▋    | 82947/145449 [13:25<10:51, 95.88it/s]
 57%|█████▋    | 82958/145449 [13:25<10:50, 96.04it/s]
 57%|█████▋    | 82972/145449 [13:25<09:40, 107.71it/s]
 57%|█████▋    | 82987/145449 [13:25<08:49, 118.07it/s]
 57%|█████▋    | 83000/145449 [13:25<10:07, 102.77it/s]
 57%|█████▋    | 83011/145449 [13:25<11:10, 93.13it/s] 
 57%|█████▋    | 83028/145449 [13:25<09:18, 111.80it/s]
 57%|█████▋    | 83040/145449 [13:26<10:22, 100.18it/s]
 57%|█████▋    | 83053/145449 [13:26<09:41, 107.37it/s]
 57%|█████▋    | 83066/145449 [13:26<09:30, 109.29it/s]
 57%|█████▋    | 83078/145449 [13:26<10:08, 102.53it/s]
 57%|█████▋    | 83089/145449 [13:26<10:10, 102.11it/s]
 57%|█████▋    | 83105/145449 [13:26<08:54, 116.65it/s]
 57%|█████▋    | 83118/145449 [13:26<08:48, 117.97it/s]
 57%|█████▋    | 83135/145449 [13:26<07:54, 131.27it/s]
 57%|█████▋    | 83152/145449 [13:26<07:23, 140.39it/s]
 57%|█████▋    | 83167/145449 [13:27<07:24, 140.27it/s]
 57%|█████▋    | 83182/145449 [13:27<07:18, 141.88it/s]
 57%|█████▋    | 83197/145449 [13:27<08:45, 118.39it/s]
 57%|█████▋    | 83210/145449 [13:27<10:16, 101.03it/s]
 57%|█████▋    | 83226/145449 [13:27<09:03, 114.40it/s]
 57%|█████▋    | 83239/145449 [13:27<09:09, 113.21it/s]
 57%|█████▋    | 83262/145449 [13:27<07:19, 141.62it/s]
 57%|█████▋    | 83280/145449 [13:27<07:00, 147.86it/s]
 57%|█████▋    | 83296/145449 [13:28<07:09, 144.60it/s]
 57%|█████▋    | 83311/145449 [13:28<08:56, 115.87it/s]
 57%|█████▋    | 83324/145449 [13:28<08:57, 115.67it/s]
 57%|█████▋    | 83337/145449 [13:28<09:32, 108.47it/s]
 57%|█████▋    | 83349/145449 [13:28<09:35, 107.87it/s]
 57%|█████▋    | 83361/145449 [13:28<11:09, 92.75it/s] 
 57%|█████▋    | 83373/145449 [13:28<10:35, 97.70it/s]
 57%|█████▋    | 83390/145449 [13:29<09:05, 113.75it/s]
 57%|█████▋    | 83403/145449 [13:29<09:42, 106.45it/s]
 57%|█████▋    | 83415/145449 [13:29<10:23, 99.54it/s] 
 57%|█████▋    | 83426/145449 [13:29<10:21, 99.73it/s]
 57%|█████▋    | 83437/145449 [13:29<10:50, 95.40it/s]
 57%|█████▋    | 83448/145449 [13:29<10:32, 98.08it/s]
 57%|█████▋    | 83458/145449 [13:29<10:53, 94.85it/s]
 57%|█████▋    | 83468/145449 [13:29<12:18, 83.97it/s]
 57%|█████▋    | 83477/145449 [13:30<13:20, 77.41it/s]
 57%|█████▋    | 83485/145449 [13:30<14:07, 73.13it/s]
 57%|█████▋    | 83496/145449 [13:30<12:47, 80.74it/s]
 57%|█████▋    | 83507/145449 [13:30<11:48, 87.37it/s]
 57%|█████▋    | 83516/145449 [13:30<11:55, 86.57it/s]
 57%|█████▋    | 83527/145449 [13:30<11:18, 91.24it/s]
 57%|█████▋    | 83537/145449 [13:30<14:25, 71.56it/s]
 57%|█████▋    | 83545/145449 [13:30<15:17, 67.49it/s]
 57%|█████▋    | 83557/145449 [13:31<13:56, 74.00it/s]
 57%|█████▋    | 83567/145449 [13:31<13:10, 78.29it/s]
 57%|█████▋    | 83583/145449 [13:31<10:30, 98.15it/s]
 57%|█████▋    | 83599/145449 [13:31<09:11, 112.14it/s]
 57%|█████▋    | 83615/145449 [13:31<08:15, 124.85it/s]
 57%|█████▋    | 83629/145449 [13:31<09:18, 110.78it/s]
 58%|█████▊    | 83641/145449 [13:31<09:39, 106.68it/s]
 58%|█████▊    | 83653/145449 [13:31<11:00, 93.61it/s] 
 58%|█████▊    | 83663/145449 [13:32<11:23, 90.36it/s]
 58%|█████▊    | 83673/145449 [13:32<12:35, 81.80it/s]
 58%|█████▊    | 83682/145449 [13:32<12:47, 80.48it/s]
 58%|█████▊    | 83694/145449 [13:32<11:39, 88.25it/s]
 58%|█████▊    | 83704/145449 [13:32<11:21, 90.64it/s]
 58%|█████▊    | 83716/145449 [13:32<10:33, 97.40it/s]
 58%|█████▊    | 83726/145449 [13:32<11:28, 89.67it/s]
 58%|█████▊    | 83736/145449 [13:32<12:19, 83.50it/s]
 58%|█████▊    | 83749/145449 [13:33<11:00, 93.39it/s]
 58%|█████▊    | 83761/145449 [13:33<10:39, 96.52it/s]
 58%|█████▊    | 83779/145449 [13:33<08:43, 117.85it/s]
 58%|█████▊    | 83794/145449 [13:33<08:12, 125.24it/s]
 58%|█████▊    | 83807/145449 [13:33<09:36, 106.95it/s]
 58%|█████▊    | 83819/145449 [13:33<11:01, 93.10it/s] 
 58%|█████▊    | 83830/145449 [13:33<12:18, 83.46it/s]
 58%|█████▊    | 83839/145449 [13:33<12:20, 83.25it/s]
 58%|█████▊    | 83853/145449 [13:34<10:57, 93.69it/s]
 58%|█████▊    | 83864/145449 [13:34<10:52, 94.42it/s]
 58%|█████▊    | 83876/145449 [13:34<10:53, 94.21it/s]
 58%|█████▊    | 83893/145449 [13:34<09:06, 112.55it/s]
 58%|█████▊    | 83905/145449 [13:34<09:02, 113.52it/s]
 58%|█████▊    | 83917/145449 [13:34<09:19, 109.97it/s]
 58%|█████▊    | 83933/145449 [13:34<08:28, 120.97it/s]
 58%|█████▊    | 83946/145449 [13:34<08:32, 119.89it/s]
 58%|█████▊    | 83959/145449 [13:35<08:29, 120.78it/s]
 58%|█████▊    | 83972/145449 [13:35<08:21, 122.50it/s]
 58%|█████▊    | 83985/145449 [13:35<08:44, 117.28it/s]
 58%|█████▊    | 84003/145449 [13:35<07:44, 132.37it/s]
 58%|█████▊    | 84017/145449 [13:35<10:26, 97.99it/s] 
 58%|█████▊    | 84029/145449 [13:35<11:04, 92.46it/s]
 58%|█████▊    | 84041/145449 [13:35<10:30, 97.41it/s]
 58%|█████▊    | 84052/145449 [13:35<10:14, 99.91it/s]
 58%|█████▊    | 84063/145449 [13:36<10:11, 100.39it/s]
 58%|█████▊    | 84074/145449 [13:36<10:42, 95.53it/s] 
 58%|█████▊    | 84084/145449 [13:36<10:51, 94.25it/s]
 58%|█████▊    | 84094/145449 [13:36<10:54, 93.69it/s]
 58%|█████▊    | 84107/145449 [13:36<10:20, 98.82it/s]
 58%|█████▊    | 84118/145449 [13:36<10:05, 101.28it/s]
 58%|█████▊    | 84129/145449 [13:36<10:34, 96.65it/s] 
 58%|█████▊    | 84139/145449 [13:36<11:31, 88.68it/s]
 58%|█████▊    | 84149/145449 [13:36<12:06, 84.33it/s]
 58%|█████▊    | 84164/145449 [13:37<10:13, 99.87it/s]
 58%|█████▊    | 84175/145449 [13:37<10:11, 100.23it/s]
 58%|█████▊    | 84191/145449 [13:37<08:55, 114.47it/s]
 58%|█████▊    | 84203/145449 [13:37<09:11, 111.08it/s]
 58%|█████▊    | 84215/145449 [13:37<10:21, 98.58it/s] 
 58%|█████▊    | 84226/145449 [13:37<10:25, 97.87it/s]
 58%|█████▊    | 84240/145449 [13:37<09:45, 104.51it/s]
 58%|█████▊    | 84251/145449 [13:37<10:14, 99.67it/s] 
 58%|█████▊    | 84263/145449 [13:38<09:55, 102.73it/s]
 58%|█████▊    | 84277/145449 [13:38<09:20, 109.17it/s]
 58%|█████▊    | 84289/145449 [13:38<10:51, 93.84it/s] 
 58%|█████▊    | 84299/145449 [13:38<11:01, 92.48it/s]
 58%|█████▊    | 84309/145449 [13:38<12:06, 84.17it/s]
 58%|█████▊    | 84319/145449 [13:38<12:07, 84.00it/s]
 58%|█████▊    | 84328/145449 [13:38<12:17, 82.85it/s]
 58%|█████▊    | 84337/145449 [13:38<13:02, 78.07it/s]
 58%|█████▊    | 84345/145449 [13:39<13:38, 74.63it/s]
 58%|█████▊    | 84353/145449 [13:39<13:25, 75.89it/s]
 58%|█████▊    | 84368/145449 [13:39<11:22, 89.50it/s]
 58%|█████▊    | 84377/145449 [13:39<11:35, 87.77it/s]
 58%|█████▊    | 84386/145449 [13:39<12:17, 82.82it/s]
 58%|█████▊    | 84404/145449 [13:39<09:27, 107.48it/s]
 58%|█████▊    | 84416/145449 [13:39<09:30, 106.90it/s]
 58%|█████▊    | 84427/145449 [13:39<10:54, 93.30it/s] 
 58%|█████▊    | 84437/145449 [13:40<11:30, 88.42it/s]
 58%|█████▊    | 84448/145449 [13:40<10:55, 93.10it/s]
 58%|█████▊    | 84458/145449 [13:40<10:46, 94.41it/s]
 58%|█████▊    | 84468/145449 [13:40<11:46, 86.37it/s]
 58%|█████▊    | 84479/145449 [13:40<11:01, 92.11it/s]
 58%|█████▊    | 84489/145449 [13:40<11:31, 88.12it/s]
 58%|█████▊    | 84502/145449 [13:40<10:34, 96.07it/s]
 58%|█████▊    | 84512/145449 [13:40<11:04, 91.70it/s]
 58%|█████▊    | 84527/145449 [13:40<09:32, 106.39it/s]
 58%|█████▊    | 84539/145449 [13:41<09:45, 104.02it/s]
 58%|█████▊    | 84550/145449 [13:41<09:43, 104.38it/s]
 58%|█████▊    | 84569/145449 [13:41<08:12, 123.66it/s]
 58%|█████▊    | 84582/145449 [13:41<09:05, 111.60it/s]
 58%|█████▊    | 84594/145449 [13:41<10:05, 100.53it/s]
 58%|█████▊    | 84606/145449 [13:41<09:42, 104.44it/s]
 58%|█████▊    | 84617/145449 [13:41<10:22, 97.72it/s] 
 58%|█████▊    | 84629/145449 [13:41<09:59, 101.45it/s]
 58%|█████▊    | 84640/145449 [13:42<11:23, 89.03it/s] 
 58%|█████▊    | 84650/145449 [13:42<11:50, 85.56it/s]
 58%|█████▊    | 84666/145449 [13:42<10:04, 100.52it/s]
 58%|█████▊    | 84678/145449 [13:42<09:42, 104.32it/s]
 58%|█████▊    | 84690/145449 [13:42<09:52, 102.58it/s]
 58%|█████▊    | 84703/145449 [13:42<09:22, 107.95it/s]
 58%|█████▊    | 84722/145449 [13:42<07:58, 126.84it/s]
 58%|█████▊    | 84739/145449 [13:42<07:22, 137.26it/s]
 58%|█████▊    | 84755/145449 [13:42<07:10, 141.14it/s]
 58%|█████▊    | 84770/145449 [13:43<07:53, 128.15it/s]
 58%|█████▊    | 84784/145449 [13:43<08:03, 125.55it/s]
 58%|█████▊    | 84799/145449 [13:43<07:44, 130.45it/s]
 58%|█████▊    | 84817/145449 [13:43<07:02, 143.35it/s]
 58%|█████▊    | 84832/145449 [13:43<07:24, 136.49it/s]
 58%|█████▊    | 84848/145449 [13:43<07:56, 127.07it/s]
 58%|█████▊    | 84862/145449 [13:43<08:23, 120.32it/s]
 58%|█████▊    | 84880/145449 [13:43<07:32, 133.78it/s]
 58%|█████▊    | 84894/145449 [13:44<07:27, 135.39it/s]
 58%|█████▊    | 84908/145449 [13:44<08:04, 125.01it/s]
 58%|█████▊    | 84921/145449 [13:44<08:00, 125.94it/s]
 58%|█████▊    | 84936/145449 [13:44<07:49, 129.01it/s]
 58%|█████▊    | 84953/145449 [13:44<07:13, 139.67it/s]
 58%|█████▊    | 84972/145449 [13:44<06:33, 153.77it/s]
 58%|█████▊    | 84992/145449 [13:44<06:02, 166.94it/s]
 58%|█████▊    | 85009/145449 [13:44<07:25, 135.75it/s]
 58%|█████▊    | 85024/145449 [13:45<08:04, 124.78it/s]
 58%|█████▊    | 85038/145449 [13:45<08:30, 118.41it/s]
 58%|█████▊    | 85051/145449 [13:45<09:11, 109.53it/s]
 58%|█████▊    | 85063/145449 [13:45<10:54, 92.24it/s] 
 58%|█████▊    | 85079/145449 [13:45<09:26, 106.62it/s]
 59%|█████▊    | 85091/145449 [13:45<09:17, 108.30it/s]
 59%|█████▊    | 85103/145449 [13:45<09:06, 110.51it/s]
 59%|█████▊    | 85117/145449 [13:45<08:48, 114.09it/s]
 59%|█████▊    | 85129/145449 [13:46<09:16, 108.41it/s]
 59%|█████▊    | 85141/145449 [13:46<11:05, 90.62it/s] 
 59%|█████▊    | 85151/145449 [13:46<11:14, 89.40it/s]
 59%|█████▊    | 85161/145449 [13:46<12:45, 78.74it/s]
 59%|█████▊    | 85172/145449 [13:46<12:07, 82.89it/s]
 59%|█████▊    | 85184/145449 [13:46<11:11, 89.81it/s]
 59%|█████▊    | 85197/145449 [13:46<10:17, 97.50it/s]
 59%|█████▊    | 85208/145449 [13:47<11:07, 90.29it/s]
 59%|█████▊    | 85222/145449 [13:47<10:14, 98.06it/s]
 59%|█████▊    | 85233/145449 [13:47<12:03, 83.24it/s]
 59%|█████▊    | 85242/145449 [13:47<11:52, 84.47it/s]
 59%|█████▊    | 85252/145449 [13:47<11:26, 87.74it/s]
 59%|█████▊    | 85264/145449 [13:47<10:31, 95.26it/s]
 59%|█████▊    | 85274/145449 [13:47<10:28, 95.69it/s]
 59%|█████▊    | 85285/145449 [13:47<10:17, 97.47it/s]
 59%|█████▊    | 85295/145449 [13:47<10:27, 95.92it/s]
 59%|█████▊    | 85310/145449 [13:48<09:19, 107.58it/s]
 59%|█████▊    | 85321/145449 [13:48<09:15, 108.18it/s]
 59%|█████▊    | 85333/145449 [13:48<09:08, 109.70it/s]
 59%|█████▊    | 85346/145449 [13:48<08:43, 114.85it/s]
 59%|█████▊    | 85358/145449 [13:48<08:50, 113.23it/s]
 59%|█████▊    | 85370/145449 [13:48<08:44, 114.52it/s]
 59%|█████▊    | 85382/145449 [13:48<09:09, 109.21it/s]
 59%|█████▊    | 85393/145449 [13:48<09:58, 100.37it/s]
 59%|█████▊    | 85412/145449 [13:48<08:05, 123.68it/s]
 59%|█████▊    | 85428/145449 [13:49<07:39, 130.60it/s]
 59%|█████▊    | 85442/145449 [13:49<07:48, 128.03it/s]
 59%|█████▉    | 85455/145449 [13:49<08:21, 119.74it/s]
 59%|█████▉    | 85468/145449 [13:49<10:07, 98.72it/s] 
 59%|█████▉    | 85482/145449 [13:49<09:21, 106.76it/s]
 59%|█████▉    | 85495/145449 [13:49<09:12, 108.50it/s]
 59%|█████▉    | 85510/145449 [13:49<08:33, 116.83it/s]
 59%|█████▉    | 85523/145449 [13:49<09:32, 104.71it/s]
 59%|█████▉    | 85537/145449 [13:50<08:52, 112.43it/s]
 59%|█████▉    | 85549/145449 [13:50<09:02, 110.50it/s]
 59%|█████▉    | 85562/145449 [13:50<08:41, 114.94it/s]
 59%|█████▉    | 85577/145449 [13:50<08:05, 123.23it/s]
 59%|█████▉    | 85590/145449 [13:50<09:57, 100.23it/s]
 59%|█████▉    | 85601/145449 [13:50<10:52, 91.66it/s] 
 59%|█████▉    | 85617/145449 [13:50<09:39, 103.29it/s]
 59%|█████▉    | 85636/145449 [13:50<08:02, 123.86it/s]
 59%|█████▉    | 85655/145449 [13:51<07:07, 139.92it/s]
 59%|█████▉    | 85674/145449 [13:51<06:34, 151.40it/s]
 59%|█████▉    | 85690/145449 [13:51<07:15, 137.19it/s]
 59%|█████▉    | 85705/145449 [13:51<07:12, 138.28it/s]
 59%|█████▉    | 85720/145449 [13:51<07:27, 133.43it/s]
 59%|█████▉    | 85734/145449 [13:51<07:23, 134.54it/s]
 59%|█████▉    | 85748/145449 [13:51<07:35, 131.20it/s]
 59%|█████▉    | 85762/145449 [13:51<07:44, 128.54it/s]
 59%|█████▉    | 85775/145449 [13:52<09:12, 108.00it/s]
 59%|█████▉    | 85787/145449 [13:52<10:20, 96.10it/s] 
 59%|█████▉    | 85807/145449 [13:52<08:19, 119.36it/s]
 59%|█████▉    | 85822/145449 [13:52<07:55, 125.50it/s]
 59%|█████▉    | 85838/145449 [13:52<07:56, 125.12it/s]
 59%|█████▉    | 85852/145449 [13:52<09:33, 103.94it/s]
 59%|█████▉    | 85864/145449 [13:52<10:54, 91.00it/s] 
 59%|█████▉    | 85876/145449 [13:52<10:26, 95.14it/s]
 59%|█████▉    | 85887/145449 [13:53<10:25, 95.17it/s]
 59%|█████▉    | 85898/145449 [13:53<10:51, 91.35it/s]
 59%|█████▉    | 85908/145449 [13:53<11:47, 84.19it/s]
 59%|█████▉    | 85919/145449 [13:53<11:34, 85.72it/s]
 59%|█████▉    | 85932/145449 [13:53<10:23, 95.43it/s]
 59%|█████▉    | 85942/145449 [13:53<10:22, 95.65it/s]
 59%|█████▉    | 85952/145449 [13:53<11:25, 86.84it/s]
 59%|█████▉    | 85966/145449 [13:53<09:54, 100.12it/s]
 59%|█████▉    | 85979/145449 [13:54<09:10, 108.03it/s]
 59%|█████▉    | 85992/145449 [13:54<08:44, 113.45it/s]
 59%|█████▉    | 86004/145449 [13:54<10:26, 94.96it/s] 
 59%|█████▉    | 86015/145449 [13:54<10:23, 95.39it/s]
 59%|█████▉    | 86028/145449 [13:54<09:30, 104.07it/s]
 59%|█████▉    | 86043/145449 [13:54<08:31, 116.11it/s]
 59%|█████▉    | 86056/145449 [13:54<09:30, 104.19it/s]
 59%|█████▉    | 86069/145449 [13:54<09:09, 107.98it/s]
 59%|█████▉    | 86081/145449 [13:55<09:22, 105.53it/s]
 59%|█████▉    | 86092/145449 [13:55<09:56, 99.57it/s] 
 59%|█████▉    | 86103/145449 [13:55<09:56, 99.41it/s]
 59%|█████▉    | 86114/145449 [13:55<11:29, 86.05it/s]
 59%|█████▉    | 86124/145449 [13:55<11:49, 83.57it/s]
 59%|█████▉    | 86133/145449 [13:55<14:12, 69.62it/s]
 59%|█████▉    | 86150/145449 [13:55<10:56, 90.26it/s]
 59%|█████▉    | 86162/145449 [13:55<10:27, 94.52it/s]
 59%|█████▉    | 86173/145449 [13:56<10:23, 95.00it/s]
 59%|█████▉    | 86184/145449 [13:56<10:08, 97.44it/s]
 59%|█████▉    | 86200/145449 [13:56<08:41, 113.60it/s]
 59%|█████▉    | 86212/145449 [13:56<09:27, 104.45it/s]
 59%|█████▉    | 86223/145449 [13:56<11:02, 89.42it/s] 
 59%|█████▉    | 86233/145449 [13:56<14:51, 66.42it/s]
 59%|█████▉    | 86243/145449 [13:56<13:36, 72.53it/s]
 59%|█████▉    | 86252/145449 [13:57<13:43, 71.89it/s]
 59%|█████▉    | 86264/145449 [13:57<11:58, 82.41it/s]
 59%|█████▉    | 86279/145449 [13:57<10:10, 96.99it/s]
 59%|█████▉    | 86290/145449 [13:57<10:17, 95.86it/s]
 59%|█████▉    | 86304/145449 [13:57<09:12, 107.13it/s]
 59%|█████▉    | 86320/145449 [13:57<08:18, 118.68it/s]
 59%|█████▉    | 86333/145449 [13:57<08:49, 111.56it/s]
 59%|█████▉    | 86346/145449 [13:57<08:31, 115.57it/s]
 59%|█████▉    | 86362/145449 [13:58<07:54, 124.62it/s]
 59%|█████▉    | 86377/145449 [13:58<07:42, 127.61it/s]
 59%|█████▉    | 86391/145449 [13:58<07:44, 127.16it/s]
 59%|█████▉    | 86404/145449 [13:58<07:48, 126.03it/s]
 59%|█████▉    | 86417/145449 [13:58<10:32, 93.39it/s] 
 59%|█████▉    | 86428/145449 [13:58<10:51, 90.54it/s]
 59%|█████▉    | 86440/145449 [13:58<10:27, 94.00it/s]
 59%|█████▉    | 86451/145449 [13:58<10:11, 96.45it/s]
 59%|█████▉    | 86463/145449 [13:59<10:20, 94.99it/s]
 59%|█████▉    | 86473/145449 [13:59<10:33, 93.17it/s]
 59%|█████▉    | 86483/145449 [13:59<10:32, 93.22it/s]
 59%|█████▉    | 86495/145449 [13:59<10:03, 97.69it/s]
 59%|█████▉    | 86505/145449 [13:59<10:55, 89.92it/s]
 59%|█████▉    | 86519/145449 [13:59<09:37, 102.07it/s]
 59%|█████▉    | 86530/145449 [13:59<10:13, 96.02it/s] 
 60%|█████▉    | 86547/145449 [13:59<08:51, 110.85it/s]
 60%|█████▉    | 86559/145449 [13:59<09:02, 108.54it/s]
 60%|█████▉    | 86570/145449 [14:00<10:26, 93.99it/s] 
 60%|█████▉    | 86588/145449 [14:00<08:35, 114.11it/s]
 60%|█████▉    | 86601/145449 [14:00<08:52, 110.49it/s]
 60%|█████▉    | 86613/145449 [14:00<09:01, 108.71it/s]
 60%|█████▉    | 86625/145449 [14:00<10:50, 90.41it/s] 
 60%|█████▉    | 86635/145449 [14:00<12:30, 78.34it/s]
 60%|█████▉    | 86644/145449 [14:00<12:19, 79.56it/s]
 60%|█████▉    | 86653/145449 [14:01<12:01, 81.54it/s]
 60%|█████▉    | 86662/145449 [14:01<11:58, 81.78it/s]
 60%|█████▉    | 86677/145449 [14:01<09:52, 99.26it/s]
 60%|█████▉    | 86688/145449 [14:01<10:53, 89.98it/s]
 60%|█████▉    | 86698/145449 [14:01<11:04, 88.36it/s]
 60%|█████▉    | 86708/145449 [14:01<12:17, 79.70it/s]
 60%|█████▉    | 86720/145449 [14:01<11:12, 87.33it/s]
 60%|█████▉    | 86730/145449 [14:01<12:00, 81.52it/s]
 60%|█████▉    | 86739/145449 [14:02<12:15, 79.86it/s]
 60%|█████▉    | 86748/145449 [14:02<11:57, 81.85it/s]
 60%|█████▉    | 86757/145449 [14:02<12:14, 79.86it/s]
 60%|█████▉    | 86766/145449 [14:02<12:18, 79.51it/s]
 60%|█████▉    | 86775/145449 [14:02<13:09, 74.35it/s]
 60%|█████▉    | 86784/145449 [14:02<12:45, 76.68it/s]
 60%|█████▉    | 86792/145449 [14:02<15:30, 63.01it/s]
 60%|█████▉    | 86801/145449 [14:02<14:07, 69.20it/s]
 60%|█████▉    | 86810/145449 [14:03<13:09, 74.24it/s]
 60%|█████▉    | 86820/145449 [14:03<12:17, 79.44it/s]
 60%|█████▉    | 86829/145449 [14:03<12:13, 79.91it/s]
 60%|█████▉    | 86840/145449 [14:03<11:31, 84.74it/s]
 60%|█████▉    | 86856/145449 [14:03<09:31, 102.61it/s]
 60%|█████▉    | 86867/145449 [14:03<11:09, 87.54it/s] 
 60%|█████▉    | 86877/145449 [14:03<11:29, 85.00it/s]
 60%|█████▉    | 86886/145449 [14:03<11:25, 85.46it/s]
 60%|█████▉    | 86896/145449 [14:04<11:18, 86.30it/s]
 60%|█████▉    | 86905/145449 [14:04<12:01, 81.18it/s]
 60%|█████▉    | 86914/145449 [14:04<12:41, 76.89it/s]
 60%|█████▉    | 86925/145449 [14:04<11:29, 84.91it/s]
 60%|█████▉    | 86939/145449 [14:04<09:54, 98.36it/s]
 60%|█████▉    | 86954/145449 [14:04<08:53, 109.58it/s]
 60%|█████▉    | 86966/145449 [14:04<09:14, 105.49it/s]
 60%|█████▉    | 86977/145449 [14:04<09:09, 106.36it/s]
 60%|█████▉    | 86992/145449 [14:04<08:21, 116.51it/s]
 60%|█████▉    | 87009/145449 [14:05<07:35, 128.38it/s]
 60%|█████▉    | 87022/145449 [14:05<08:24, 115.80it/s]
 60%|█████▉    | 87034/145449 [14:05<09:08, 106.56it/s]
 60%|█████▉    | 87048/145449 [14:05<08:27, 115.11it/s]
 60%|█████▉    | 87061/145449 [14:05<08:32, 114.00it/s]
 60%|█████▉    | 87073/145449 [14:05<08:29, 114.50it/s]
 60%|█████▉    | 87085/145449 [14:05<09:02, 107.68it/s]
 60%|█████▉    | 87097/145449 [14:05<08:50, 109.98it/s]
 60%|█████▉    | 87109/145449 [14:05<09:28, 102.65it/s]
 60%|█████▉    | 87121/145449 [14:06<09:09, 106.05it/s]
 60%|█████▉    | 87132/145449 [14:06<10:56, 88.80it/s] 
 60%|█████▉    | 87144/145449 [14:06<10:11, 95.39it/s]
 60%|█████▉    | 87157/145449 [14:06<09:35, 101.26it/s]
 60%|█████▉    | 87168/145449 [14:06<10:03, 96.54it/s] 
 60%|█████▉    | 87178/145449 [14:06<10:26, 93.03it/s]
 60%|█████▉    | 87190/145449 [14:06<09:50, 98.63it/s]
 60%|█████▉    | 87201/145449 [14:06<10:55, 88.84it/s]
 60%|█████▉    | 87217/145449 [14:07<09:19, 104.04it/s]
 60%|█████▉    | 87228/145449 [14:07<11:06, 87.36it/s] 
 60%|█████▉    | 87239/145449 [14:07<10:30, 92.38it/s]
 60%|█████▉    | 87249/145449 [14:07<10:24, 93.26it/s]
 60%|█████▉    | 87259/145449 [14:07<10:28, 92.62it/s]
 60%|█████▉    | 87269/145449 [14:07<11:17, 85.92it/s]
 60%|██████    | 87286/145449 [14:07<09:02, 107.27it/s]
 60%|██████    | 87304/145449 [14:07<07:53, 122.71it/s]
 60%|██████    | 87321/145449 [14:08<07:12, 134.44it/s]
 60%|██████    | 87336/145449 [14:08<07:22, 131.34it/s]
 60%|██████    | 87350/145449 [14:08<07:18, 132.46it/s]
 60%|██████    | 87364/145449 [14:08<07:42, 125.61it/s]
 60%|██████    | 87377/145449 [14:08<08:13, 117.60it/s]
 60%|██████    | 87389/145449 [14:08<08:47, 109.98it/s]
 60%|██████    | 87401/145449 [14:08<11:29, 84.13it/s] 
 60%|██████    | 87418/145449 [14:08<09:25, 102.66it/s]
 60%|██████    | 87433/145449 [14:09<08:50, 109.39it/s]
 60%|██████    | 87448/145449 [14:09<08:11, 117.99it/s]
 60%|██████    | 87464/145449 [14:09<07:32, 128.18it/s]
 60%|██████    | 87479/145449 [14:09<07:24, 130.42it/s]
 60%|██████    | 87493/145449 [14:09<08:15, 117.05it/s]
 60%|██████    | 87509/145449 [14:09<07:37, 126.76it/s]
 60%|██████    | 87523/145449 [14:09<08:35, 112.45it/s]
 60%|██████    | 87535/145449 [14:09<09:06, 106.07it/s]
 60%|██████    | 87550/145449 [14:10<08:23, 114.90it/s]
 60%|██████    | 87565/145449 [14:10<07:50, 122.99it/s]
 60%|██████    | 87583/145449 [14:10<07:00, 137.59it/s]
 60%|██████    | 87598/145449 [14:10<07:38, 126.29it/s]
 60%|██████    | 87614/145449 [14:10<07:20, 131.44it/s]
 60%|██████    | 87629/145449 [14:10<07:23, 130.41it/s]
 60%|██████    | 87643/145449 [14:10<07:30, 128.40it/s]
 60%|██████    | 87657/145449 [14:10<08:14, 116.78it/s]
 60%|██████    | 87672/145449 [14:11<07:46, 123.79it/s]
 60%|██████    | 87686/145449 [14:11<07:34, 127.21it/s]
 60%|██████    | 87699/145449 [14:11<07:44, 124.22it/s]
 60%|██████    | 87713/145449 [14:11<07:38, 125.81it/s]
 60%|██████    | 87726/145449 [14:11<07:49, 122.88it/s]
 60%|██████    | 87739/145449 [14:11<07:49, 122.94it/s]
 60%|██████    | 87752/145449 [14:11<08:58, 107.18it/s]
 60%|██████    | 87764/145449 [14:11<10:04, 95.45it/s] 
 60%|██████    | 87775/145449 [14:12<12:19, 77.96it/s]
 60%|██████    | 87784/145449 [14:12<12:30, 76.87it/s]
 60%|██████    | 87793/145449 [14:12<12:06, 79.33it/s]
 60%|██████    | 87802/145449 [14:12<13:07, 73.21it/s]
 60%|██████    | 87810/145449 [14:12<13:41, 70.13it/s]
 60%|██████    | 87818/145449 [14:12<13:59, 68.67it/s]
 60%|██████    | 87826/145449 [14:12<14:20, 66.96it/s]
 60%|██████    | 87834/145449 [14:12<14:00, 68.53it/s]
 60%|██████    | 87847/145449 [14:13<11:34, 82.92it/s]
 60%|██████    | 87856/145449 [14:13<12:16, 78.24it/s]
 60%|██████    | 87868/145449 [14:13<11:00, 87.16it/s]
 60%|██████    | 87881/145449 [14:13<10:34, 90.73it/s]
 60%|██████    | 87893/145449 [14:13<10:00, 95.85it/s]
 60%|██████    | 87904/145449 [14:13<09:43, 98.55it/s]
 60%|██████    | 87915/145449 [14:13<09:33, 100.28it/s]
 60%|██████    | 87926/145449 [14:13<11:04, 86.56it/s] 
 60%|██████    | 87944/145449 [14:14<08:52, 108.08it/s]
 60%|██████    | 87958/145449 [14:14<08:18, 115.37it/s]
 60%|██████    | 87971/145449 [14:14<09:34, 99.96it/s] 
 60%|██████    | 87985/145449 [14:14<08:47, 108.86it/s]
 61%|██████    | 87997/145449 [14:14<09:42, 98.59it/s] 
 61%|██████    | 88009/145449 [14:14<09:31, 100.57it/s]
 61%|██████    | 88025/145449 [14:14<08:17, 115.35it/s]
 61%|██████    | 88038/145449 [14:14<09:00, 106.28it/s]
 61%|██████    | 88055/145449 [14:15<07:54, 120.87it/s]
 61%|██████    | 88070/145449 [14:15<07:27, 128.20it/s]
 61%|██████    | 88092/145449 [14:15<06:21, 150.32it/s]
 61%|██████    | 88109/145449 [14:15<06:11, 154.51it/s]
 61%|██████    | 88125/145449 [14:15<07:36, 125.45it/s]
 61%|██████    | 88139/145449 [14:15<08:22, 114.05it/s]
 61%|██████    | 88152/145449 [14:15<08:09, 117.15it/s]
 61%|██████    | 88165/145449 [14:15<09:35, 99.57it/s] 
 61%|██████    | 88178/145449 [14:16<08:58, 106.43it/s]
 61%|██████    | 88194/145449 [14:16<08:04, 118.29it/s]
 61%|██████    | 88215/145449 [14:16<06:43, 141.81it/s]
 61%|██████    | 88231/145449 [14:16<06:54, 137.94it/s]
 61%|██████    | 88246/145449 [14:16<07:53, 120.79it/s]
 61%|██████    | 88259/145449 [14:16<09:09, 103.98it/s]
 61%|██████    | 88273/145449 [14:16<08:41, 109.55it/s]
 61%|██████    | 88285/145449 [14:17<11:47, 80.85it/s] 
 61%|██████    | 88295/145449 [14:17<11:26, 83.20it/s]
 61%|██████    | 88310/145449 [14:17<09:52, 96.48it/s]
 61%|██████    | 88326/145449 [14:17<08:34, 111.01it/s]
 61%|██████    | 88340/145449 [14:17<08:05, 117.54it/s]
 61%|██████    | 88353/145449 [14:17<08:30, 111.75it/s]
 61%|██████    | 88368/145449 [14:17<08:06, 117.40it/s]
 61%|██████    | 88381/145449 [14:17<09:16, 102.58it/s]
 61%|██████    | 88392/145449 [14:18<09:27, 100.54it/s]
 61%|██████    | 88403/145449 [14:18<10:52, 87.47it/s] 
 61%|██████    | 88417/145449 [14:18<09:37, 98.68it/s]
 61%|██████    | 88428/145449 [14:18<10:17, 92.34it/s]
 61%|██████    | 88441/145449 [14:18<09:24, 101.05it/s]
 61%|██████    | 88452/145449 [14:18<10:41, 88.79it/s] 
 61%|██████    | 88462/145449 [14:18<11:35, 81.95it/s]
 61%|██████    | 88476/145449 [14:18<10:06, 93.89it/s]
 61%|██████    | 88486/145449 [14:19<10:19, 91.93it/s]
 61%|██████    | 88496/145449 [14:19<10:19, 91.98it/s]
 61%|██████    | 88507/145449 [14:19<10:00, 94.77it/s]
 61%|██████    | 88525/145449 [14:19<08:36, 110.19it/s]
 61%|██████    | 88541/145449 [14:19<07:47, 121.79it/s]
 61%|██████    | 88554/145449 [14:19<08:24, 112.85it/s]
 61%|██████    | 88566/145449 [14:19<08:42, 108.92it/s]
 61%|██████    | 88578/145449 [14:19<09:03, 104.56it/s]
 61%|██████    | 88589/145449 [14:20<09:24, 100.70it/s]
 61%|██████    | 88600/145449 [14:20<10:05, 93.91it/s] 
 61%|██████    | 88610/145449 [14:20<10:20, 91.58it/s]
 61%|██████    | 88620/145449 [14:20<10:19, 91.73it/s]
 61%|██████    | 88638/145449 [14:20<08:19, 113.80it/s]
 61%|██████    | 88654/145449 [14:20<07:32, 125.46it/s]
 61%|██████    | 88669/145449 [14:20<07:10, 131.96it/s]
 61%|██████    | 88683/145449 [14:20<07:33, 125.07it/s]
 61%|██████    | 88698/145449 [14:20<07:18, 129.53it/s]
 61%|██████    | 88712/145449 [14:21<07:20, 128.80it/s]
 61%|██████    | 88726/145449 [14:21<08:00, 118.16it/s]
 61%|██████    | 88741/145449 [14:21<07:33, 125.01it/s]
 61%|██████    | 88755/145449 [14:21<07:28, 126.28it/s]
 61%|██████    | 88768/145449 [14:21<09:12, 102.54it/s]
 61%|██████    | 88780/145449 [14:21<09:46, 96.57it/s] 
 61%|██████    | 88795/145449 [14:21<08:40, 108.85it/s]
 61%|██████    | 88807/145449 [14:21<08:27, 111.64it/s]
 61%|██████    | 88819/145449 [14:22<08:20, 113.20it/s]
 61%|██████    | 88831/145449 [14:22<09:04, 103.94it/s]
 61%|██████    | 88844/145449 [14:22<09:02, 104.38it/s]
 61%|██████    | 88859/145449 [14:22<08:19, 113.33it/s]
 61%|██████    | 88871/145449 [14:22<08:20, 112.96it/s]
 61%|██████    | 88887/145449 [14:22<07:43, 121.98it/s]
 61%|██████    | 88902/145449 [14:22<07:22, 127.85it/s]
 61%|██████    | 88915/145449 [14:22<07:50, 120.14it/s]
 61%|██████    | 88929/145449 [14:22<07:35, 124.10it/s]
 61%|██████    | 88942/145449 [14:23<07:29, 125.70it/s]
 61%|██████    | 88959/145449 [14:23<06:50, 137.48it/s]
 61%|██████    | 88973/145449 [14:23<07:43, 121.77it/s]
 61%|██████    | 88986/145449 [14:23<07:51, 119.70it/s]
 61%|██████    | 88999/145449 [14:23<08:22, 112.32it/s]
 61%|██████    | 89011/145449 [14:23<09:17, 101.17it/s]
 61%|██████    | 89022/145449 [14:23<09:41, 96.97it/s] 
 61%|██████    | 89032/145449 [14:23<09:53, 95.09it/s]
 61%|██████    | 89042/145449 [14:24<09:47, 95.97it/s]
 61%|██████    | 89053/145449 [14:24<09:39, 97.25it/s]
 61%|██████    | 89063/145449 [14:24<11:45, 79.96it/s]
 61%|██████    | 89073/145449 [14:24<11:08, 84.37it/s]
 61%|██████    | 89085/145449 [14:24<10:05, 93.16it/s]
 61%|██████▏   | 89097/145449 [14:24<09:27, 99.23it/s]
 61%|██████▏   | 89111/145449 [14:24<08:30, 110.32it/s]
 61%|██████▏   | 89123/145449 [14:24<09:27, 99.30it/s] 
 61%|██████▏   | 89137/145449 [14:24<08:33, 109.65it/s]
 61%|██████▏   | 89149/145449 [14:25<09:38, 97.26it/s] 
 61%|██████▏   | 89160/145449 [14:25<10:00, 93.81it/s]
 61%|██████▏   | 89170/145449 [14:25<10:14, 91.64it/s]
 61%|██████▏   | 89181/145449 [14:25<10:04, 93.01it/s]
 61%|██████▏   | 89191/145449 [14:25<10:04, 93.02it/s]
 61%|██████▏   | 89203/145449 [14:25<09:26, 99.36it/s]
 61%|██████▏   | 89214/145449 [14:25<10:04, 92.96it/s]
 61%|██████▏   | 89224/145449 [14:25<09:55, 94.36it/s]
 61%|██████▏   | 89234/145449 [14:26<10:12, 91.81it/s]
 61%|██████▏   | 89244/145449 [14:26<10:22, 90.28it/s]
 61%|██████▏   | 89254/145449 [14:26<11:25, 81.99it/s]
 61%|██████▏   | 89265/145449 [14:26<10:36, 88.33it/s]
 61%|██████▏   | 89275/145449 [14:26<11:54, 78.67it/s]
 61%|██████▏   | 89286/145449 [14:26<10:50, 86.30it/s]
 61%|██████▏   | 89296/145449 [14:26<11:44, 79.66it/s]
 61%|██████▏   | 89308/145449 [14:26<10:43, 87.28it/s]
 61%|██████▏   | 89318/145449 [14:27<10:57, 85.39it/s]
 61%|██████▏   | 89329/145449 [14:27<10:17, 90.85it/s]
 61%|██████▏   | 89341/145449 [14:27<10:27, 89.42it/s]
 61%|██████▏   | 89351/145449 [14:27<11:16, 82.90it/s]
 61%|██████▏   | 89368/145449 [14:27<09:17, 100.66it/s]
 61%|██████▏   | 89381/145449 [14:27<09:36, 97.32it/s] 
 61%|██████▏   | 89391/145449 [14:27<09:51, 94.73it/s]
 61%|██████▏   | 89401/145449 [14:27<10:31, 88.76it/s]
 61%|██████▏   | 89419/145449 [14:28<08:33, 109.12it/s]
 61%|██████▏   | 89431/145449 [14:28<08:46, 106.40it/s]
 61%|██████▏   | 89446/145449 [14:28<08:14, 113.14it/s]
 62%|██████▏   | 89459/145449 [14:28<08:11, 113.82it/s]
 62%|██████▏   | 89473/145449 [14:28<07:57, 117.20it/s]
 62%|██████▏   | 89488/145449 [14:28<07:25, 125.64it/s]
 62%|██████▏   | 89502/145449 [14:28<07:17, 127.74it/s]
 62%|██████▏   | 89520/145449 [14:28<06:40, 139.56it/s]
 62%|██████▏   | 89535/145449 [14:29<07:16, 128.19it/s]
 62%|██████▏   | 89549/145449 [14:29<08:19, 111.88it/s]
 62%|██████▏   | 89563/145449 [14:29<08:03, 115.66it/s]
 62%|██████▏   | 89575/145449 [14:29<08:01, 116.04it/s]
 62%|██████▏   | 89591/145449 [14:29<07:30, 123.90it/s]
 62%|██████▏   | 89604/145449 [14:29<07:24, 125.50it/s]
 62%|██████▏   | 89617/145449 [14:29<07:26, 125.08it/s]
 62%|██████▏   | 89630/145449 [14:29<07:45, 119.80it/s]
 62%|██████▏   | 89643/145449 [14:29<08:52, 104.79it/s]
 62%|██████▏   | 89654/145449 [14:30<09:32, 97.42it/s] 
 62%|██████▏   | 89665/145449 [14:30<10:02, 92.53it/s]
 62%|██████▏   | 89675/145449 [14:30<09:58, 93.26it/s]
 62%|██████▏   | 89685/145449 [14:30<11:02, 84.22it/s]
 62%|██████▏   | 89694/145449 [14:30<11:01, 84.23it/s]
 62%|██████▏   | 89703/145449 [14:30<11:40, 79.62it/s]
 62%|██████▏   | 89719/145449 [14:30<09:23, 98.91it/s]
 62%|██████▏   | 89737/145449 [14:30<07:53, 117.77it/s]
 62%|██████▏   | 89750/145449 [14:31<08:13, 112.93it/s]
 62%|██████▏   | 89762/145449 [14:31<08:10, 113.53it/s]
 62%|██████▏   | 89774/145449 [14:31<08:19, 111.38it/s]
 62%|██████▏   | 89786/145449 [14:31<08:12, 112.99it/s]
 62%|██████▏   | 89798/145449 [14:31<08:25, 110.12it/s]
 62%|██████▏   | 89811/145449 [14:31<08:07, 114.23it/s]
 62%|██████▏   | 89823/145449 [14:31<08:04, 114.83it/s]
 62%|██████▏   | 89835/145449 [14:31<08:29, 109.05it/s]
 62%|██████▏   | 89846/145449 [14:31<08:49, 104.98it/s]
 62%|██████▏   | 89857/145449 [14:32<09:12, 100.60it/s]
 62%|██████▏   | 89868/145449 [14:32<09:27, 97.92it/s] 
 62%|██████▏   | 89878/145449 [14:32<09:50, 94.03it/s]
 62%|██████▏   | 89888/145449 [14:32<09:43, 95.20it/s]
 62%|██████▏   | 89899/145449 [14:32<09:24, 98.41it/s]
 62%|██████▏   | 89913/145449 [14:32<08:40, 106.79it/s]
 62%|██████▏   | 89926/145449 [14:32<08:30, 108.77it/s]
 62%|██████▏   | 89937/145449 [14:32<08:54, 103.78it/s]
 62%|██████▏   | 89948/145449 [14:32<09:04, 102.00it/s]
 62%|██████▏   | 89959/145449 [14:33<09:12, 100.42it/s]
 62%|██████▏   | 89972/145449 [14:33<08:39, 106.74it/s]
 62%|██████▏   | 89983/145449 [14:33<08:46, 105.36it/s]
 62%|██████▏   | 89998/145449 [14:33<08:13, 112.39it/s]
 62%|██████▏   | 90011/145449 [14:33<08:01, 115.25it/s]
 62%|██████▏   | 90023/145449 [14:33<08:19, 111.06it/s]
 62%|██████▏   | 90037/145449 [14:33<07:52, 117.24it/s]
 62%|██████▏   | 90049/145449 [14:33<08:34, 107.61it/s]
 62%|██████▏   | 90065/145449 [14:33<07:39, 120.43it/s]
 62%|██████▏   | 90084/145449 [14:34<06:43, 137.19it/s]
 62%|██████▏   | 90099/145449 [14:34<06:35, 140.04it/s]
 62%|██████▏   | 90114/145449 [14:34<06:29, 141.99it/s]
 62%|██████▏   | 90135/145449 [14:34<05:43, 161.26it/s]
 62%|██████▏   | 90152/145449 [14:34<05:42, 161.32it/s]
 62%|██████▏   | 90169/145449 [14:34<06:31, 141.18it/s]
 62%|██████▏   | 90184/145449 [14:34<07:06, 129.71it/s]
 62%|██████▏   | 90200/145449 [14:34<06:47, 135.63it/s]
 62%|██████▏   | 90214/145449 [14:35<06:47, 135.69it/s]
 62%|██████▏   | 90228/145449 [14:35<06:48, 135.11it/s]
 62%|██████▏   | 90242/145449 [14:35<07:14, 127.14it/s]
 62%|██████▏   | 90260/145449 [14:35<06:45, 136.12it/s]
 62%|██████▏   | 90275/145449 [14:35<06:37, 138.80it/s]
 62%|██████▏   | 90292/145449 [14:35<06:22, 144.24it/s]
 62%|██████▏   | 90307/145449 [14:35<06:37, 138.57it/s]
 62%|██████▏   | 90322/145449 [14:35<06:39, 137.92it/s]
 62%|██████▏   | 90339/145449 [14:35<06:19, 145.18it/s]
 62%|██████▏   | 90354/145449 [14:36<06:31, 140.88it/s]
 62%|██████▏   | 90374/145449 [14:36<05:56, 154.67it/s]
 62%|██████▏   | 90392/145449 [14:36<05:41, 161.03it/s]
 62%|██████▏   | 90409/145449 [14:36<06:13, 147.20it/s]
 62%|██████▏   | 90425/145449 [14:36<06:25, 142.56it/s]
 62%|██████▏   | 90443/145449 [14:36<07:20, 124.89it/s]
 62%|██████▏   | 90458/145449 [14:36<07:02, 130.30it/s]
 62%|██████▏   | 90476/145449 [14:36<06:30, 140.89it/s]
 62%|██████▏   | 90498/145449 [14:36<05:50, 156.88it/s]
 62%|██████▏   | 90515/145449 [14:37<06:24, 142.80it/s]
 62%|██████▏   | 90532/145449 [14:37<06:13, 147.11it/s]
 62%|██████▏   | 90548/145449 [14:37<06:07, 149.56it/s]
 62%|██████▏   | 90564/145449 [14:37<06:47, 134.69it/s]
 62%|██████▏   | 90578/145449 [14:37<07:30, 121.69it/s]
 62%|██████▏   | 90591/145449 [14:37<08:04, 113.24it/s]
 62%|██████▏   | 90603/145449 [14:37<08:46, 104.11it/s]
 62%|██████▏   | 90614/145449 [14:38<09:14, 98.83it/s] 
 62%|██████▏   | 90627/145449 [14:38<08:42, 104.99it/s]
 62%|██████▏   | 90644/145449 [14:38<07:37, 119.78it/s]
 62%|██████▏   | 90657/145449 [14:38<07:31, 121.40it/s]
 62%|██████▏   | 90673/145449 [14:38<06:56, 131.59it/s]
 62%|██████▏   | 90688/145449 [14:38<06:44, 135.34it/s]
 62%|██████▏   | 90702/145449 [14:38<06:40, 136.55it/s]
 62%|██████▏   | 90721/145449 [14:38<06:08, 148.68it/s]
 62%|██████▏   | 90738/145449 [14:38<05:59, 152.04it/s]
 62%|██████▏   | 90754/145449 [14:39<06:25, 141.99it/s]
 62%|██████▏   | 90769/145449 [14:39<06:40, 136.57it/s]
 62%|██████▏   | 90783/145449 [14:39<06:58, 130.66it/s]
 62%|██████▏   | 90801/145449 [14:39<06:25, 141.78it/s]
 62%|██████▏   | 90816/145449 [14:39<07:26, 122.41it/s]
 62%|██████▏   | 90829/145449 [14:39<08:13, 110.66it/s]
 62%|██████▏   | 90844/145449 [14:39<07:40, 118.52it/s]
 62%|██████▏   | 90857/145449 [14:39<07:46, 117.03it/s]
 62%|██████▏   | 90870/145449 [14:40<07:45, 117.17it/s]
 62%|██████▏   | 90882/145449 [14:40<08:01, 113.29it/s]
 62%|██████▏   | 90894/145449 [14:40<07:54, 114.94it/s]
 63%|██████▎   | 90906/145449 [14:40<09:11, 98.91it/s] 
 63%|██████▎   | 90917/145449 [14:40<09:25, 96.35it/s]
 63%|██████▎   | 90927/145449 [14:40<10:35, 85.76it/s]
 63%|██████▎   | 90942/145449 [14:40<09:04, 100.08it/s]
 63%|██████▎   | 90953/145449 [14:40<09:06, 99.73it/s] 
 63%|██████▎   | 90967/145449 [14:40<08:14, 110.17it/s]
 63%|██████▎   | 90979/145449 [14:41<08:26, 107.63it/s]
 63%|██████▎   | 90991/145449 [14:41<08:28, 107.19it/s]
 63%|██████▎   | 91005/145449 [14:41<07:57, 114.02it/s]
 63%|██████▎   | 91020/145449 [14:41<07:19, 123.76it/s]
 63%|██████▎   | 91033/145449 [14:41<08:31, 106.35it/s]
 63%|██████▎   | 91048/145449 [14:41<07:56, 114.16it/s]
 63%|██████▎   | 91063/145449 [14:41<07:26, 121.74it/s]
 63%|██████▎   | 91083/145449 [14:41<06:24, 141.41it/s]
 63%|██████▎   | 91105/145449 [14:42<05:36, 161.37it/s]
 63%|██████▎   | 91126/145449 [14:42<05:12, 174.10it/s]
 63%|██████▎   | 91144/145449 [14:42<05:49, 155.52it/s]
 63%|██████▎   | 91161/145449 [14:42<06:02, 149.63it/s]
 63%|██████▎   | 91177/145449 [14:42<06:35, 137.11it/s]
 63%|██████▎   | 91192/145449 [14:42<06:46, 133.46it/s]
 63%|██████▎   | 91206/145449 [14:42<07:10, 126.05it/s]
 63%|██████▎   | 91219/145449 [14:42<07:44, 116.70it/s]
 63%|██████▎   | 91231/145449 [14:43<09:16, 97.44it/s] 
 63%|██████▎   | 91250/145449 [14:43<07:43, 116.82it/s]
 63%|██████▎   | 91265/145449 [14:43<07:15, 124.46it/s]
 63%|██████▎   | 91279/145449 [14:43<07:49, 115.33it/s]
 63%|██████▎   | 91292/145449 [14:43<08:13, 109.79it/s]
 63%|██████▎   | 91304/145449 [14:43<09:01, 99.93it/s] 
 63%|██████▎   | 91320/145449 [14:43<07:56, 113.70it/s]
 63%|██████▎   | 91332/145449 [14:43<08:44, 103.18it/s]
 63%|██████▎   | 91343/145449 [14:44<08:41, 103.68it/s]
 63%|██████▎   | 91359/145449 [14:44<07:39, 117.84it/s]
 63%|██████▎   | 91372/145449 [14:44<08:02, 112.18it/s]
 63%|██████▎   | 91384/145449 [14:44<08:11, 110.11it/s]
 63%|██████▎   | 91396/145449 [14:44<08:12, 109.77it/s]
 63%|██████▎   | 91408/145449 [14:44<09:15, 97.29it/s] 
 63%|██████▎   | 91419/145449 [14:44<11:04, 81.30it/s]
 63%|██████▎   | 91428/145449 [14:45<13:38, 65.97it/s]
 63%|██████▎   | 91436/145449 [14:45<14:44, 61.09it/s]
 63%|██████▎   | 91447/145449 [14:45<12:51, 70.04it/s]
 63%|██████▎   | 91460/145449 [14:45<10:50, 82.95it/s]
 63%|██████▎   | 91477/145449 [14:45<08:39, 103.90it/s]
 63%|██████▎   | 91489/145449 [14:45<08:59, 100.01it/s]
 63%|██████▎   | 91503/145449 [14:45<08:12, 109.61it/s]
 63%|██████▎   | 91519/145449 [14:45<07:24, 121.42it/s]
 63%|██████▎   | 91535/145449 [14:46<06:52, 130.65it/s]
 63%|██████▎   | 91549/145449 [14:46<07:42, 116.58it/s]
 63%|██████▎   | 91562/145449 [14:46<08:41, 103.26it/s]
 63%|██████▎   | 91576/145449 [14:46<08:19, 107.78it/s]
 63%|██████▎   | 91588/145449 [14:46<08:25, 106.58it/s]
 63%|██████▎   | 91600/145449 [14:46<10:08, 88.51it/s] 
 63%|██████▎   | 91616/145449 [14:46<08:39, 103.56it/s]
 63%|██████▎   | 91629/145449 [14:46<08:13, 109.11it/s]
 63%|██████▎   | 91641/145449 [14:47<08:22, 107.04it/s]
 63%|██████▎   | 91653/145449 [14:47<10:38, 84.23it/s] 
 63%|██████▎   | 91667/145449 [14:47<09:20, 96.02it/s]
 63%|██████▎   | 91678/145449 [14:47<10:20, 86.67it/s]
 63%|██████▎   | 91693/145449 [14:47<08:52, 100.99it/s]
 63%|██████▎   | 91705/145449 [14:47<09:17, 96.49it/s] 
 63%|██████▎   | 91716/145449 [14:47<09:41, 92.46it/s]
 63%|██████▎   | 91726/145449 [14:48<10:40, 83.93it/s]
 63%|██████▎   | 91740/145449 [14:48<09:31, 93.95it/s]
 63%|██████▎   | 91751/145449 [14:48<09:42, 92.12it/s]
 63%|██████▎   | 91761/145449 [14:48<09:36, 93.17it/s]
 63%|██████▎   | 91771/145449 [14:48<10:27, 85.52it/s]
 63%|██████▎   | 91787/145449 [14:48<08:45, 102.03it/s]
 63%|██████▎   | 91799/145449 [14:48<08:24, 106.32it/s]
 63%|██████▎   | 91810/145449 [14:48<09:23, 95.20it/s] 
 63%|██████▎   | 91822/145449 [14:49<08:54, 100.30it/s]
 63%|██████▎   | 91840/145449 [14:49<07:35, 117.70it/s]
 63%|██████▎   | 91856/145449 [14:49<06:57, 128.38it/s]
 63%|██████▎   | 91870/145449 [14:49<08:00, 111.50it/s]
 63%|██████▎   | 91882/145449 [14:49<08:40, 102.92it/s]
 63%|██████▎   | 91893/145449 [14:49<08:38, 103.39it/s]
 63%|██████▎   | 91904/145449 [14:49<09:47, 91.17it/s] 
 63%|██████▎   | 91914/145449 [14:49<09:36, 92.90it/s]
 63%|██████▎   | 91927/145449 [14:50<08:55, 100.00it/s]
 63%|██████▎   | 91938/145449 [14:50<09:06, 97.89it/s] 
 63%|██████▎   | 91949/145449 [14:50<10:26, 85.45it/s]
 63%|██████▎   | 91958/145449 [14:50<10:35, 84.20it/s]
 63%|██████▎   | 91967/145449 [14:50<12:05, 73.75it/s]
 63%|██████▎   | 91977/145449 [14:50<11:12, 79.49it/s]
 63%|██████▎   | 91986/145449 [14:50<11:33, 77.05it/s]
 63%|██████▎   | 91994/145449 [14:50<12:20, 72.16it/s]
 63%|██████▎   | 92007/145449 [14:51<10:41, 83.37it/s]
 63%|██████▎   | 92017/145449 [14:51<10:15, 86.88it/s]
 63%|██████▎   | 92027/145449 [14:51<11:06, 80.17it/s]
 63%|██████▎   | 92042/145449 [14:51<09:06, 97.75it/s]
 63%|██████▎   | 92054/145449 [14:51<08:37, 103.23it/s]
 63%|██████▎   | 92068/145449 [14:51<08:15, 107.83it/s]
 63%|██████▎   | 92080/145449 [14:51<08:32, 104.15it/s]
 63%|██████▎   | 92091/145449 [14:51<08:56, 99.43it/s] 
 63%|██████▎   | 92109/145449 [14:51<07:23, 120.37it/s]
 63%|██████▎   | 92129/145449 [14:52<06:16, 141.50it/s]
 63%|██████▎   | 92144/145449 [14:52<07:36, 116.69it/s]
 63%|██████▎   | 92157/145449 [14:52<08:15, 107.54it/s]
 63%|██████▎   | 92169/145449 [14:52<08:18, 106.78it/s]
 63%|██████▎   | 92181/145449 [14:52<08:05, 109.61it/s]
 63%|██████▎   | 92193/145449 [14:52<11:00, 80.63it/s] 
 63%|██████▎   | 92206/145449 [14:52<09:54, 89.56it/s]
 63%|██████▎   | 92217/145449 [14:53<09:51, 90.02it/s]
 63%|██████▎   | 92230/145449 [14:53<09:16, 95.65it/s]
 63%|██████▎   | 92241/145449 [14:53<09:58, 88.84it/s]
 63%|██████▎   | 92255/145449 [14:53<08:49, 100.51it/s]
 63%|██████▎   | 92268/145449 [14:53<08:23, 105.69it/s]
 63%|██████▎   | 92283/145449 [14:53<07:42, 114.96it/s]
 63%|██████▎   | 92295/145449 [14:53<08:22, 105.77it/s]
 63%|██████▎   | 92306/145449 [14:53<09:15, 95.61it/s] 
 63%|██████▎   | 92322/145449 [14:54<08:00, 110.57it/s]
 63%|██████▎   | 92339/145449 [14:54<07:04, 125.09it/s]
 63%|██████▎   | 92353/145449 [14:54<07:45, 114.18it/s]
 64%|██████▎   | 92367/145449 [14:54<07:21, 120.19it/s]
 64%|██████▎   | 92384/145449 [14:54<06:39, 132.79it/s]
 64%|██████▎   | 92400/145449 [14:54<06:19, 139.64it/s]
 64%|██████▎   | 92415/145449 [14:54<06:31, 135.47it/s]
 64%|██████▎   | 92429/145449 [14:54<07:36, 116.08it/s]
 64%|██████▎   | 92442/145449 [14:55<07:36, 116.12it/s]
 64%|██████▎   | 92457/145449 [14:55<07:05, 124.44it/s]
 64%|██████▎   | 92472/145449 [14:55<06:45, 130.56it/s]
 64%|██████▎   | 92487/145449 [14:55<06:32, 134.87it/s]
 64%|██████▎   | 92501/145449 [14:55<06:48, 129.48it/s]
 64%|██████▎   | 92519/145449 [14:55<06:09, 143.38it/s]
 64%|██████▎   | 92537/145449 [14:55<05:44, 153.64it/s]
 64%|██████▎   | 92553/145449 [14:55<06:20, 139.20it/s]
 64%|██████▎   | 92568/145449 [14:55<07:36, 115.94it/s]
 64%|██████▎   | 92583/145449 [14:56<07:09, 123.05it/s]
 64%|██████▎   | 92597/145449 [14:56<07:44, 113.71it/s]
 64%|██████▎   | 92610/145449 [14:56<07:49, 112.55it/s]
 64%|██████▎   | 92622/145449 [14:56<09:36, 91.66it/s] 
 64%|██████▎   | 92636/145449 [14:56<09:19, 94.31it/s]
 64%|██████▎   | 92647/145449 [14:56<10:37, 82.88it/s]
 64%|██████▎   | 92658/145449 [14:57<10:27, 84.17it/s]
 64%|██████▎   | 92671/145449 [14:57<09:24, 93.44it/s]
 64%|██████▎   | 92681/145449 [14:57<10:27, 84.09it/s]
 64%|██████▎   | 92690/145449 [14:57<11:18, 77.73it/s]
 64%|██████▎   | 92704/145449 [14:57<09:40, 90.85it/s]
 64%|██████▎   | 92722/145449 [14:57<08:16, 106.10it/s]
 64%|██████▍   | 92736/145449 [14:57<08:02, 109.18it/s]
 64%|██████▍   | 92748/145449 [14:57<09:09, 95.97it/s] 
 64%|██████▍   | 92759/145449 [14:58<09:39, 90.88it/s]
 64%|██████▍   | 92770/145449 [14:58<09:18, 94.37it/s]
 64%|██████▍   | 92782/145449 [14:58<09:14, 94.97it/s]
 64%|██████▍   | 92794/145449 [14:58<08:44, 100.33it/s]
 64%|██████▍   | 92811/145449 [14:58<07:26, 118.02it/s]
 64%|██████▍   | 92824/145449 [14:58<07:38, 114.72it/s]
 64%|██████▍   | 92836/145449 [14:58<09:14, 94.81it/s] 
 64%|██████▍   | 92848/145449 [14:58<08:42, 100.64it/s]
 64%|██████▍   | 92859/145449 [14:59<08:36, 101.90it/s]
 64%|██████▍   | 92872/145449 [14:59<08:06, 108.08it/s]
 64%|██████▍   | 92884/145449 [14:59<08:54, 98.30it/s] 
 64%|██████▍   | 92895/145449 [14:59<09:02, 96.90it/s]
 64%|██████▍   | 92905/145449 [14:59<09:26, 92.71it/s]
 64%|██████▍   | 92915/145449 [14:59<09:40, 90.48it/s]
 64%|██████▍   | 92925/145449 [14:59<09:29, 92.18it/s]
 64%|██████▍   | 92941/145449 [14:59<08:01, 108.95it/s]
 64%|██████▍   | 92957/145449 [14:59<07:14, 120.90it/s]
 64%|██████▍   | 92971/145449 [15:00<07:02, 124.07it/s]
 64%|██████▍   | 92984/145449 [15:00<08:04, 108.26it/s]
 64%|██████▍   | 92996/145449 [15:00<08:19, 105.00it/s]
 64%|██████▍   | 93007/145449 [15:00<08:59, 97.20it/s] 
 64%|██████▍   | 93017/145449 [15:00<08:56, 97.66it/s]
 64%|██████▍   | 93027/145449 [15:00<09:30, 91.89it/s]
 64%|██████▍   | 93038/145449 [15:00<09:10, 95.29it/s]
 64%|██████▍   | 93050/145449 [15:00<08:37, 101.21it/s]
 64%|██████▍   | 93063/145449 [15:01<08:24, 103.82it/s]
 64%|██████▍   | 93074/145449 [15:01<08:40, 100.64it/s]
 64%|██████▍   | 93085/145449 [15:01<09:57, 87.60it/s] 
 64%|██████▍   | 93095/145449 [15:01<10:08, 86.02it/s]
 64%|██████▍   | 93108/145449 [15:01<09:16, 94.04it/s]
 64%|██████▍   | 93119/145449 [15:01<09:03, 96.36it/s]
 64%|██████▍   | 93129/145449 [15:01<09:49, 88.69it/s]
 64%|██████▍   | 93139/145449 [15:01<10:54, 79.96it/s]
 64%|██████▍   | 93148/145449 [15:02<11:15, 77.40it/s]
 64%|██████▍   | 93156/145449 [15:02<11:42, 74.44it/s]
 64%|██████▍   | 93165/145449 [15:02<11:22, 76.56it/s]
 64%|██████▍   | 93178/145449 [15:02<09:41, 89.82it/s]
 64%|██████▍   | 93188/145449 [15:02<09:48, 88.81it/s]
 64%|██████▍   | 93199/145449 [15:02<09:22, 92.89it/s]
 64%|██████▍   | 93212/145449 [15:02<08:49, 98.66it/s]
 64%|██████▍   | 93222/145449 [15:02<09:12, 94.48it/s]
 64%|██████▍   | 93237/145449 [15:02<07:58, 109.04it/s]
 64%|██████▍   | 93249/145449 [15:03<09:35, 90.65it/s] 
 64%|██████▍   | 93259/145449 [15:03<10:49, 80.32it/s]
 64%|██████▍   | 93268/145449 [15:03<10:43, 81.05it/s]
 64%|██████▍   | 93277/145449 [15:03<10:42, 81.16it/s]
 64%|██████▍   | 93290/145449 [15:03<09:22, 92.70it/s]
 64%|██████▍   | 93300/145449 [15:03<09:16, 93.76it/s]
 64%|██████▍   | 93312/145449 [15:03<09:08, 95.04it/s]
 64%|██████▍   | 93322/145449 [15:03<10:10, 85.40it/s]
 64%|██████▍   | 93332/145449 [15:04<09:54, 87.70it/s]
 64%|██████▍   | 93342/145449 [15:04<09:38, 90.14it/s]
 64%|██████▍   | 93352/145449 [15:04<10:32, 82.36it/s]
 64%|██████▍   | 93363/145449 [15:04<09:52, 87.84it/s]
 64%|██████▍   | 93374/145449 [15:04<09:33, 90.81it/s]
 64%|██████▍   | 93389/145449 [15:04<08:19, 104.31it/s]
 64%|██████▍   | 93400/145449 [15:04<08:52, 97.72it/s] 
 64%|██████▍   | 93412/145449 [15:04<08:25, 102.99it/s]
 64%|██████▍   | 93425/145449 [15:05<07:59, 108.44it/s]
 64%|██████▍   | 93437/145449 [15:05<08:38, 100.39it/s]
 64%|██████▍   | 93450/145449 [15:05<08:08, 106.47it/s]
 64%|██████▍   | 93463/145449 [15:05<07:48, 111.00it/s]
 64%|██████▍   | 93481/145449 [15:05<06:44, 128.60it/s]
 64%|██████▍   | 93495/145449 [15:05<06:34, 131.65it/s]
 64%|██████▍   | 93509/145449 [15:05<07:14, 119.49it/s]
 64%|██████▍   | 93522/145449 [15:05<07:47, 111.14it/s]
 64%|██████▍   | 93534/145449 [15:05<08:38, 100.14it/s]
 64%|██████▍   | 93545/145449 [15:06<09:57, 86.94it/s] 
 64%|██████▍   | 93557/145449 [15:06<09:11, 94.17it/s]
 64%|██████▍   | 93567/145449 [15:06<09:04, 95.33it/s]
 64%|██████▍   | 93577/145449 [15:06<09:08, 94.54it/s]
 64%|██████▍   | 93587/145449 [15:06<09:12, 93.93it/s]
 64%|██████▍   | 93599/145449 [15:06<08:48, 98.18it/s]
 64%|██████▍   | 93611/145449 [15:06<08:44, 98.92it/s]
 64%|██████▍   | 93621/145449 [15:06<09:34, 90.23it/s]
 64%|██████▍   | 93633/145449 [15:07<08:58, 96.23it/s]
 64%|██████▍   | 93643/145449 [15:07<09:30, 90.83it/s]
 64%|██████▍   | 93657/145449 [15:07<08:24, 102.66it/s]
 64%|██████▍   | 93668/145449 [15:07<08:28, 101.92it/s]
 64%|██████▍   | 93679/145449 [15:07<09:46, 88.22it/s] 
 64%|██████▍   | 93689/145449 [15:07<10:03, 85.72it/s]
 64%|██████▍   | 93698/145449 [15:07<10:06, 85.31it/s]
 64%|██████▍   | 93711/145449 [15:07<09:03, 95.23it/s]
 64%|██████▍   | 93721/145449 [15:08<11:15, 76.62it/s]
 64%|██████▍   | 93730/145449 [15:08<12:08, 71.04it/s]
 64%|██████▍   | 93738/145449 [15:08<13:20, 64.63it/s]
 64%|██████▍   | 93747/145449 [15:08<12:40, 67.98it/s]
 64%|██████▍   | 93759/145449 [15:08<10:58, 78.54it/s]
 64%|██████▍   | 93769/145449 [15:08<10:40, 80.72it/s]
 64%|██████▍   | 93792/145449 [15:08<07:15, 118.51it/s]
 64%|██████▍   | 93810/145449 [15:08<06:27, 133.23it/s]
 65%|██████▍   | 93825/145449 [15:09<06:18, 136.52it/s]
 65%|██████▍   | 93841/145449 [15:09<06:15, 137.41it/s]
 65%|██████▍   | 93857/145449 [15:09<06:00, 143.29it/s]
 65%|██████▍   | 93872/145449 [15:09<06:16, 136.92it/s]
 65%|██████▍   | 93886/145449 [15:09<08:03, 106.57it/s]
 65%|██████▍   | 93898/145449 [15:09<08:07, 105.72it/s]
 65%|██████▍   | 93910/145449 [15:09<08:42, 98.58it/s] 
 65%|██████▍   | 93929/145449 [15:09<07:10, 119.56it/s]
 65%|██████▍   | 93946/145449 [15:10<06:30, 131.95it/s]
 65%|██████▍   | 93961/145449 [15:10<06:22, 134.46it/s]
 65%|██████▍   | 93976/145449 [15:10<08:22, 102.48it/s]
 65%|██████▍   | 93996/145449 [15:10<07:05, 120.79it/s]
 65%|██████▍   | 94010/145449 [15:10<07:42, 111.28it/s]
 65%|██████▍   | 94023/145449 [15:10<08:15, 103.83it/s]
 65%|██████▍   | 94035/145449 [15:10<08:21, 102.62it/s]
 65%|██████▍   | 94046/145449 [15:11<08:27, 101.20it/s]
 65%|██████▍   | 94057/145449 [15:11<08:26, 101.40it/s]
 65%|██████▍   | 94068/145449 [15:11<08:16, 103.58it/s]
 65%|██████▍   | 94079/145449 [15:11<08:29, 100.83it/s]
 65%|██████▍   | 94090/145449 [15:11<08:43, 98.19it/s] 
 65%|██████▍   | 94100/145449 [15:11<09:24, 91.04it/s]
 65%|██████▍   | 94111/145449 [15:11<09:19, 91.74it/s]
 65%|██████▍   | 94121/145449 [15:11<09:16, 92.26it/s]
 65%|██████▍   | 94131/145449 [15:11<09:55, 86.14it/s]
 65%|██████▍   | 94147/145449 [15:12<08:12, 104.16it/s]
 65%|██████▍   | 94158/145449 [15:12<08:33, 99.96it/s] 
 65%|██████▍   | 94172/145449 [15:12<07:53, 108.23it/s]
 65%|██████▍   | 94184/145449 [15:12<07:42, 110.84it/s]
 65%|██████▍   | 94199/145449 [15:12<07:16, 117.51it/s]
 65%|██████▍   | 94211/145449 [15:12<08:21, 102.11it/s]
 65%|██████▍   | 94222/145449 [15:12<09:06, 93.81it/s] 
 65%|██████▍   | 94232/145449 [15:12<09:03, 94.24it/s]
 65%|██████▍   | 94242/145449 [15:13<09:03, 94.21it/s]
 65%|██████▍   | 94260/145449 [15:13<07:24, 115.22it/s]
 65%|██████▍   | 94276/145449 [15:13<07:02, 121.18it/s]
 65%|██████▍   | 94289/145449 [15:13<08:16, 102.95it/s]
 65%|██████▍   | 94300/145449 [15:13<08:30, 100.11it/s]
 65%|██████▍   | 94311/145449 [15:13<09:14, 92.30it/s] 
 65%|██████▍   | 94325/145449 [15:13<08:22, 101.72it/s]
 65%|██████▍   | 94338/145449 [15:13<07:51, 108.43it/s]
 65%|██████▍   | 94350/145449 [15:14<07:46, 109.63it/s]
 65%|██████▍   | 94362/145449 [15:14<08:29, 100.28it/s]
 65%|██████▍   | 94373/145449 [15:14<08:43, 97.64it/s] 
 65%|██████▍   | 94383/145449 [15:14<09:26, 90.09it/s]
 65%|██████▍   | 94396/145449 [15:14<08:32, 99.62it/s]
 65%|██████▍   | 94407/145449 [15:14<08:26, 100.82it/s]
 65%|██████▍   | 94424/145449 [15:14<07:10, 118.50it/s]
 65%|██████▍   | 94440/145449 [15:14<06:33, 129.52it/s]
 65%|██████▍   | 94460/145449 [15:14<05:44, 147.92it/s]
 65%|██████▍   | 94476/145449 [15:15<05:44, 147.89it/s]
 65%|██████▍   | 94493/145449 [15:15<05:37, 150.80it/s]
 65%|██████▍   | 94509/145449 [15:15<07:06, 119.42it/s]
 65%|██████▍   | 94527/145449 [15:15<06:33, 129.27it/s]
 65%|██████▍   | 94541/145449 [15:15<08:11, 103.62it/s]
 65%|██████▌   | 94553/145449 [15:15<08:05, 104.75it/s]
 65%|██████▌   | 94565/145449 [15:15<08:23, 101.08it/s]
 65%|██████▌   | 94583/145449 [15:16<07:34, 111.84it/s]
 65%|██████▌   | 94597/145449 [15:16<07:22, 115.02it/s]
 65%|██████▌   | 94614/145449 [15:16<06:40, 126.93it/s]
 65%|██████▌   | 94628/145449 [15:16<06:31, 129.65it/s]
 65%|██████▌   | 94642/145449 [15:16<06:33, 129.12it/s]
 65%|██████▌   | 94662/145449 [15:16<05:42, 148.15it/s]
 65%|██████▌   | 94678/145449 [15:16<05:52, 144.18it/s]
 65%|██████▌   | 94694/145449 [15:16<05:47, 146.08it/s]
 65%|██████▌   | 94709/145449 [15:17<07:50, 107.91it/s]
 65%|██████▌   | 94722/145449 [15:17<08:44, 96.65it/s] 
 65%|██████▌   | 94733/145449 [15:17<09:04, 93.17it/s]
 65%|██████▌   | 94747/145449 [15:17<08:10, 103.36it/s]
 65%|██████▌   | 94759/145449 [15:17<09:35, 88.01it/s] 
 65%|██████▌   | 94773/145449 [15:17<08:32, 98.96it/s]
 65%|██████▌   | 94784/145449 [15:17<08:33, 98.69it/s]
 65%|██████▌   | 94802/145449 [15:17<07:09, 118.00it/s]
 65%|██████▌   | 94818/145449 [15:18<06:38, 127.09it/s]
 65%|██████▌   | 94832/145449 [15:18<07:01, 120.12it/s]
 65%|██████▌   | 94845/145449 [15:18<08:42, 96.89it/s] 
 65%|██████▌   | 94859/145449 [15:18<08:01, 105.01it/s]
 65%|██████▌   | 94875/145449 [15:18<07:28, 112.83it/s]
 65%|██████▌   | 94891/145449 [15:18<06:47, 124.09it/s]
 65%|██████▌   | 94905/145449 [15:18<07:46, 108.32it/s]
 65%|██████▌   | 94921/145449 [15:19<07:05, 118.86it/s]
 65%|██████▌   | 94935/145449 [15:19<06:48, 123.72it/s]
 65%|██████▌   | 94949/145449 [15:19<07:31, 111.77it/s]
 65%|██████▌   | 94961/145449 [15:19<08:03, 104.35it/s]
 65%|██████▌   | 94973/145449 [15:19<08:27, 99.49it/s] 
 65%|██████▌   | 94984/145449 [15:19<10:08, 82.98it/s]
 65%|██████▌   | 94996/145449 [15:19<09:20, 90.06it/s]
 65%|██████▌   | 95006/145449 [15:19<09:20, 90.07it/s]
 65%|██████▌   | 95016/145449 [15:20<09:07, 92.16it/s]
 65%|██████▌   | 95027/145449 [15:20<08:44, 96.20it/s]
 65%|██████▌   | 95041/145449 [15:20<07:56, 105.84it/s]
 65%|██████▌   | 95055/145449 [15:20<07:17, 115.08it/s]
 65%|██████▌   | 95073/145449 [15:20<06:19, 132.69it/s]
 65%|██████▌   | 95087/145449 [15:20<07:47, 107.77it/s]
 65%|██████▌   | 95099/145449 [15:20<07:53, 106.44it/s]
 65%|██████▌   | 95112/145449 [15:20<07:31, 111.49it/s]
 65%|██████▌   | 95124/145449 [15:20<07:26, 112.77it/s]
 65%|██████▌   | 95136/145449 [15:21<07:23, 113.56it/s]
 65%|██████▌   | 95151/145449 [15:21<07:03, 118.88it/s]
 65%|██████▌   | 95164/145449 [15:21<07:52, 106.49it/s]
 65%|██████▌   | 95179/145449 [15:21<07:16, 115.23it/s]
 65%|██████▌   | 95194/145449 [15:21<06:49, 122.77it/s]
 65%|██████▌   | 95207/145449 [15:21<06:44, 124.14it/s]
 65%|██████▌   | 95221/145449 [15:21<06:31, 128.31it/s]
 65%|██████▌   | 95240/145449 [15:21<06:05, 137.52it/s]
 65%|██████▌   | 95254/145449 [15:22<06:55, 120.78it/s]
 65%|██████▌   | 95267/145449 [15:22<08:33, 97.67it/s] 
 66%|██████▌   | 95278/145449 [15:22<09:59, 83.70it/s]
 66%|██████▌   | 95288/145449 [15:22<09:42, 86.09it/s]
 66%|██████▌   | 95298/145449 [15:22<09:38, 86.69it/s]
 66%|██████▌   | 95308/145449 [15:22<10:03, 83.11it/s]
 66%|██████▌   | 95320/145449 [15:22<09:06, 91.71it/s]
 66%|██████▌   | 95332/145449 [15:22<08:29, 98.27it/s]
 66%|██████▌   | 95343/145449 [15:23<09:48, 85.13it/s]
 66%|██████▌   | 95353/145449 [15:23<09:50, 84.81it/s]
 66%|██████▌   | 95364/145449 [15:23<09:13, 90.45it/s]
 66%|██████▌   | 95374/145449 [15:23<10:00, 83.32it/s]
 66%|██████▌   | 95383/145449 [15:23<10:47, 77.27it/s]
 66%|██████▌   | 95395/145449 [15:23<09:33, 87.29it/s]
 66%|██████▌   | 95411/145449 [15:23<07:53, 105.74it/s]
 66%|██████▌   | 95424/145449 [15:23<07:27, 111.78it/s]
 66%|██████▌   | 95436/145449 [15:24<07:32, 110.63it/s]
 66%|██████▌   | 95448/145449 [15:24<07:51, 106.01it/s]
 66%|██████▌   | 95459/145449 [15:24<07:48, 106.81it/s]
 66%|██████▌   | 95475/145449 [15:24<07:16, 114.43it/s]
 66%|██████▌   | 95487/145449 [15:24<07:17, 114.11it/s]
 66%|██████▌   | 95499/145449 [15:24<08:06, 102.77it/s]
 66%|██████▌   | 95511/145449 [15:24<07:56, 104.83it/s]
 66%|██████▌   | 95522/145449 [15:24<07:50, 106.06it/s]
 66%|██████▌   | 95540/145449 [15:24<06:40, 124.55it/s]
 66%|██████▌   | 95553/145449 [15:25<06:52, 121.01it/s]
 66%|██████▌   | 95566/145449 [15:25<06:45, 122.94it/s]
 66%|██████▌   | 95583/145449 [15:25<06:18, 131.72it/s]
 66%|██████▌   | 95597/145449 [15:25<06:24, 129.53it/s]
 66%|██████▌   | 95610/145449 [15:25<06:29, 127.99it/s]
 66%|██████▌   | 95623/145449 [15:25<07:52, 105.55it/s]
 66%|██████▌   | 95635/145449 [15:25<07:41, 108.02it/s]
 66%|██████▌   | 95647/145449 [15:25<07:52, 105.46it/s]
 66%|██████▌   | 95658/145449 [15:26<08:13, 100.85it/s]
 66%|██████▌   | 95671/145449 [15:26<07:45, 106.89it/s]
 66%|██████▌   | 95682/145449 [15:26<09:10, 90.34it/s] 
 66%|██████▌   | 95692/145449 [15:26<09:02, 91.69it/s]
 66%|██████▌   | 95702/145449 [15:26<09:00, 92.05it/s]
 66%|██████▌   | 95712/145449 [15:26<09:58, 83.11it/s]
 66%|██████▌   | 95721/145449 [15:26<10:39, 77.78it/s]
 66%|██████▌   | 95733/145449 [15:26<09:34, 86.48it/s]
 66%|██████▌   | 95746/145449 [15:27<08:30, 97.33it/s]
 66%|██████▌   | 95758/145449 [15:27<08:05, 102.31it/s]
 66%|██████▌   | 95773/145449 [15:27<07:11, 115.19it/s]
 66%|██████▌   | 95785/145449 [15:27<07:07, 116.31it/s]
 66%|██████▌   | 95801/145449 [15:27<06:27, 128.18it/s]
 66%|██████▌   | 95815/145449 [15:27<06:47, 121.82it/s]
 66%|██████▌   | 95829/145449 [15:27<06:56, 119.03it/s]
 66%|██████▌   | 95844/145449 [15:27<06:29, 127.25it/s]
 66%|██████▌   | 95857/145449 [15:27<06:28, 127.79it/s]
 66%|██████▌   | 95870/145449 [15:28<07:11, 114.83it/s]
 66%|██████▌   | 95884/145449 [15:28<06:55, 119.39it/s]
 66%|██████▌   | 95904/145449 [15:28<05:52, 140.73it/s]
 66%|██████▌   | 95919/145449 [15:28<06:11, 133.34it/s]
 66%|██████▌   | 95937/145449 [15:28<05:39, 145.70it/s]
 66%|██████▌   | 95952/145449 [15:28<06:35, 125.10it/s]
 66%|██████▌   | 95966/145449 [15:28<06:35, 125.04it/s]
 66%|██████▌   | 95979/145449 [15:28<06:56, 118.87it/s]
 66%|██████▌   | 95993/145449 [15:28<06:41, 123.15it/s]
 66%|██████▌   | 96006/145449 [15:29<07:29, 110.03it/s]
 66%|██████▌   | 96021/145449 [15:29<06:54, 119.26it/s]
 66%|██████▌   | 96034/145449 [15:29<07:58, 103.26it/s]
 66%|██████▌   | 96045/145449 [15:29<08:17, 99.33it/s] 
 66%|██████▌   | 96058/145449 [15:29<07:48, 105.35it/s]
 66%|██████▌   | 96070/145449 [15:29<07:32, 109.08it/s]
 66%|██████▌   | 96082/145449 [15:29<08:57, 91.88it/s] 
 66%|██████▌   | 96092/145449 [15:30<10:46, 76.33it/s]
 66%|██████▌   | 96105/145449 [15:30<09:21, 87.83it/s]
 66%|██████▌   | 96115/145449 [15:30<09:34, 85.85it/s]
 66%|██████▌   | 96125/145449 [15:30<09:56, 82.72it/s]
 66%|██████▌   | 96134/145449 [15:30<09:47, 83.88it/s]
 66%|██████▌   | 96143/145449 [15:30<09:55, 82.86it/s]
 66%|██████▌   | 96153/145449 [15:30<09:28, 86.71it/s]
 66%|██████▌   | 96166/145449 [15:30<08:32, 96.15it/s]
 66%|██████▌   | 96178/145449 [15:31<08:08, 100.89it/s]
 66%|██████▌   | 96189/145449 [15:31<08:20, 98.38it/s] 
 66%|██████▌   | 96200/145449 [15:31<08:07, 101.11it/s]
 66%|██████▌   | 96211/145449 [15:31<08:00, 102.50it/s]
 66%|██████▌   | 96222/145449 [15:31<07:55, 103.43it/s]
 66%|██████▌   | 96233/145449 [15:31<08:17, 98.93it/s] 
 66%|██████▌   | 96244/145449 [15:31<08:05, 101.25it/s]
 66%|██████▌   | 96255/145449 [15:31<09:08, 89.69it/s] 
 66%|██████▌   | 96265/145449 [15:31<09:05, 90.20it/s]
 66%|██████▌   | 96287/145449 [15:32<06:52, 119.19it/s]
 66%|██████▌   | 96302/145449 [15:32<06:36, 123.89it/s]
 66%|██████▌   | 96315/145449 [15:32<06:47, 120.43it/s]
 66%|██████▌   | 96328/145449 [15:32<06:51, 119.50it/s]
 66%|██████▌   | 96341/145449 [15:32<07:07, 114.96it/s]
 66%|██████▌   | 96353/145449 [15:32<07:34, 108.08it/s]
 66%|██████▋   | 96364/145449 [15:32<08:08, 100.43it/s]
 66%|██████▋   | 96375/145449 [15:32<08:49, 92.66it/s] 
 66%|██████▋   | 96385/145449 [15:33<08:44, 93.62it/s]
 66%|██████▋   | 96395/145449 [15:33<09:17, 87.94it/s]
 66%|██████▋   | 96409/145449 [15:33<08:26, 96.81it/s]
 66%|██████▋   | 96424/145449 [15:33<07:41, 106.15it/s]
 66%|██████▋   | 96436/145449 [15:33<07:26, 109.78it/s]
 66%|██████▋   | 96451/145449 [15:33<06:47, 120.22it/s]
 66%|██████▋   | 96468/145449 [15:33<06:07, 133.29it/s]
 66%|██████▋   | 96484/145449 [15:33<05:52, 138.74it/s]
 66%|██████▋   | 96500/145449 [15:33<05:41, 143.26it/s]
 66%|██████▋   | 96515/145449 [15:34<06:50, 119.29it/s]
 66%|██████▋   | 96528/145449 [15:34<07:20, 111.12it/s]
 66%|██████▋   | 96540/145449 [15:34<08:17, 98.36it/s] 
 66%|██████▋   | 96551/145449 [15:34<09:35, 85.02it/s]
 66%|██████▋   | 96561/145449 [15:34<09:25, 86.39it/s]
 66%|██████▋   | 96572/145449 [15:34<09:04, 89.83it/s]
 66%|██████▋   | 96582/145449 [15:34<08:52, 91.70it/s]
 66%|██████▋   | 96592/145449 [15:35<10:12, 79.79it/s]
 66%|██████▋   | 96605/145449 [15:35<08:55, 91.19it/s]
 66%|██████▋   | 96616/145449 [15:35<08:39, 94.00it/s]
 66%|██████▋   | 96626/145449 [15:35<08:38, 94.12it/s]
 66%|██████▋   | 96641/145449 [15:35<07:31, 108.06it/s]
 66%|██████▋   | 96653/145449 [15:35<09:46, 83.18it/s] 
 66%|██████▋   | 96663/145449 [15:35<10:26, 77.82it/s]
 66%|██████▋   | 96672/145449 [15:35<11:03, 73.51it/s]
 66%|██████▋   | 96680/145449 [15:36<11:55, 68.18it/s]
 66%|██████▋   | 96688/145449 [15:36<11:39, 69.73it/s]
 66%|██████▋   | 96697/145449 [15:36<10:55, 74.41it/s]
 66%|██████▋   | 96705/145449 [15:36<11:23, 71.36it/s]
 66%|██████▋   | 96715/145449 [15:36<10:22, 78.30it/s]
 67%|██████▋   | 96732/145449 [15:36<08:04, 100.53it/s]
 67%|██████▋   | 96746/145449 [15:36<07:24, 109.49it/s]
 67%|██████▋   | 96758/145449 [15:36<07:44, 104.82it/s]
 67%|██████▋   | 96769/145449 [15:37<08:00, 101.31it/s]
 67%|██████▋   | 96780/145449 [15:37<08:37, 94.12it/s] 
 67%|██████▋   | 96792/145449 [15:37<08:03, 100.61it/s]
 67%|██████▋   | 96803/145449 [15:37<08:24, 96.49it/s] 
 67%|██████▋   | 96813/145449 [15:37<08:37, 94.02it/s]
 67%|██████▋   | 96823/145449 [15:37<08:31, 95.03it/s]
 67%|██████▋   | 96833/145449 [15:37<09:13, 87.90it/s]
 67%|██████▋   | 96842/145449 [15:37<10:18, 78.60it/s]
 67%|██████▋   | 96851/145449 [15:38<10:58, 73.81it/s]
 67%|██████▋   | 96862/145449 [15:38<09:52, 82.02it/s]
 67%|██████▋   | 96875/145449 [15:38<09:00, 89.88it/s]
 67%|██████▋   | 96886/145449 [15:38<09:19, 86.81it/s]
 67%|██████▋   | 96896/145449 [15:38<09:01, 89.66it/s]
 67%|██████▋   | 96914/145449 [15:38<07:07, 113.53it/s]
 67%|██████▋   | 96933/145449 [15:38<06:01, 134.30it/s]
 67%|██████▋   | 96947/145449 [15:38<05:57, 135.69it/s]
 67%|██████▋   | 96967/145449 [15:38<05:21, 150.58it/s]
 67%|██████▋   | 96983/145449 [15:39<06:36, 122.32it/s]
 67%|██████▋   | 96997/145449 [15:39<07:20, 109.97it/s]
 67%|██████▋   | 97009/145449 [15:39<07:28, 108.11it/s]
 67%|██████▋   | 97021/145449 [15:39<07:26, 108.54it/s]
 67%|██████▋   | 97033/145449 [15:39<10:08, 79.60it/s] 
 67%|██████▋   | 97050/145449 [15:39<08:26, 95.65it/s]
 67%|██████▋   | 97062/145449 [15:39<09:09, 88.04it/s]
 67%|██████▋   | 97075/145449 [15:40<08:46, 91.87it/s]
 67%|██████▋   | 97090/145449 [15:40<07:40, 104.95it/s]
 67%|██████▋   | 97104/145449 [15:40<07:07, 113.00it/s]
 67%|██████▋   | 97119/145449 [15:40<06:34, 122.43it/s]
 67%|██████▋   | 97132/145449 [15:40<06:42, 119.91it/s]
 67%|██████▋   | 97150/145449 [15:40<05:55, 135.82it/s]
 67%|██████▋   | 97165/145449 [15:40<05:48, 138.51it/s]
 67%|██████▋   | 97180/145449 [15:40<07:37, 105.54it/s]
 67%|██████▋   | 97192/145449 [15:41<07:41, 104.58it/s]
 67%|██████▋   | 97204/145449 [15:41<08:28, 94.93it/s] 
 67%|██████▋   | 97215/145449 [15:41<09:42, 82.75it/s]
 67%|██████▋   | 97229/145449 [15:41<08:31, 94.26it/s]
 67%|██████▋   | 97240/145449 [15:41<09:50, 81.65it/s]
 67%|██████▋   | 97253/145449 [15:41<08:45, 91.65it/s]
 67%|██████▋   | 97264/145449 [15:41<08:32, 93.97it/s]
 67%|██████▋   | 97275/145449 [15:42<08:29, 94.53it/s]
 67%|██████▋   | 97285/145449 [15:42<08:38, 92.86it/s]
 67%|██████▋   | 97296/145449 [15:42<08:17, 96.76it/s]
 67%|██████▋   | 97307/145449 [15:42<08:22, 95.87it/s]
 67%|██████▋   | 97317/145449 [15:42<08:53, 90.27it/s]
 67%|██████▋   | 97332/145449 [15:42<07:35, 105.60it/s]
 67%|██████▋   | 97343/145449 [15:42<09:26, 84.90it/s] 
 67%|██████▋   | 97353/145449 [15:42<09:12, 86.98it/s]
 67%|██████▋   | 97366/145449 [15:43<08:17, 96.58it/s]
 67%|██████▋   | 97384/145449 [15:43<06:47, 117.94it/s]
 67%|██████▋   | 97398/145449 [15:43<06:29, 123.46it/s]
 67%|██████▋   | 97420/145449 [15:43<05:22, 148.70it/s]
 67%|██████▋   | 97437/145449 [15:43<05:11, 154.20it/s]
 67%|██████▋   | 97453/145449 [15:43<05:16, 151.84it/s]
 67%|██████▋   | 97469/145449 [15:43<06:00, 133.15it/s]
 67%|██████▋   | 97485/145449 [15:43<05:53, 135.85it/s]
 67%|██████▋   | 97500/145449 [15:43<06:58, 114.44it/s]
 67%|██████▋   | 97514/145449 [15:44<06:47, 117.65it/s]
 67%|██████▋   | 97527/145449 [15:44<06:55, 115.47it/s]
 67%|██████▋   | 97539/145449 [15:44<07:26, 107.25it/s]
 67%|██████▋   | 97551/145449 [15:44<09:29, 84.09it/s] 
 67%|██████▋   | 97561/145449 [15:44<09:37, 82.99it/s]
 67%|██████▋   | 97580/145449 [15:44<07:28, 106.72it/s]
 67%|██████▋   | 97592/145449 [15:44<08:48, 90.60it/s] 
 67%|██████▋   | 97603/145449 [15:45<09:10, 86.98it/s]
 67%|██████▋   | 97613/145449 [15:45<09:01, 88.27it/s]
 67%|██████▋   | 97630/145449 [15:45<07:36, 104.85it/s]
 67%|██████▋   | 97642/145449 [15:45<07:35, 105.05it/s]
 67%|██████▋   | 97658/145449 [15:45<06:47, 117.14it/s]
 67%|██████▋   | 97671/145449 [15:45<08:35, 92.61it/s] 
 67%|██████▋   | 97685/145449 [15:45<07:54, 100.67it/s]
 67%|██████▋   | 97697/145449 [15:46<08:08, 97.70it/s] 
 67%|██████▋   | 97708/145449 [15:46<08:24, 94.56it/s]
 67%|██████▋   | 97722/145449 [15:46<07:36, 104.61it/s]
 67%|██████▋   | 97735/145449 [15:46<07:14, 109.90it/s]
 67%|██████▋   | 97747/145449 [15:46<07:29, 106.18it/s]
 67%|██████▋   | 97758/145449 [15:46<08:19, 95.49it/s] 
 67%|██████▋   | 97772/145449 [15:46<07:27, 106.49it/s]
 67%|██████▋   | 97784/145449 [15:46<08:45, 90.70it/s] 
 67%|██████▋   | 97797/145449 [15:47<07:56, 100.02it/s]
 67%|██████▋   | 97808/145449 [15:47<09:31, 83.33it/s] 
 67%|██████▋   | 97818/145449 [15:47<09:56, 79.87it/s]
 67%|██████▋   | 97827/145449 [15:47<10:05, 78.61it/s]
 67%|██████▋   | 97836/145449 [15:47<09:49, 80.77it/s]
 67%|██████▋   | 97845/145449 [15:47<10:50, 73.21it/s]
 67%|██████▋   | 97856/145449 [15:47<09:56, 79.80it/s]
 67%|██████▋   | 97865/145449 [15:47<10:03, 78.84it/s]
 67%|██████▋   | 97885/145449 [15:48<07:13, 109.68it/s]
 67%|██████▋   | 97902/145449 [15:48<06:19, 125.27it/s]
 67%|██████▋   | 97920/145449 [15:48<05:43, 138.31it/s]
 67%|██████▋   | 97935/145449 [15:48<07:05, 111.62it/s]
 67%|██████▋   | 97948/145449 [15:48<08:05, 97.92it/s] 
 67%|██████▋   | 97959/145449 [15:48<08:01, 98.71it/s]
 67%|██████▋   | 97970/145449 [15:48<08:37, 91.74it/s]
 67%|██████▋   | 97980/145449 [15:48<08:31, 92.78it/s]
 67%|██████▋   | 97994/145449 [15:49<07:48, 101.32it/s]
 67%|██████▋   | 98005/145449 [15:49<08:31, 92.84it/s] 
 67%|██████▋   | 98020/145449 [15:49<07:23, 106.97it/s]
 67%|██████▋   | 98032/145449 [15:49<07:52, 100.35it/s]
 67%|██████▋   | 98043/145449 [15:49<08:44, 90.42it/s] 
 67%|██████▋   | 98054/145449 [15:49<08:22, 94.25it/s]
 67%|██████▋   | 98064/145449 [15:49<08:36, 91.68it/s]
 67%|██████▋   | 98078/145449 [15:49<08:01, 98.28it/s]
 67%|██████▋   | 98089/145449 [15:50<09:05, 86.78it/s]
 67%|██████▋   | 98099/145449 [15:50<09:26, 83.58it/s]
 67%|██████▋   | 98110/145449 [15:50<09:00, 87.52it/s]
 67%|██████▋   | 98121/145449 [15:50<08:38, 91.34it/s]
 67%|██████▋   | 98131/145449 [15:50<08:48, 89.51it/s]
 67%|██████▋   | 98148/145449 [15:50<07:21, 107.21it/s]
 67%|██████▋   | 98166/145449 [15:50<06:17, 125.27it/s]
 68%|██████▊   | 98179/145449 [15:50<07:21, 106.96it/s]
 68%|██████▊   | 98191/145449 [15:51<09:19, 84.45it/s] 
 68%|██████▊   | 98203/145449 [15:51<08:51, 88.87it/s]
 68%|██████▊   | 98213/145449 [15:51<09:19, 84.37it/s]
 68%|██████▊   | 98227/145449 [15:51<08:05, 97.20it/s]
 68%|██████▊   | 98238/145449 [15:51<08:25, 93.43it/s]
 68%|██████▊   | 98250/145449 [15:51<07:53, 99.73it/s]
 68%|██████▊   | 98261/145449 [15:51<07:57, 98.79it/s]
 68%|██████▊   | 98272/145449 [15:52<08:53, 88.40it/s]
 68%|██████▊   | 98289/145449 [15:52<07:24, 106.05it/s]
 68%|██████▊   | 98303/145449 [15:52<06:58, 112.68it/s]
 68%|██████▊   | 98315/145449 [15:52<07:03, 111.27it/s]
 68%|██████▊   | 98336/145449 [15:52<05:43, 137.25it/s]
 68%|██████▊   | 98351/145449 [15:52<05:54, 132.94it/s]
 68%|██████▊   | 98373/145449 [15:52<05:02, 155.73it/s]
 68%|██████▊   | 98390/145449 [15:52<05:21, 146.38it/s]
 68%|██████▊   | 98406/145449 [15:52<05:27, 143.81it/s]
 68%|██████▊   | 98421/145449 [15:53<06:08, 127.73it/s]
 68%|██████▊   | 98438/145449 [15:53<05:40, 137.91it/s]
 68%|██████▊   | 98453/145449 [15:53<06:11, 126.46it/s]
 68%|██████▊   | 98467/145449 [15:53<06:03, 129.15it/s]
 68%|██████▊   | 98481/145449 [15:53<06:28, 120.78it/s]
 68%|██████▊   | 98496/145449 [15:53<06:07, 127.76it/s]
 68%|██████▊   | 98510/145449 [15:53<06:12, 126.11it/s]
 68%|██████▊   | 98523/145449 [15:53<06:16, 124.60it/s]
 68%|██████▊   | 98536/145449 [15:54<06:29, 120.46it/s]
 68%|██████▊   | 98549/145449 [15:54<06:43, 116.27it/s]
 68%|██████▊   | 98563/145449 [15:54<06:37, 117.86it/s]
 68%|██████▊   | 98578/145449 [15:54<06:15, 124.70it/s]
 68%|██████▊   | 98591/145449 [15:54<06:22, 122.64it/s]
 68%|██████▊   | 98604/145449 [15:54<06:52, 113.64it/s]
 68%|██████▊   | 98616/145449 [15:54<06:57, 112.13it/s]
 68%|██████▊   | 98628/145449 [15:54<06:59, 111.58it/s]
 68%|██████▊   | 98640/145449 [15:55<08:09, 95.70it/s] 
 68%|██████▊   | 98652/145449 [15:55<07:41, 101.44it/s]
 68%|██████▊   | 98663/145449 [15:55<07:39, 101.92it/s]
 68%|██████▊   | 98674/145449 [15:55<08:41, 89.72it/s] 
 68%|██████▊   | 98684/145449 [15:55<09:09, 85.09it/s]
 68%|██████▊   | 98695/145449 [15:55<08:56, 87.15it/s]
 68%|██████▊   | 98704/145449 [15:55<10:00, 77.90it/s]
 68%|██████▊   | 98713/145449 [15:55<10:16, 75.82it/s]
 68%|██████▊   | 98724/145449 [15:56<09:15, 84.06it/s]
 68%|██████▊   | 98743/145449 [15:56<07:16, 106.96it/s]
 68%|██████▊   | 98754/145449 [15:56<07:55, 98.22it/s] 
 68%|██████▊   | 98770/145449 [15:56<06:56, 112.12it/s]
 68%|██████▊   | 98784/145449 [15:56<06:33, 118.54it/s]
 68%|██████▊   | 98804/145449 [15:56<05:32, 140.10it/s]
 68%|██████▊   | 98819/145449 [15:56<05:43, 135.92it/s]
 68%|██████▊   | 98836/145449 [15:56<05:24, 143.53it/s]
 68%|██████▊   | 98855/145449 [15:56<05:04, 153.16it/s]
 68%|██████▊   | 98871/145449 [15:57<05:35, 138.90it/s]
 68%|██████▊   | 98886/145449 [15:57<06:14, 124.20it/s]
 68%|██████▊   | 98899/145449 [15:57<06:30, 119.14it/s]
 68%|██████▊   | 98912/145449 [15:57<06:32, 118.44it/s]
 68%|██████▊   | 98925/145449 [15:57<07:46, 99.70it/s] 
 68%|██████▊   | 98936/145449 [15:57<08:04, 96.09it/s]
 68%|██████▊   | 98950/145449 [15:57<07:28, 103.78it/s]
 68%|██████▊   | 98961/145449 [15:57<07:30, 103.28it/s]
 68%|██████▊   | 98972/145449 [15:58<07:36, 101.87it/s]
 68%|██████▊   | 98987/145449 [15:58<06:59, 110.62it/s]
 68%|██████▊   | 99003/145449 [15:58<06:18, 122.83it/s]
 68%|██████▊   | 99018/145449 [15:58<06:04, 127.27it/s]
 68%|██████▊   | 99035/145449 [15:58<05:46, 133.84it/s]
 68%|██████▊   | 99049/145449 [15:58<06:08, 125.80it/s]
 68%|██████▊   | 99062/145449 [15:58<06:10, 125.21it/s]
 68%|██████▊   | 99079/145449 [15:58<05:38, 136.90it/s]
 68%|██████▊   | 99099/145449 [15:58<05:00, 154.22it/s]
 68%|██████▊   | 99118/145449 [15:59<04:42, 163.93it/s]
 68%|██████▊   | 99135/145449 [15:59<04:52, 158.51it/s]
 68%|██████▊   | 99152/145449 [15:59<05:04, 152.05it/s]
 68%|██████▊   | 99168/145449 [15:59<05:01, 153.30it/s]
 68%|██████▊   | 99184/145449 [15:59<05:25, 142.31it/s]
 68%|██████▊   | 99199/145449 [15:59<05:24, 142.32it/s]
 68%|██████▊   | 99214/145449 [15:59<06:45, 114.01it/s]
 68%|██████▊   | 99227/145449 [15:59<07:07, 108.25it/s]
 68%|██████▊   | 99239/145449 [16:00<07:24, 103.87it/s]
 68%|██████▊   | 99250/145449 [16:00<07:25, 103.70it/s]
 68%|██████▊   | 99262/145449 [16:00<07:12, 106.75it/s]
 68%|██████▊   | 99279/145449 [16:00<06:15, 122.82it/s]
 68%|██████▊   | 99292/145449 [16:00<06:11, 124.15it/s]
 68%|██████▊   | 99305/145449 [16:00<06:54, 111.37it/s]
 68%|██████▊   | 99317/145449 [16:00<07:41, 99.91it/s] 
 68%|██████▊   | 99328/145449 [16:00<07:43, 99.61it/s]
 68%|██████▊   | 99344/145449 [16:01<06:50, 112.35it/s]
 68%|██████▊   | 99358/145449 [16:01<06:30, 118.16it/s]
 68%|██████▊   | 99371/145449 [16:01<06:27, 118.76it/s]
 68%|██████▊   | 99384/145449 [16:01<06:22, 120.33it/s]
 68%|██████▊   | 99397/145449 [16:01<06:24, 119.71it/s]
 68%|██████▊   | 99410/145449 [16:01<06:29, 118.22it/s]
 68%|██████▊   | 99424/145449 [16:01<06:29, 118.10it/s]
 68%|██████▊   | 99436/145449 [16:01<07:00, 109.50it/s]
 68%|██████▊   | 99448/145449 [16:02<09:10, 83.56it/s] 
 68%|██████▊   | 99458/145449 [16:02<08:59, 85.26it/s]
 68%|██████▊   | 99471/145449 [16:02<08:12, 93.34it/s]
 68%|██████▊   | 99481/145449 [16:02<08:31, 89.81it/s]
 68%|██████▊   | 99491/145449 [16:02<10:00, 76.49it/s]
 68%|██████▊   | 99503/145449 [16:02<09:13, 82.97it/s]
 68%|██████▊   | 99514/145449 [16:02<08:35, 89.14it/s]
 68%|██████▊   | 99524/145449 [16:02<08:26, 90.74it/s]
 68%|██████▊   | 99536/145449 [16:03<07:51, 97.44it/s]
 68%|██████▊   | 99547/145449 [16:03<08:39, 88.44it/s]
 68%|██████▊   | 99557/145449 [16:03<09:11, 83.19it/s]
 68%|██████▊   | 99568/145449 [16:03<08:33, 89.30it/s]
 68%|██████▊   | 99578/145449 [16:03<08:57, 85.27it/s]
 68%|██████▊   | 99588/145449 [16:03<09:02, 84.60it/s]
 68%|██████▊   | 99597/145449 [16:03<09:06, 83.97it/s]
 68%|██████▊   | 99607/145449 [16:03<08:48, 86.77it/s]
 68%|██████▊   | 99616/145449 [16:04<09:30, 80.27it/s]
 68%|██████▊   | 99631/145449 [16:04<07:47, 98.08it/s]
 69%|██████▊   | 99642/145449 [16:04<08:54, 85.67it/s]
 69%|██████▊   | 99652/145449 [16:04<09:33, 79.89it/s]
 69%|██████▊   | 99669/145449 [16:04<07:40, 99.34it/s]
 69%|██████▊   | 99680/145449 [16:04<07:42, 98.98it/s]
 69%|██████▊   | 99691/145449 [16:04<07:48, 97.63it/s]
 69%|██████▊   | 99709/145449 [16:04<06:26, 118.21it/s]
 69%|██████▊   | 99727/145449 [16:04<05:40, 134.18it/s]
 69%|██████▊   | 99743/145449 [16:05<05:27, 139.65it/s]
 69%|██████▊   | 99760/145449 [16:05<05:09, 147.54it/s]
 69%|██████▊   | 99778/145449 [16:05<04:54, 154.97it/s]
 69%|██████▊   | 99794/145449 [16:05<06:13, 122.26it/s]
 69%|██████▊   | 99808/145449 [16:05<07:17, 104.33it/s]
 69%|██████▊   | 99820/145449 [16:05<07:30, 101.24it/s]
 69%|██████▊   | 99831/145449 [16:05<07:26, 102.18it/s]
 69%|██████▊   | 99842/145449 [16:05<07:18, 104.05it/s]
 69%|██████▊   | 99853/145449 [16:06<07:57, 95.52it/s] 
 69%|██████▊   | 99864/145449 [16:06<08:05, 93.94it/s]
 69%|██████▊   | 99876/145449 [16:06<08:10, 92.94it/s]
 69%|██████▊   | 99886/145449 [16:06<08:16, 91.77it/s]
 69%|██████▊   | 99901/145449 [16:06<07:13, 105.08it/s]
 69%|██████▊   | 99912/145449 [16:06<07:45, 97.79it/s] 
 69%|██████▊   | 99928/145449 [16:06<07:02, 107.62it/s]
 69%|██████▊   | 99939/145449 [16:07<07:42, 98.41it/s] 
 69%|██████▊   | 99950/145449 [16:07<08:20, 90.98it/s]
 69%|██████▊   | 99960/145449 [16:07<09:45, 77.66it/s]
 69%|██████▊   | 99969/145449 [16:07<09:34, 79.22it/s]
 69%|██████▊   | 99978/145449 [16:07<10:11, 74.31it/s]
 69%|██████▊   | 99986/145449 [16:07<10:18, 73.45it/s]
 69%|██████▉   | 100002/145449 [16:07<07:59, 94.74it/s]
 69%|██████▉   | 100015/145449 [16:07<07:27, 101.48it/s]
 69%|██████▉   | 100026/145449 [16:08<07:19, 103.35it/s]
 69%|██████▉   | 100037/145449 [16:08<07:22, 102.74it/s]
 69%|██████▉   | 100050/145449 [16:08<06:52, 110.15it/s]
 69%|██████▉   | 100062/145449 [16:08<07:14, 104.43it/s]
 69%|██████▉   | 100074/145449 [16:08<07:01, 107.55it/s]
 69%|██████▉   | 100088/145449 [16:08<06:30, 116.29it/s]
 69%|██████▉   | 100100/145449 [16:08<07:29, 100.86it/s]
 69%|██████▉   | 100111/145449 [16:08<07:23, 102.15it/s]
 69%|██████▉   | 100125/145449 [16:08<06:44, 112.12it/s]
 69%|██████▉   | 100137/145449 [16:09<06:49, 110.57it/s]
 69%|██████▉   | 100149/145449 [16:09<08:31, 88.60it/s] 
 69%|██████▉   | 100160/145449 [16:09<08:10, 92.34it/s]
 69%|██████▉   | 100170/145449 [16:09<08:50, 85.36it/s]
 69%|██████▉   | 100180/145449 [16:09<10:06, 74.60it/s]
 69%|██████▉   | 100189/145449 [16:09<10:17, 73.26it/s]
 69%|██████▉   | 100197/145449 [16:09<10:35, 71.18it/s]
 69%|██████▉   | 100206/145449 [16:10<10:10, 74.08it/s]
 69%|██████▉   | 100215/145449 [16:10<09:39, 78.03it/s]
 69%|██████▉   | 100224/145449 [16:10<09:29, 79.35it/s]
 69%|██████▉   | 100233/145449 [16:10<09:53, 76.16it/s]
 69%|██████▉   | 100243/145449 [16:10<09:21, 80.48it/s]
 69%|██████▉   | 100252/145449 [16:10<11:24, 66.05it/s]
 69%|██████▉   | 100260/145449 [16:10<10:59, 68.55it/s]
 69%|██████▉   | 100269/145449 [16:10<10:12, 73.71it/s]
 69%|██████▉   | 100277/145449 [16:10<10:19, 72.87it/s]
 69%|██████▉   | 100285/145449 [16:11<10:28, 71.81it/s]
 69%|██████▉   | 100293/145449 [16:11<10:22, 72.57it/s]
 69%|██████▉   | 100315/145449 [16:11<06:45, 111.22it/s]
 69%|██████▉   | 100330/145449 [16:11<06:21, 118.39it/s]
 69%|██████▉   | 100343/145449 [16:11<06:41, 112.34it/s]
 69%|██████▉   | 100355/145449 [16:11<06:56, 108.19it/s]
 69%|██████▉   | 100372/145449 [16:11<06:07, 122.73it/s]
 69%|██████▉   | 100385/145449 [16:11<06:25, 116.87it/s]
 69%|██████▉   | 100397/145449 [16:12<06:38, 113.05it/s]
 69%|██████▉   | 100409/145449 [16:12<07:06, 105.51it/s]
 69%|██████▉   | 100420/145449 [16:12<07:59, 93.90it/s] 
 69%|██████▉   | 100430/145449 [16:12<07:55, 94.58it/s]
 69%|██████▉   | 100446/145449 [16:12<06:45, 110.89it/s]
 69%|██████▉   | 100458/145449 [16:12<07:07, 105.35it/s]
 69%|██████▉   | 100469/145449 [16:12<07:09, 104.82it/s]
 69%|██████▉   | 100482/145449 [16:12<06:48, 110.11it/s]
 69%|██████▉   | 100495/145449 [16:12<06:33, 114.14it/s]
 69%|██████▉   | 100507/145449 [16:13<07:19, 102.28it/s]
 69%|██████▉   | 100519/145449 [16:13<07:19, 102.18it/s]
 69%|██████▉   | 100530/145449 [16:13<07:43, 96.83it/s] 
 69%|██████▉   | 100542/145449 [16:13<08:03, 92.84it/s]
 69%|██████▉   | 100555/145449 [16:13<07:24, 101.07it/s]
 69%|██████▉   | 100570/145449 [16:13<06:36, 113.19it/s]
 69%|██████▉   | 100588/145449 [16:13<05:47, 129.05it/s]
 69%|██████▉   | 100607/145449 [16:13<05:12, 143.48it/s]
 69%|██████▉   | 100623/145449 [16:14<05:14, 142.32it/s]
 69%|██████▉   | 100638/145449 [16:14<05:14, 142.34it/s]
 69%|██████▉   | 100653/145449 [16:14<06:18, 118.32it/s]
 69%|██████▉   | 100666/145449 [16:14<07:24, 100.76it/s]
 69%|██████▉   | 100677/145449 [16:14<08:07, 91.76it/s] 
 69%|██████▉   | 100691/145449 [16:14<07:32, 98.94it/s]
 69%|██████▉   | 100702/145449 [16:14<07:27, 100.00it/s]
 69%|██████▉   | 100713/145449 [16:14<08:00, 93.16it/s] 
 69%|██████▉   | 100728/145449 [16:15<07:02, 105.86it/s]
 69%|██████▉   | 100742/145449 [16:15<06:30, 114.53it/s]
 69%|██████▉   | 100754/145449 [16:15<06:28, 114.95it/s]
 69%|██████▉   | 100775/145449 [16:15<05:26, 136.98it/s]
 69%|██████▉   | 100789/145449 [16:15<05:57, 124.97it/s]
 69%|██████▉   | 100802/145449 [16:15<06:46, 109.89it/s]
 69%|██████▉   | 100814/145449 [16:15<07:45, 95.90it/s] 
 69%|██████▉   | 100825/145449 [16:16<08:26, 88.05it/s]
 69%|██████▉   | 100835/145449 [16:16<08:32, 87.00it/s]
 69%|██████▉   | 100846/145449 [16:16<08:16, 89.77it/s]
 69%|██████▉   | 100856/145449 [16:16<08:04, 91.97it/s]
 69%|██████▉   | 100869/145449 [16:16<07:21, 100.86it/s]
 69%|██████▉   | 100882/145449 [16:16<06:50, 108.69it/s]
 69%|██████▉   | 100894/145449 [16:16<07:31, 98.67it/s] 
 69%|██████▉   | 100905/145449 [16:16<07:58, 93.08it/s]
 69%|██████▉   | 100916/145449 [16:16<07:39, 96.95it/s]
 69%|██████▉   | 100926/145449 [16:17<07:43, 96.13it/s]
 69%|██████▉   | 100936/145449 [16:17<08:24, 88.16it/s]
 69%|██████▉   | 100948/145449 [16:17<07:53, 93.96it/s]
 69%|██████▉   | 100958/145449 [16:17<08:26, 87.90it/s]
 69%|██████▉   | 100969/145449 [16:17<08:02, 92.20it/s]
 69%|██████▉   | 100981/145449 [16:17<07:28, 99.08it/s]
 69%|██████▉   | 100993/145449 [16:17<07:05, 104.56it/s]
 69%|██████▉   | 101008/145449 [16:17<06:30, 113.79it/s]
 69%|██████▉   | 101020/145449 [16:18<07:45, 95.52it/s] 
 69%|██████▉   | 101031/145449 [16:18<08:14, 89.76it/s]
 69%|██████▉   | 101041/145449 [16:18<08:19, 88.85it/s]
 69%|██████▉   | 101059/145449 [16:18<06:47, 108.91it/s]
 69%|██████▉   | 101071/145449 [16:18<06:46, 109.24it/s]
 69%|██████▉   | 101084/145449 [16:18<06:28, 114.26it/s]
 70%|██████▉   | 101099/145449 [16:18<06:10, 119.79it/s]
 70%|██████▉   | 101112/145449 [16:18<06:27, 114.56it/s]
 70%|██████▉   | 101124/145449 [16:18<06:37, 111.45it/s]
 70%|██████▉   | 101140/145449 [16:19<05:57, 123.79it/s]
 70%|██████▉   | 101153/145449 [16:19<06:15, 118.01it/s]
 70%|██████▉   | 101169/145449 [16:19<05:58, 123.65it/s]
 70%|██████▉   | 101182/145449 [16:19<06:22, 115.72it/s]
 70%|██████▉   | 101194/145449 [16:19<07:09, 102.93it/s]
 70%|██████▉   | 101205/145449 [16:19<07:19, 100.57it/s]
 70%|██████▉   | 101216/145449 [16:19<08:07, 90.76it/s] 
 70%|██████▉   | 101232/145449 [16:19<07:03, 104.42it/s]
 70%|██████▉   | 101243/145449 [16:20<07:02, 104.53it/s]
 70%|██████▉   | 101255/145449 [16:20<06:54, 106.65it/s]
 70%|██████▉   | 101267/145449 [16:20<06:48, 108.16it/s]
 70%|██████▉   | 101278/145449 [16:20<06:50, 107.56it/s]
 70%|██████▉   | 101293/145449 [16:20<06:10, 119.19it/s]
 70%|██████▉   | 101306/145449 [16:20<06:10, 119.30it/s]
 70%|██████▉   | 101321/145449 [16:20<05:48, 126.64it/s]
 70%|██████▉   | 101335/145449 [16:20<06:05, 120.73it/s]
 70%|██████▉   | 101351/145449 [16:20<05:40, 129.38it/s]
 70%|██████▉   | 101365/145449 [16:21<05:35, 131.26it/s]
 70%|██████▉   | 101380/145449 [16:21<05:28, 134.01it/s]
 70%|██████▉   | 101396/145449 [16:21<05:11, 141.31it/s]
 70%|██████▉   | 101412/145449 [16:21<05:11, 141.29it/s]
 70%|██████▉   | 101433/145449 [16:21<04:33, 160.70it/s]
 70%|██████▉   | 101450/145449 [16:21<05:15, 139.41it/s]
 70%|██████▉   | 101465/145449 [16:21<05:21, 136.65it/s]
 70%|██████▉   | 101480/145449 [16:21<06:25, 114.02it/s]
 70%|██████▉   | 101498/145449 [16:22<05:41, 128.74it/s]
 70%|██████▉   | 101512/145449 [16:22<05:38, 129.98it/s]
 70%|██████▉   | 101526/145449 [16:22<07:24, 98.89it/s] 
 70%|██████▉   | 101538/145449 [16:22<07:22, 99.29it/s]
 70%|██████▉   | 101553/145449 [16:22<06:52, 106.42it/s]
 70%|██████▉   | 101572/145449 [16:22<05:55, 123.50it/s]
 70%|██████▉   | 101586/145449 [16:22<07:08, 102.43it/s]
 70%|██████▉   | 101600/145449 [16:23<06:38, 110.17it/s]
 70%|██████▉   | 101613/145449 [16:23<07:13, 101.01it/s]
 70%|██████▉   | 101624/145449 [16:23<08:42, 83.91it/s] 
 70%|██████▉   | 101637/145449 [16:23<07:50, 93.19it/s]
 70%|██████▉   | 101648/145449 [16:23<08:22, 87.19it/s]
 70%|██████▉   | 101658/145449 [16:23<08:11, 89.06it/s]
 70%|██████▉   | 101670/145449 [16:23<07:39, 95.18it/s]
 70%|██████▉   | 101681/145449 [16:23<07:37, 95.69it/s]
 70%|██████▉   | 101701/145449 [16:24<06:01, 120.93it/s]
 70%|██████▉   | 101719/145449 [16:24<05:25, 134.37it/s]
 70%|██████▉   | 101733/145449 [16:24<06:00, 121.42it/s]
 70%|██████▉   | 101746/145449 [16:24<05:56, 122.61it/s]
 70%|██████▉   | 101759/145449 [16:24<05:54, 123.13it/s]
 70%|██████▉   | 101772/145449 [16:24<06:02, 120.44it/s]
 70%|██████▉   | 101788/145449 [16:24<05:35, 130.33it/s]
 70%|██████▉   | 101802/145449 [16:24<06:38, 109.58it/s]
 70%|██████▉   | 101814/145449 [16:25<07:14, 100.53it/s]
 70%|███████   | 101833/145449 [16:25<05:57, 121.86it/s]
 70%|███████   | 101847/145449 [16:25<06:09, 117.94it/s]
 70%|███████   | 101860/145449 [16:25<06:43, 107.94it/s]
 70%|███████   | 101872/145449 [16:25<07:26, 97.63it/s] 
 70%|███████   | 101883/145449 [16:25<08:49, 82.34it/s]
 70%|███████   | 101894/145449 [16:25<08:26, 85.94it/s]
 70%|███████   | 101911/145449 [16:26<07:04, 102.62it/s]
 70%|███████   | 101923/145449 [16:26<06:48, 106.58it/s]
 70%|███████   | 101935/145449 [16:26<07:09, 101.31it/s]
 70%|███████   | 101946/145449 [16:26<08:33, 84.68it/s] 
 70%|███████   | 101956/145449 [16:26<08:21, 86.79it/s]
 70%|███████   | 101966/145449 [16:26<08:30, 85.21it/s]
 70%|███████   | 101977/145449 [16:26<07:57, 91.05it/s]
 70%|███████   | 101987/145449 [16:26<08:07, 89.13it/s]
 70%|███████   | 101997/145449 [16:27<08:57, 80.85it/s]
 70%|███████   | 102009/145449 [16:27<08:03, 89.89it/s]
 70%|███████   | 102022/145449 [16:27<07:17, 99.37it/s]
 70%|███████   | 102035/145449 [16:27<06:49, 106.06it/s]
 70%|███████   | 102048/145449 [16:27<06:29, 111.50it/s]
 70%|███████   | 102060/145449 [16:27<07:29, 96.62it/s] 
 70%|███████   | 102072/145449 [16:27<07:17, 99.07it/s]
 70%|███████   | 102083/145449 [16:27<07:10, 100.63it/s]
 70%|███████   | 102097/145449 [16:27<06:33, 110.20it/s]
 70%|███████   | 102110/145449 [16:28<06:19, 114.14it/s]
 70%|███████   | 102122/145449 [16:28<07:54, 91.27it/s] 
 70%|███████   | 102134/145449 [16:28<07:31, 95.97it/s]
 70%|███████   | 102148/145449 [16:28<07:02, 102.39it/s]
 70%|███████   | 102159/145449 [16:28<07:24, 97.43it/s] 
 70%|███████   | 102171/145449 [16:28<07:14, 99.71it/s]
 70%|███████   | 102182/145449 [16:28<07:04, 101.81it/s]
 70%|███████   | 102193/145449 [16:28<08:11, 87.97it/s] 
 70%|███████   | 102205/145449 [16:29<07:32, 95.59it/s]
 70%|███████   | 102217/145449 [16:29<07:04, 101.77it/s]
 70%|███████   | 102232/145449 [16:29<06:17, 114.45it/s]
 70%|███████   | 102244/145449 [16:29<06:59, 103.05it/s]
 70%|███████   | 102255/145449 [16:29<08:22, 85.89it/s] 
 70%|███████   | 102265/145449 [16:29<08:19, 86.45it/s]
 70%|███████   | 102276/145449 [16:29<07:53, 91.11it/s]
 70%|███████   | 102288/145449 [16:29<08:20, 86.31it/s]
 70%|███████   | 102298/145449 [16:30<08:25, 85.30it/s]
 70%|███████   | 102311/145449 [16:30<07:29, 95.87it/s]
 70%|███████   | 102325/145449 [16:30<06:59, 102.92it/s]
 70%|███████   | 102339/145449 [16:30<06:23, 112.54it/s]
 70%|███████   | 102351/145449 [16:30<06:31, 110.07it/s]
 70%|███████   | 102363/145449 [16:30<07:10, 100.03it/s]
 70%|███████   | 102377/145449 [16:30<06:56, 103.38it/s]
 70%|███████   | 102390/145449 [16:30<06:31, 110.12it/s]
 70%|███████   | 102406/145449 [16:31<05:50, 122.81it/s]
 70%|███████   | 102419/145449 [16:31<06:57, 103.18it/s]
 70%|███████   | 102431/145449 [16:31<06:50, 104.89it/s]
 70%|███████   | 102443/145449 [16:31<06:51, 104.44it/s]
 70%|███████   | 102454/145449 [16:31<07:00, 102.32it/s]
 70%|███████   | 102469/145449 [16:31<06:15, 114.34it/s]
 70%|███████   | 102484/145449 [16:31<05:47, 123.77it/s]
 70%|███████   | 102497/145449 [16:31<05:59, 119.48it/s]
 70%|███████   | 102510/145449 [16:31<06:19, 113.25it/s]
 70%|███████   | 102522/145449 [16:32<07:15, 98.54it/s] 
 70%|███████   | 102536/145449 [16:32<06:44, 105.98it/s]
 71%|███████   | 102553/145449 [16:32<05:52, 121.83it/s]
 71%|███████   | 102568/145449 [16:32<05:37, 127.19it/s]
 71%|███████   | 102589/145449 [16:32<04:51, 147.18it/s]
 71%|███████   | 102605/145449 [16:32<04:51, 146.88it/s]
 71%|███████   | 102620/145449 [16:32<05:30, 129.74it/s]
 71%|███████   | 102634/145449 [16:32<06:05, 117.04it/s]
 71%|███████   | 102647/145449 [16:33<06:24, 111.28it/s]
 71%|███████   | 102661/145449 [16:33<06:02, 117.93it/s]
 71%|███████   | 102674/145449 [16:33<06:12, 114.94it/s]
 71%|███████   | 102686/145449 [16:33<06:56, 102.56it/s]
 71%|███████   | 102697/145449 [16:33<08:01, 88.83it/s] 
 71%|███████   | 102714/145449 [16:33<06:39, 106.89it/s]
 71%|███████   | 102726/145449 [16:33<07:02, 101.13it/s]
 71%|███████   | 102740/145449 [16:33<06:39, 107.00it/s]
 71%|███████   | 102753/145449 [16:34<06:18, 112.70it/s]
 71%|███████   | 102769/145449 [16:34<05:41, 124.83it/s]
 71%|███████   | 102785/145449 [16:34<05:19, 133.61it/s]
 71%|███████   | 102802/145449 [16:34<04:57, 143.53it/s]
 71%|███████   | 102817/145449 [16:34<05:15, 135.29it/s]
 71%|███████   | 102831/145449 [16:34<05:13, 136.05it/s]
 71%|███████   | 102845/145449 [16:34<05:16, 134.77it/s]
 71%|███████   | 102864/145449 [16:34<04:43, 149.99it/s]
 71%|███████   | 102880/145449 [16:35<05:48, 122.31it/s]
 71%|███████   | 102894/145449 [16:35<06:22, 111.29it/s]
 71%|███████   | 102906/145449 [16:35<06:44, 105.19it/s]
 71%|███████   | 102919/145449 [16:35<06:27, 109.71it/s]
 71%|███████   | 102931/145449 [16:35<07:02, 100.53it/s]
 71%|███████   | 102942/145449 [16:35<07:01, 100.90it/s]
 71%|███████   | 102956/145449 [16:35<06:33, 107.95it/s]
 71%|███████   | 102968/145449 [16:35<06:54, 102.45it/s]
 71%|███████   | 102979/145449 [16:36<07:04, 99.94it/s] 
 71%|███████   | 102991/145449 [16:36<06:51, 103.23it/s]
 71%|███████   | 103006/145449 [16:36<06:15, 113.11it/s]
 71%|███████   | 103020/145449 [16:36<05:54, 119.78it/s]
 71%|███████   | 103036/145449 [16:36<05:30, 128.47it/s]
 71%|███████   | 103049/145449 [16:36<05:53, 119.96it/s]
 71%|███████   | 103064/145449 [16:36<05:32, 127.49it/s]
 71%|███████   | 103079/145449 [16:36<05:23, 131.05it/s]
 71%|███████   | 103093/145449 [16:36<05:18, 132.98it/s]
 71%|███████   | 103107/145449 [16:37<05:58, 118.06it/s]
 71%|███████   | 103120/145449 [16:37<08:01, 87.99it/s] 
 71%|███████   | 103138/145449 [16:37<06:32, 107.66it/s]
 71%|███████   | 103156/145449 [16:37<05:41, 123.84it/s]
 71%|███████   | 103170/145449 [16:37<05:50, 120.73it/s]
 71%|███████   | 103188/145449 [16:37<05:17, 133.24it/s]
 71%|███████   | 103203/145449 [16:37<05:48, 121.23it/s]
 71%|███████   | 103219/145449 [16:37<05:25, 129.75it/s]
 71%|███████   | 103234/145449 [16:38<05:23, 130.45it/s]
 71%|███████   | 103250/145449 [16:38<05:07, 137.45it/s]
 71%|███████   | 103267/145449 [16:38<04:49, 145.78it/s]
 71%|███████   | 103283/145449 [16:38<04:48, 146.37it/s]
 71%|███████   | 103299/145449 [16:38<04:49, 145.56it/s]
 71%|███████   | 103314/145449 [16:38<05:14, 134.11it/s]
 71%|███████   | 103328/145449 [16:38<06:37, 106.08it/s]
 71%|███████   | 103340/145449 [16:38<06:48, 102.97it/s]
 71%|███████   | 103351/145449 [16:39<07:17, 96.30it/s] 
 71%|███████   | 103362/145449 [16:39<07:18, 95.93it/s]
 71%|███████   | 103372/145449 [16:39<07:24, 94.59it/s]
 71%|███████   | 103382/145449 [16:39<08:11, 85.67it/s]
 71%|███████   | 103393/145449 [16:39<07:46, 90.15it/s]
 71%|███████   | 103403/145449 [16:39<07:34, 92.48it/s]
 71%|███████   | 103413/145449 [16:39<08:27, 82.82it/s]
 71%|███████   | 103425/145449 [16:39<08:01, 87.37it/s]
 71%|███████   | 103434/145449 [16:40<09:05, 76.98it/s]
 71%|███████   | 103447/145449 [16:40<07:54, 88.59it/s]
 71%|███████   | 103459/145449 [16:40<07:18, 95.77it/s]
 71%|███████   | 103472/145449 [16:40<06:42, 104.22it/s]
 71%|███████   | 103483/145449 [16:40<06:52, 101.75it/s]
 71%|███████   | 103494/145449 [16:40<06:46, 103.23it/s]
 71%|███████   | 103506/145449 [16:40<06:29, 107.71it/s]
 71%|███████   | 103518/145449 [16:40<06:26, 108.54it/s]
 71%|███████   | 103531/145449 [16:40<06:23, 109.18it/s]
 71%|███████   | 103543/145449 [16:41<06:20, 110.22it/s]
 71%|███████   | 103557/145449 [16:41<05:55, 117.90it/s]
 71%|███████   | 103569/145449 [16:41<06:27, 108.07it/s]
 71%|███████   | 103587/145449 [16:41<05:37, 124.02it/s]
 71%|███████   | 103602/145449 [16:41<05:19, 130.87it/s]
 71%|███████   | 103619/145449 [16:41<04:58, 140.02it/s]
 71%|███████▏  | 103634/145449 [16:41<04:57, 140.44it/s]
 71%|███████▏  | 103649/145449 [16:41<05:07, 136.06it/s]
 71%|███████▏  | 103666/145449 [16:41<04:54, 141.92it/s]
 71%|███████▏  | 103681/145449 [16:42<05:13, 133.44it/s]
 71%|███████▏  | 103695/145449 [16:42<06:19, 110.08it/s]
 71%|███████▏  | 103707/145449 [16:42<07:49, 88.91it/s] 
 71%|███████▏  | 103717/145449 [16:42<08:20, 83.44it/s]
 71%|███████▏  | 103730/145449 [16:42<07:50, 88.66it/s]
 71%|███████▏  | 103740/145449 [16:42<08:26, 82.35it/s]
 71%|███████▏  | 103754/145449 [16:43<07:19, 94.98it/s]
 71%|███████▏  | 103767/145449 [16:43<06:56, 99.97it/s]
 71%|███████▏  | 103783/145449 [16:43<06:10, 112.56it/s]
 71%|███████▏  | 103795/145449 [16:43<07:04, 98.19it/s] 
 71%|███████▏  | 103806/145449 [16:43<07:33, 91.91it/s]
 71%|███████▏  | 103821/145449 [16:43<06:41, 103.78it/s]
 71%|███████▏  | 103834/145449 [16:43<06:26, 107.72it/s]
 71%|███████▏  | 103846/145449 [16:43<07:05, 97.82it/s] 
 71%|███████▏  | 103858/145449 [16:44<06:46, 102.37it/s]
 71%|███████▏  | 103872/145449 [16:44<06:21, 109.06it/s]
 71%|███████▏  | 103889/145449 [16:44<05:32, 125.14it/s]
 71%|███████▏  | 103903/145449 [16:44<05:25, 127.61it/s]
 71%|███████▏  | 103918/145449 [16:44<05:15, 131.45it/s]
 71%|███████▏  | 103932/145449 [16:44<05:32, 124.77it/s]
 71%|███████▏  | 103945/145449 [16:44<06:31, 106.03it/s]
 71%|███████▏  | 103961/145449 [16:44<05:49, 118.81it/s]
 71%|███████▏  | 103975/145449 [16:44<05:35, 123.68it/s]
 71%|███████▏  | 103989/145449 [16:45<05:25, 127.36it/s]
 72%|███████▏  | 104003/145449 [16:45<06:10, 111.91it/s]
 72%|███████▏  | 104015/145449 [16:45<06:13, 110.96it/s]
 72%|███████▏  | 104029/145449 [16:45<05:51, 117.72it/s]
 72%|███████▏  | 104046/145449 [16:45<05:35, 123.45it/s]
 72%|███████▏  | 104062/145449 [16:45<05:16, 130.65it/s]
 72%|███████▏  | 104076/145449 [16:45<05:19, 129.48it/s]
 72%|███████▏  | 104091/145449 [16:45<05:11, 132.84it/s]
 72%|███████▏  | 104108/145449 [16:45<04:51, 141.71it/s]
 72%|███████▏  | 104123/145449 [16:46<05:07, 134.39it/s]
 72%|███████▏  | 104140/145449 [16:46<04:47, 143.46it/s]
 72%|███████▏  | 104156/145449 [16:46<04:40, 147.00it/s]
 72%|███████▏  | 104171/145449 [16:46<05:17, 130.09it/s]
 72%|███████▏  | 104185/145449 [16:46<05:27, 125.84it/s]
 72%|███████▏  | 104198/145449 [16:46<05:46, 119.12it/s]
 72%|███████▏  | 104211/145449 [16:46<05:47, 118.56it/s]
 72%|███████▏  | 104226/145449 [16:46<05:28, 125.63it/s]
 72%|███████▏  | 104239/145449 [16:47<06:49, 100.71it/s]
 72%|███████▏  | 104250/145449 [16:47<06:40, 102.84it/s]
 72%|███████▏  | 104261/145449 [16:47<07:11, 95.50it/s] 
 72%|███████▏  | 104273/145449 [16:47<06:49, 100.58it/s]
 72%|███████▏  | 104287/145449 [16:47<06:25, 106.86it/s]
 72%|███████▏  | 104304/145449 [16:47<05:37, 121.75it/s]
 72%|███████▏  | 104317/145449 [16:47<06:58, 98.33it/s] 
 72%|███████▏  | 104333/145449 [16:47<06:11, 110.60it/s]
 72%|███████▏  | 104345/145449 [16:48<06:12, 110.40it/s]
 72%|███████▏  | 104357/145449 [16:48<06:25, 106.55it/s]
 72%|███████▏  | 104369/145449 [16:48<06:40, 102.55it/s]
 72%|███████▏  | 104380/145449 [16:48<07:59, 85.73it/s] 
 72%|███████▏  | 104390/145449 [16:48<08:22, 81.68it/s]
 72%|███████▏  | 104399/145449 [16:48<08:40, 78.90it/s]
 72%|███████▏  | 104409/145449 [16:48<08:37, 79.32it/s]
 72%|███████▏  | 104418/145449 [16:49<09:37, 71.07it/s]
 72%|███████▏  | 104431/145449 [16:49<08:13, 83.06it/s]
 72%|███████▏  | 104451/145449 [16:49<06:08, 111.32it/s]
 72%|███████▏  | 104468/145449 [16:49<05:30, 124.14it/s]
 72%|███████▏  | 104482/145449 [16:49<06:28, 105.54it/s]
 72%|███████▏  | 104494/145449 [16:49<06:33, 104.18it/s]
 72%|███████▏  | 104506/145449 [16:49<07:01, 97.12it/s] 
 72%|███████▏  | 104520/145449 [16:49<06:21, 107.39it/s]
 72%|███████▏  | 104542/145449 [16:50<05:01, 135.84it/s]
 72%|███████▏  | 104557/145449 [16:50<05:21, 127.26it/s]
 72%|███████▏  | 104575/145449 [16:50<04:50, 140.46it/s]
 72%|███████▏  | 104590/145449 [16:50<04:55, 138.38it/s]
 72%|███████▏  | 104605/145449 [16:50<05:08, 132.44it/s]
 72%|███████▏  | 104619/145449 [16:50<05:07, 132.72it/s]
 72%|███████▏  | 104633/145449 [16:50<05:04, 134.14it/s]
 72%|███████▏  | 104647/145449 [16:50<06:04, 112.06it/s]
 72%|███████▏  | 104667/145449 [16:51<05:19, 127.84it/s]
 72%|███████▏  | 104686/145449 [16:51<04:47, 142.02it/s]
 72%|███████▏  | 104701/145449 [16:51<05:05, 133.45it/s]
 72%|███████▏  | 104715/145449 [16:51<05:07, 132.34it/s]
 72%|███████▏  | 104729/145449 [16:51<05:33, 122.12it/s]
 72%|███████▏  | 104742/145449 [16:51<06:04, 111.67it/s]
 72%|███████▏  | 104755/145449 [16:51<05:54, 114.86it/s]
 72%|███████▏  | 104767/145449 [16:51<07:09, 94.63it/s] 
 72%|███████▏  | 104780/145449 [16:52<06:49, 99.26it/s]
 72%|███████▏  | 104791/145449 [16:52<06:53, 98.28it/s]
 72%|███████▏  | 104802/145449 [16:52<08:11, 82.77it/s]
 72%|███████▏  | 104818/145449 [16:52<06:48, 99.44it/s]
 72%|███████▏  | 104830/145449 [16:52<06:39, 101.70it/s]
 72%|███████▏  | 104841/145449 [16:52<06:56, 97.60it/s] 
 72%|███████▏  | 104852/145449 [16:52<07:25, 91.07it/s]
 72%|███████▏  | 104862/145449 [16:52<07:28, 90.43it/s]
 72%|███████▏  | 104880/145449 [16:53<06:06, 110.55it/s]
 72%|███████▏  | 104892/145449 [16:53<06:34, 102.93it/s]
 72%|███████▏  | 104903/145449 [16:53<06:27, 104.54it/s]
 72%|███████▏  | 104914/145449 [16:53<06:36, 102.20it/s]
 72%|███████▏  | 104929/145449 [16:53<06:03, 111.60it/s]
 72%|███████▏  | 104944/145449 [16:53<05:33, 121.40it/s]
 72%|███████▏  | 104960/145449 [16:53<05:07, 131.78it/s]
 72%|███████▏  | 104974/145449 [16:53<05:28, 123.03it/s]
 72%|███████▏  | 104987/145449 [16:53<05:50, 115.56it/s]
 72%|███████▏  | 104999/145449 [16:54<06:10, 109.24it/s]
 72%|███████▏  | 105011/145449 [16:54<06:54, 97.52it/s] 
 72%|███████▏  | 105022/145449 [16:54<07:27, 90.43it/s]
 72%|███████▏  | 105033/145449 [16:54<07:16, 92.54it/s]
 72%|███████▏  | 105043/145449 [16:54<10:00, 67.23it/s]
 72%|███████▏  | 105053/145449 [16:54<09:08, 73.71it/s]
 72%|███████▏  | 105062/145449 [16:55<09:45, 69.00it/s]
 72%|███████▏  | 105073/145449 [16:55<08:54, 75.56it/s]
 72%|███████▏  | 105087/145449 [16:55<07:26, 90.41it/s]
 72%|███████▏  | 105097/145449 [16:55<07:27, 90.24it/s]
 72%|███████▏  | 105118/145449 [16:55<05:36, 119.87it/s]
 72%|███████▏  | 105135/145449 [16:55<05:05, 131.96it/s]
 72%|███████▏  | 105157/145449 [16:55<04:19, 155.31it/s]
 72%|███████▏  | 105174/145449 [16:55<04:19, 155.46it/s]
 72%|███████▏  | 105191/145449 [16:55<04:40, 143.61it/s]
 72%|███████▏  | 105206/145449 [16:56<05:14, 127.89it/s]
 72%|███████▏  | 105221/145449 [16:56<05:03, 132.67it/s]
 72%|███████▏  | 105235/145449 [16:56<05:31, 121.25it/s]
 72%|███████▏  | 105250/145449 [16:56<05:18, 126.26it/s]
 72%|███████▏  | 105264/145449 [16:56<05:44, 116.62it/s]
 72%|███████▏  | 105277/145449 [16:56<06:27, 103.66it/s]
 72%|███████▏  | 105293/145449 [16:56<05:58, 111.95it/s]
 72%|███████▏  | 105308/145449 [16:56<05:36, 119.46it/s]
 72%|███████▏  | 105321/145449 [16:57<05:44, 116.59it/s]
 72%|███████▏  | 105337/145449 [16:57<05:21, 124.84it/s]
 72%|███████▏  | 105350/145449 [16:57<06:19, 105.79it/s]
 72%|███████▏  | 105362/145449 [16:57<06:30, 102.65it/s]
 72%|███████▏  | 105373/145449 [16:57<06:38, 100.55it/s]
 72%|███████▏  | 105389/145449 [16:57<05:51, 113.90it/s]
 72%|███████▏  | 105401/145449 [16:57<05:59, 111.30it/s]
 72%|███████▏  | 105413/145449 [16:57<06:05, 109.39it/s]
 72%|███████▏  | 105427/145449 [16:58<05:51, 113.78it/s]
 72%|███████▏  | 105441/145449 [16:58<05:31, 120.67it/s]
 73%|███████▎  | 105456/145449 [16:58<05:12, 127.80it/s]
 73%|███████▎  | 105474/145449 [16:58<04:44, 140.54it/s]
 73%|███████▎  | 105492/145449 [16:58<04:34, 145.69it/s]
 73%|███████▎  | 105507/145449 [16:58<04:38, 143.49it/s]
 73%|███████▎  | 105522/145449 [16:58<04:38, 143.13it/s]
 73%|███████▎  | 105537/145449 [16:58<04:57, 134.07it/s]
 73%|███████▎  | 105554/145449 [16:58<04:51, 136.80it/s]
 73%|███████▎  | 105568/145449 [16:59<05:04, 131.00it/s]
 73%|███████▎  | 105585/145449 [16:59<04:42, 141.18it/s]
 73%|███████▎  | 105603/145449 [16:59<04:22, 151.77it/s]
 73%|███████▎  | 105619/145449 [16:59<05:40, 117.04it/s]
 73%|███████▎  | 105633/145449 [16:59<06:14, 106.40it/s]
 73%|███████▎  | 105647/145449 [16:59<05:52, 113.07it/s]
 73%|███████▎  | 105660/145449 [16:59<06:06, 108.59it/s]
 73%|███████▎  | 105672/145449 [17:00<08:48, 75.31it/s] 
 73%|███████▎  | 105684/145449 [17:00<08:02, 82.45it/s]
 73%|███████▎  | 105697/145449 [17:00<07:13, 91.72it/s]
 73%|███████▎  | 105709/145449 [17:00<06:48, 97.33it/s]
 73%|███████▎  | 105728/145449 [17:00<05:35, 118.23it/s]
 73%|███████▎  | 105741/145449 [17:00<05:55, 111.71it/s]
 73%|███████▎  | 105754/145449 [17:00<06:41, 98.91it/s] 
 73%|███████▎  | 105767/145449 [17:00<06:19, 104.70it/s]
 73%|███████▎  | 105780/145449 [17:01<06:02, 109.42it/s]
 73%|███████▎  | 105792/145449 [17:01<05:57, 110.81it/s]
 73%|███████▎  | 105806/145449 [17:01<06:07, 107.89it/s]
 73%|███████▎  | 105821/145449 [17:01<05:38, 116.93it/s]
 73%|███████▎  | 105837/145449 [17:01<05:16, 125.19it/s]
 73%|███████▎  | 105851/145449 [17:01<05:13, 126.37it/s]
 73%|███████▎  | 105864/145449 [17:01<05:59, 109.98it/s]
 73%|███████▎  | 105876/145449 [17:01<06:21, 103.67it/s]
 73%|███████▎  | 105891/145449 [17:02<05:50, 112.98it/s]
 73%|███████▎  | 105903/145449 [17:02<06:13, 105.86it/s]
 73%|███████▎  | 105915/145449 [17:02<06:02, 109.21it/s]
 73%|███████▎  | 105929/145449 [17:02<05:37, 117.14it/s]
 73%|███████▎  | 105941/145449 [17:02<05:54, 111.40it/s]
 73%|███████▎  | 105953/145449 [17:02<06:58, 94.33it/s] 
 73%|███████▎  | 105964/145449 [17:02<07:05, 92.86it/s]
 73%|███████▎  | 105976/145449 [17:02<06:44, 97.48it/s]
 73%|███████▎  | 105994/145449 [17:03<05:37, 116.94it/s]
 73%|███████▎  | 106008/145449 [17:03<05:23, 122.09it/s]
 73%|███████▎  | 106024/145449 [17:03<05:10, 127.09it/s]
 73%|███████▎  | 106037/145449 [17:03<05:55, 111.01it/s]
 73%|███████▎  | 106049/145449 [17:03<05:58, 109.98it/s]
 73%|███████▎  | 106061/145449 [17:03<06:23, 102.72it/s]
 73%|███████▎  | 106072/145449 [17:03<06:32, 100.27it/s]
 73%|███████▎  | 106087/145449 [17:03<05:55, 110.79it/s]
 73%|███████▎  | 106099/145449 [17:03<06:00, 109.29it/s]
 73%|███████▎  | 106111/145449 [17:04<07:04, 92.62it/s] 
 73%|███████▎  | 106121/145449 [17:04<06:59, 93.69it/s]
 73%|███████▎  | 106132/145449 [17:04<06:43, 97.56it/s]
 73%|███████▎  | 106143/145449 [17:04<06:43, 97.53it/s]
 73%|███████▎  | 106156/145449 [17:04<06:10, 106.17it/s]
 73%|███████▎  | 106169/145449 [17:04<05:53, 111.06it/s]
 73%|███████▎  | 106186/145449 [17:04<05:10, 126.60it/s]
 73%|███████▎  | 106200/145449 [17:04<05:02, 129.95it/s]
 73%|███████▎  | 106214/145449 [17:05<05:07, 127.69it/s]
 73%|███████▎  | 106229/145449 [17:05<04:55, 132.89it/s]
 73%|███████▎  | 106243/145449 [17:05<04:52, 134.23it/s]
 73%|███████▎  | 106257/145449 [17:05<04:49, 135.34it/s]
 73%|███████▎  | 106271/145449 [17:05<05:54, 110.47it/s]
 73%|███████▎  | 106283/145449 [17:05<05:53, 110.84it/s]
 73%|███████▎  | 106296/145449 [17:05<05:46, 113.15it/s]
 73%|███████▎  | 106309/145449 [17:05<05:34, 116.87it/s]
 73%|███████▎  | 106323/145449 [17:05<05:24, 120.74it/s]
 73%|███████▎  | 106336/145449 [17:06<05:20, 121.87it/s]
 73%|███████▎  | 106349/145449 [17:06<05:45, 113.18it/s]
 73%|███████▎  | 106361/145449 [17:06<06:38, 98.16it/s] 
 73%|███████▎  | 106372/145449 [17:06<06:42, 97.04it/s]
 73%|███████▎  | 106387/145449 [17:06<05:54, 110.19it/s]
 73%|███████▎  | 106400/145449 [17:06<05:40, 114.85it/s]
 73%|███████▎  | 106412/145449 [17:06<06:10, 105.23it/s]
 73%|███████▎  | 106423/145449 [17:06<06:11, 105.11it/s]
 73%|███████▎  | 106435/145449 [17:06<05:58, 108.77it/s]
 73%|███████▎  | 106447/145449 [17:07<06:39, 97.62it/s] 
 73%|███████▎  | 106458/145449 [17:07<06:38, 97.80it/s]
 73%|███████▎  | 106469/145449 [17:07<06:40, 97.36it/s]
 73%|███████▎  | 106479/145449 [17:07<07:05, 91.64it/s]
 73%|███████▎  | 106490/145449 [17:07<06:50, 94.88it/s]
 73%|███████▎  | 106500/145449 [17:07<09:36, 67.54it/s]
 73%|███████▎  | 106511/145449 [17:07<08:39, 74.95it/s]
 73%|███████▎  | 106521/145449 [17:08<08:16, 78.48it/s]
 73%|███████▎  | 106533/145449 [17:08<07:30, 86.42it/s]
 73%|███████▎  | 106543/145449 [17:08<08:48, 73.58it/s]
 73%|███████▎  | 106553/145449 [17:08<08:52, 73.11it/s]
 73%|███████▎  | 106561/145449 [17:08<08:54, 72.73it/s]
 73%|███████▎  | 106570/145449 [17:08<08:37, 75.06it/s]
 73%|███████▎  | 106578/145449 [17:08<08:43, 74.20it/s]
 73%|███████▎  | 106586/145449 [17:08<08:42, 74.36it/s]
 73%|███████▎  | 106601/145449 [17:09<06:53, 93.95it/s]
 73%|███████▎  | 106619/145449 [17:09<05:33, 116.30it/s]
 73%|███████▎  | 106631/145449 [17:09<05:58, 108.20it/s]
 73%|███████▎  | 106646/145449 [17:09<05:25, 119.38it/s]
 73%|███████▎  | 106663/145449 [17:09<04:55, 131.07it/s]
 73%|███████▎  | 106677/145449 [17:09<06:04, 106.41it/s]
 73%|███████▎  | 106689/145449 [17:09<06:24, 100.84it/s]
 73%|███████▎  | 106700/145449 [17:09<06:17, 102.71it/s]
 73%|███████▎  | 106714/145449 [17:10<05:49, 110.90it/s]
 73%|███████▎  | 106726/145449 [17:10<06:03, 106.52it/s]
 73%|███████▎  | 106740/145449 [17:10<05:48, 111.05it/s]
 73%|███████▎  | 106752/145449 [17:10<06:07, 105.22it/s]
 73%|███████▎  | 106766/145449 [17:10<05:49, 110.62it/s]
 73%|███████▎  | 106778/145449 [17:10<06:09, 104.68it/s]
 73%|███████▎  | 106791/145449 [17:10<05:52, 109.57it/s]
 73%|███████▎  | 106803/145449 [17:10<05:44, 112.11it/s]
 73%|███████▎  | 106815/145449 [17:10<06:12, 103.79it/s]
 73%|███████▎  | 106831/145449 [17:11<05:35, 115.05it/s]
 73%|███████▎  | 106843/145449 [17:11<06:17, 102.27it/s]
 73%|███████▎  | 106854/145449 [17:11<06:42, 95.91it/s] 
 73%|███████▎  | 106864/145449 [17:11<07:16, 88.43it/s]
 73%|███████▎  | 106874/145449 [17:11<07:27, 86.12it/s]
 73%|███████▎  | 106887/145449 [17:11<06:39, 96.50it/s]
 73%|███████▎  | 106898/145449 [17:11<06:30, 98.79it/s]
 74%|███████▎  | 106916/145449 [17:11<05:21, 119.89it/s]
 74%|███████▎  | 106929/145449 [17:12<05:45, 111.61it/s]
 74%|███████▎  | 106941/145449 [17:12<05:41, 112.64it/s]
 74%|███████▎  | 106953/145449 [17:12<06:22, 100.73it/s]
 74%|███████▎  | 106965/145449 [17:12<06:04, 105.55it/s]
 74%|███████▎  | 106981/145449 [17:12<05:26, 117.83it/s]
 74%|███████▎  | 106994/145449 [17:12<05:18, 120.73it/s]
 74%|███████▎  | 107008/145449 [17:12<05:15, 121.94it/s]
 74%|███████▎  | 107026/145449 [17:12<04:49, 132.52it/s]
 74%|███████▎  | 107040/145449 [17:13<05:03, 126.55it/s]
 74%|███████▎  | 107053/145449 [17:13<05:56, 107.64it/s]
 74%|███████▎  | 107065/145449 [17:13<08:04, 79.25it/s] 
 74%|███████▎  | 107078/145449 [17:13<07:38, 83.72it/s]
 74%|███████▎  | 107088/145449 [17:13<09:04, 70.45it/s]
 74%|███████▎  | 107097/145449 [17:13<09:15, 69.03it/s]
 74%|███████▎  | 107105/145449 [17:14<09:37, 66.40it/s]
 74%|███████▎  | 107116/145449 [17:14<08:25, 75.80it/s]
 74%|███████▎  | 107129/145449 [17:14<07:14, 88.23it/s]
 74%|███████▎  | 107139/145449 [17:14<07:33, 84.55it/s]
 74%|███████▎  | 107149/145449 [17:14<07:17, 87.51it/s]
 74%|███████▎  | 107159/145449 [17:14<07:42, 82.78it/s]
 74%|███████▎  | 107168/145449 [17:14<08:04, 79.03it/s]
 74%|███████▎  | 107178/145449 [17:14<07:37, 83.69it/s]
 74%|███████▎  | 107187/145449 [17:14<07:43, 82.58it/s]
 74%|███████▎  | 107196/145449 [17:15<08:02, 79.34it/s]
 74%|███████▎  | 107206/145449 [17:15<07:44, 82.29it/s]
 74%|███████▎  | 107215/145449 [17:15<07:33, 84.35it/s]
 74%|███████▎  | 107225/145449 [17:15<07:13, 88.25it/s]
 74%|███████▎  | 107234/145449 [17:15<07:19, 86.88it/s]
 74%|███████▎  | 107248/145449 [17:15<06:18, 100.95it/s]
 74%|███████▎  | 107262/145449 [17:15<05:45, 110.60it/s]
 74%|███████▍  | 107275/145449 [17:15<05:29, 115.69it/s]
 74%|███████▍  | 107287/145449 [17:15<05:57, 106.77it/s]
 74%|███████▍  | 107298/145449 [17:16<06:40, 95.35it/s] 
 74%|███████▍  | 107308/145449 [17:16<06:59, 91.02it/s]
 74%|███████▍  | 107323/145449 [17:16<06:05, 104.25it/s]
 74%|███████▍  | 107334/145449 [17:16<06:05, 104.27it/s]
 74%|███████▍  | 107345/145449 [17:16<06:53, 92.12it/s] 
 74%|███████▍  | 107355/145449 [17:16<07:08, 88.93it/s]
 74%|███████▍  | 107365/145449 [17:16<07:10, 88.49it/s]
 74%|███████▍  | 107375/145449 [17:16<06:58, 91.07it/s]
 74%|███████▍  | 107385/145449 [17:17<07:46, 81.60it/s]
 74%|███████▍  | 107394/145449 [17:17<07:43, 82.03it/s]
 74%|███████▍  | 107411/145449 [17:17<06:09, 102.87it/s]
 74%|███████▍  | 107422/145449 [17:17<06:19, 100.28it/s]
 74%|███████▍  | 107435/145449 [17:17<05:54, 107.20it/s]
 74%|███████▍  | 107446/145449 [17:17<05:54, 107.12it/s]
 74%|███████▍  | 107457/145449 [17:17<06:09, 102.69it/s]
 74%|███████▍  | 107468/145449 [17:17<06:09, 102.91it/s]
 74%|███████▍  | 107482/145449 [17:17<05:38, 112.13it/s]
 74%|███████▍  | 107496/145449 [17:18<05:18, 119.00it/s]
 74%|███████▍  | 107512/145449 [17:18<05:15, 120.27it/s]
 74%|███████▍  | 107525/145449 [17:18<06:17, 100.56it/s]
 74%|███████▍  | 107540/145449 [17:18<05:37, 112.39it/s]
 74%|███████▍  | 107556/145449 [17:18<05:07, 123.03it/s]
 74%|███████▍  | 107569/145449 [17:18<05:43, 110.25it/s]
 74%|███████▍  | 107581/145449 [17:18<05:49, 108.30it/s]
 74%|███████▍  | 107593/145449 [17:18<06:02, 104.57it/s]
 74%|███████▍  | 107606/145449 [17:19<05:52, 107.31it/s]
 74%|███████▍  | 107624/145449 [17:19<05:10, 121.67it/s]
 74%|███████▍  | 107642/145449 [17:19<04:37, 136.12it/s]
 74%|███████▍  | 107656/145449 [17:19<05:01, 125.25it/s]
 74%|███████▍  | 107672/145449 [17:19<04:53, 128.71it/s]
 74%|███████▍  | 107686/145449 [17:19<05:49, 108.18it/s]
 74%|███████▍  | 107698/145449 [17:19<05:55, 106.32it/s]
 74%|███████▍  | 107711/145449 [17:19<05:46, 108.77it/s]
 74%|███████▍  | 107724/145449 [17:20<05:36, 112.03it/s]
 74%|███████▍  | 107744/145449 [17:20<04:41, 133.98it/s]
 74%|███████▍  | 107758/145449 [17:20<05:02, 124.47it/s]
 74%|███████▍  | 107774/145449 [17:20<04:42, 133.32it/s]
 74%|███████▍  | 107788/145449 [17:20<04:49, 130.24it/s]
 74%|███████▍  | 107802/145449 [17:20<04:49, 130.03it/s]
 74%|███████▍  | 107816/145449 [17:20<05:24, 115.99it/s]
 74%|███████▍  | 107828/145449 [17:20<06:02, 103.71it/s]
 74%|███████▍  | 107843/145449 [17:21<05:41, 110.16it/s]
 74%|███████▍  | 107855/145449 [17:21<06:08, 102.00it/s]
 74%|███████▍  | 107870/145449 [17:21<05:34, 112.24it/s]
 74%|███████▍  | 107886/145449 [17:21<05:25, 115.24it/s]
 74%|███████▍  | 107900/145449 [17:21<05:20, 117.14it/s]
 74%|███████▍  | 107912/145449 [17:21<05:26, 115.02it/s]
 74%|███████▍  | 107925/145449 [17:21<05:26, 115.09it/s]
 74%|███████▍  | 107937/145449 [17:21<05:44, 108.96it/s]
 74%|███████▍  | 107948/145449 [17:22<06:01, 103.69it/s]
 74%|███████▍  | 107959/145449 [17:22<06:40, 93.68it/s] 
 74%|███████▍  | 107970/145449 [17:22<06:49, 91.59it/s]
 74%|███████▍  | 107985/145449 [17:22<05:53, 106.10it/s]
 74%|███████▍  | 107996/145449 [17:22<06:45, 92.45it/s] 
 74%|███████▍  | 108006/145449 [17:22<06:47, 91.82it/s]
 74%|███████▍  | 108016/145449 [17:22<07:30, 83.17it/s]
 74%|███████▍  | 108030/145449 [17:22<06:50, 91.19it/s]
 74%|███████▍  | 108044/145449 [17:23<06:06, 102.15it/s]
 74%|███████▍  | 108055/145449 [17:23<06:14, 99.87it/s] 
 74%|███████▍  | 108066/145449 [17:23<06:15, 99.55it/s]
 74%|███████▍  | 108082/145449 [17:23<05:31, 112.76it/s]
 74%|███████▍  | 108097/145449 [17:23<05:09, 120.81it/s]
 74%|███████▍  | 108110/145449 [17:23<05:05, 122.11it/s]
 74%|███████▍  | 108124/145449 [17:23<04:55, 126.37it/s]
 74%|███████▍  | 108137/145449 [17:23<05:28, 113.46it/s]
 74%|███████▍  | 108156/145449 [17:23<04:52, 127.53it/s]
 74%|███████▍  | 108173/145449 [17:24<04:29, 138.32it/s]
 74%|███████▍  | 108191/145449 [17:24<04:12, 147.50it/s]
 74%|███████▍  | 108206/145449 [17:24<04:19, 143.72it/s]
 74%|███████▍  | 108221/145449 [17:24<04:36, 134.42it/s]
 74%|███████▍  | 108238/145449 [17:24<04:19, 143.13it/s]
 74%|███████▍  | 108253/145449 [17:24<04:41, 132.01it/s]
 74%|███████▍  | 108267/145449 [17:24<05:06, 121.38it/s]
 74%|███████▍  | 108281/145449 [17:24<04:58, 124.32it/s]
 74%|███████▍  | 108300/145449 [17:24<04:23, 141.21it/s]
 74%|███████▍  | 108321/145449 [17:25<03:52, 159.82it/s]
 74%|███████▍  | 108338/145449 [17:25<04:08, 149.14it/s]
 74%|███████▍  | 108354/145449 [17:25<04:16, 144.36it/s]
 75%|███████▍  | 108370/145449 [17:25<04:11, 147.44it/s]
 75%|███████▍  | 108390/145449 [17:25<03:50, 161.11it/s]
 75%|███████▍  | 108407/145449 [17:25<04:20, 142.04it/s]
 75%|███████▍  | 108423/145449 [17:25<04:12, 146.43it/s]
 75%|███████▍  | 108439/145449 [17:25<04:53, 125.90it/s]
 75%|███████▍  | 108453/145449 [17:26<05:11, 118.62it/s]
 75%|███████▍  | 108466/145449 [17:26<05:19, 115.60it/s]
 75%|███████▍  | 108478/145449 [17:26<07:38, 80.67it/s] 
 75%|███████▍  | 108490/145449 [17:26<07:02, 87.47it/s]
 75%|███████▍  | 108501/145449 [17:26<07:28, 82.46it/s]
 75%|███████▍  | 108517/145449 [17:26<06:14, 98.64it/s]
 75%|███████▍  | 108530/145449 [17:26<05:49, 105.52it/s]
 75%|███████▍  | 108546/145449 [17:27<05:24, 113.75it/s]
 75%|███████▍  | 108559/145449 [17:27<06:23, 96.12it/s] 
 75%|███████▍  | 108570/145449 [17:27<06:53, 89.26it/s]
 75%|███████▍  | 108580/145449 [17:27<06:51, 89.52it/s]
 75%|███████▍  | 108594/145449 [17:27<06:04, 101.02it/s]
 75%|███████▍  | 108609/145449 [17:27<05:32, 110.96it/s]
 75%|███████▍  | 108621/145449 [17:27<05:55, 103.62it/s]
 75%|███████▍  | 108632/145449 [17:28<05:55, 103.53it/s]
 75%|███████▍  | 108644/145449 [17:28<05:43, 107.10it/s]
 75%|███████▍  | 108655/145449 [17:28<06:11, 98.92it/s] 
 75%|███████▍  | 108671/145449 [17:28<05:22, 113.87it/s]
 75%|███████▍  | 108685/145449 [17:28<05:05, 120.30it/s]
 75%|███████▍  | 108698/145449 [17:28<06:24, 95.63it/s] 
 75%|███████▍  | 108709/145449 [17:28<06:30, 93.97it/s]
 75%|███████▍  | 108720/145449 [17:28<07:18, 83.70it/s]
 75%|███████▍  | 108734/145449 [17:29<06:28, 94.49it/s]
 75%|███████▍  | 108746/145449 [17:29<06:11, 98.86it/s]
 75%|███████▍  | 108761/145449 [17:29<05:44, 106.63it/s]
 75%|███████▍  | 108773/145449 [17:29<06:09, 99.22it/s] 
 75%|███████▍  | 108787/145449 [17:29<05:38, 108.42it/s]
 75%|███████▍  | 108805/145449 [17:29<04:49, 126.67it/s]
 75%|███████▍  | 108819/145449 [17:29<05:27, 111.73it/s]
 75%|███████▍  | 108831/145449 [17:29<05:37, 108.59it/s]
 75%|███████▍  | 108843/145449 [17:30<06:16, 97.13it/s] 
 75%|███████▍  | 108854/145449 [17:30<06:37, 92.11it/s]
 75%|███████▍  | 108865/145449 [17:30<06:24, 95.10it/s]
 75%|███████▍  | 108879/145449 [17:30<05:51, 104.14it/s]
 75%|███████▍  | 108898/145449 [17:30<04:54, 124.02it/s]
 75%|███████▍  | 108911/145449 [17:30<05:04, 119.90it/s]
 75%|███████▍  | 108929/145449 [17:30<04:29, 135.72it/s]
 75%|███████▍  | 108943/145449 [17:30<04:38, 131.24it/s]
 75%|███████▍  | 108957/145449 [17:31<05:19, 114.18it/s]
 75%|███████▍  | 108973/145449 [17:31<05:03, 120.35it/s]
 75%|███████▍  | 108993/145449 [17:31<04:20, 139.87it/s]
 75%|███████▍  | 109008/145449 [17:31<05:27, 111.26it/s]
 75%|███████▍  | 109021/145449 [17:31<05:37, 107.87it/s]
 75%|███████▍  | 109036/145449 [17:31<05:16, 115.20it/s]
 75%|███████▍  | 109052/145449 [17:31<04:49, 125.89it/s]
 75%|███████▍  | 109068/145449 [17:31<04:41, 129.15it/s]
 75%|███████▍  | 109084/145449 [17:32<04:25, 137.02it/s]
 75%|███████▌  | 109099/145449 [17:32<04:33, 133.11it/s]
 75%|███████▌  | 109113/145449 [17:32<04:50, 125.06it/s]
 75%|███████▌  | 109126/145449 [17:32<04:51, 124.48it/s]
 75%|███████▌  | 109140/145449 [17:32<04:53, 123.88it/s]
 75%|███████▌  | 109156/145449 [17:32<04:43, 128.15it/s]
 75%|███████▌  | 109169/145449 [17:32<04:48, 125.89it/s]
 75%|███████▌  | 109182/145449 [17:32<04:59, 120.97it/s]
 75%|███████▌  | 109196/145449 [17:32<05:00, 120.82it/s]
 75%|███████▌  | 109209/145449 [17:33<05:27, 110.74it/s]
 75%|███████▌  | 109221/145449 [17:33<06:26, 93.69it/s] 
 75%|███████▌  | 109235/145449 [17:33<05:59, 100.69it/s]
 75%|███████▌  | 109250/145449 [17:33<05:30, 109.66it/s]
 75%|███████▌  | 109262/145449 [17:33<05:32, 108.90it/s]
 75%|███████▌  | 109276/145449 [17:33<05:17, 113.97it/s]
 75%|███████▌  | 109288/145449 [17:33<05:25, 111.15it/s]
 75%|███████▌  | 109300/145449 [17:33<05:46, 104.38it/s]
 75%|███████▌  | 109311/145449 [17:34<06:37, 90.90it/s] 
 75%|███████▌  | 109330/145449 [17:34<05:18, 113.30it/s]
 75%|███████▌  | 109343/145449 [17:34<05:11, 115.90it/s]
 75%|███████▌  | 109358/145449 [17:34<04:54, 122.64it/s]
 75%|███████▌  | 109371/145449 [17:34<06:35, 91.13it/s] 
 75%|███████▌  | 109384/145449 [17:34<06:16, 95.68it/s]
 75%|███████▌  | 109397/145449 [17:34<05:48, 103.43it/s]
 75%|███████▌  | 109411/145449 [17:35<05:35, 107.28it/s]
 75%|███████▌  | 109423/145449 [17:35<06:23, 93.95it/s] 
 75%|███████▌  | 109434/145449 [17:35<06:37, 90.71it/s]
 75%|███████▌  | 109444/145449 [17:35<06:59, 85.78it/s]
 75%|███████▌  | 109459/145449 [17:35<06:19, 94.86it/s]
 75%|███████▌  | 109474/145449 [17:35<05:37, 106.53it/s]
 75%|███████▌  | 109486/145449 [17:35<05:28, 109.44it/s]
 75%|███████▌  | 109502/145449 [17:35<04:53, 122.60it/s]
 75%|███████▌  | 109519/145449 [17:35<04:28, 133.69it/s]
 75%|███████▌  | 109535/145449 [17:36<04:24, 135.64it/s]
 75%|███████▌  | 109549/145449 [17:36<05:02, 118.63it/s]
 75%|███████▌  | 109563/145449 [17:36<05:07, 116.66it/s]
 75%|███████▌  | 109576/145449 [17:36<05:05, 117.57it/s]
 75%|███████▌  | 109589/145449 [17:36<05:30, 108.66it/s]
 75%|███████▌  | 109601/145449 [17:36<05:52, 101.80it/s]
 75%|███████▌  | 109612/145449 [17:36<06:11, 96.34it/s] 
 75%|███████▌  | 109622/145449 [17:37<06:23, 93.44it/s]
 75%|███████▌  | 109634/145449 [17:37<06:00, 99.43it/s]
 75%|███████▌  | 109645/145449 [17:37<06:27, 92.38it/s]
 75%|███████▌  | 109658/145449 [17:37<05:56, 100.37it/s]
 75%|███████▌  | 109669/145449 [17:37<05:49, 102.33it/s]
 75%|███████▌  | 109683/145449 [17:37<05:22, 110.85it/s]
 75%|███████▌  | 109695/145449 [17:37<05:40, 104.89it/s]
 75%|███████▌  | 109708/145449 [17:37<05:21, 111.02it/s]
 75%|███████▌  | 109720/145449 [17:37<05:36, 106.04it/s]
 75%|███████▌  | 109731/145449 [17:38<05:43, 104.06it/s]
 75%|███████▌  | 109742/145449 [17:38<05:50, 101.95it/s]
 75%|███████▌  | 109757/145449 [17:38<05:15, 113.23it/s]
 75%|███████▌  | 109769/145449 [17:38<05:17, 112.27it/s]
 75%|███████▌  | 109785/145449 [17:38<04:47, 124.23it/s]
 75%|███████▌  | 109798/145449 [17:38<05:12, 113.93it/s]
 75%|███████▌  | 109810/145449 [17:38<06:03, 98.00it/s] 
 76%|███████▌  | 109821/145449 [17:38<06:09, 96.44it/s]
 76%|███████▌  | 109835/145449 [17:39<05:39, 104.93it/s]
 76%|███████▌  | 109846/145449 [17:39<05:44, 103.47it/s]
 76%|███████▌  | 109859/145449 [17:39<05:23, 110.16it/s]
 76%|███████▌  | 109871/145449 [17:39<05:55, 99.99it/s] 
 76%|███████▌  | 109882/145449 [17:39<05:49, 101.65it/s]
 76%|███████▌  | 109893/145449 [17:39<05:55, 100.03it/s]
 76%|███████▌  | 109909/145449 [17:39<05:06, 115.82it/s]
 76%|███████▌  | 109924/145449 [17:39<04:49, 122.56it/s]
 76%|███████▌  | 109941/145449 [17:39<04:25, 133.74it/s]
 76%|███████▌  | 109956/145449 [17:40<04:18, 137.35it/s]
 76%|███████▌  | 109971/145449 [17:40<04:16, 138.33it/s]
 76%|███████▌  | 109985/145449 [17:40<04:47, 123.28it/s]
 76%|███████▌  | 109998/145449 [17:40<04:56, 119.75it/s]
 76%|███████▌  | 110013/145449 [17:40<04:38, 127.07it/s]
 76%|███████▌  | 110026/145449 [17:40<05:19, 110.75it/s]
 76%|███████▌  | 110038/145449 [17:40<06:01, 98.04it/s] 
 76%|███████▌  | 110049/145449 [17:40<06:12, 94.95it/s]
 76%|███████▌  | 110063/145449 [17:41<05:41, 103.64it/s]
 76%|███████▌  | 110074/145449 [17:41<05:52, 100.33it/s]
 76%|███████▌  | 110089/145449 [17:41<05:32, 106.27it/s]
 76%|███████▌  | 110100/145449 [17:41<06:06, 96.40it/s] 
 76%|███████▌  | 110110/145449 [17:41<06:34, 89.54it/s]
 76%|███████▌  | 110120/145449 [17:41<07:08, 82.38it/s]
 76%|███████▌  | 110130/145449 [17:41<07:16, 80.89it/s]
 76%|███████▌  | 110139/145449 [17:41<07:19, 80.43it/s]
 76%|███████▌  | 110151/145449 [17:42<07:00, 84.02it/s]
 76%|███████▌  | 110163/145449 [17:42<06:22, 92.22it/s]
 76%|███████▌  | 110174/145449 [17:42<06:15, 93.84it/s]
 76%|███████▌  | 110189/145449 [17:42<05:29, 107.15it/s]
 76%|███████▌  | 110200/145449 [17:42<06:06, 96.30it/s] 
 76%|███████▌  | 110211/145449 [17:42<06:00, 97.84it/s]
 76%|███████▌  | 110223/145449 [17:42<05:42, 102.90it/s]
 76%|███████▌  | 110234/145449 [17:42<05:49, 100.80it/s]
 76%|███████▌  | 110245/145449 [17:42<05:56, 98.82it/s] 
 76%|███████▌  | 110255/145449 [17:43<05:57, 98.47it/s]
 76%|███████▌  | 110267/145449 [17:43<05:48, 100.87it/s]
 76%|███████▌  | 110281/145449 [17:43<05:19, 109.97it/s]
 76%|███████▌  | 110296/145449 [17:43<04:57, 118.15it/s]
 76%|███████▌  | 110310/145449 [17:43<04:50, 121.04it/s]
 76%|███████▌  | 110323/145449 [17:43<05:58, 97.93it/s] 
 76%|███████▌  | 110334/145449 [17:43<07:02, 83.08it/s]
 76%|███████▌  | 110344/145449 [17:44<06:51, 85.23it/s]
 76%|███████▌  | 110358/145449 [17:44<06:00, 97.23it/s]
 76%|███████▌  | 110370/145449 [17:44<06:21, 91.99it/s]
 76%|███████▌  | 110384/145449 [17:44<05:39, 103.18it/s]
 76%|███████▌  | 110396/145449 [17:44<05:34, 104.91it/s]
 76%|███████▌  | 110407/145449 [17:44<05:51, 99.82it/s] 
 76%|███████▌  | 110418/145449 [17:44<07:27, 78.23it/s]
 76%|███████▌  | 110427/145449 [17:44<08:32, 68.29it/s]
 76%|███████▌  | 110435/145449 [17:45<08:18, 70.28it/s]
 76%|███████▌  | 110445/145449 [17:45<07:34, 77.06it/s]
 76%|███████▌  | 110460/145449 [17:45<06:11, 94.31it/s]
 76%|███████▌  | 110471/145449 [17:45<06:41, 87.06it/s]
 76%|███████▌  | 110485/145449 [17:45<06:12, 93.86it/s]
 76%|███████▌  | 110495/145449 [17:45<06:50, 85.09it/s]
 76%|███████▌  | 110504/145449 [17:45<07:02, 82.76it/s]
 76%|███████▌  | 110513/145449 [17:46<08:06, 71.81it/s]
 76%|███████▌  | 110523/145449 [17:46<07:28, 77.88it/s]
 76%|███████▌  | 110534/145449 [17:46<06:59, 83.19it/s]
 76%|███████▌  | 110543/145449 [17:46<07:06, 81.83it/s]
 76%|███████▌  | 110556/145449 [17:46<06:13, 93.33it/s]
 76%|███████▌  | 110568/145449 [17:46<05:51, 99.19it/s]
 76%|███████▌  | 110579/145449 [17:46<05:49, 99.90it/s]
 76%|███████▌  | 110596/145449 [17:46<04:58, 116.64it/s]
 76%|███████▌  | 110608/145449 [17:46<04:58, 116.79it/s]
 76%|███████▌  | 110620/145449 [17:47<05:31, 105.18it/s]
 76%|███████▌  | 110631/145449 [17:47<06:14, 92.91it/s] 
 76%|███████▌  | 110650/145449 [17:47<05:01, 115.45it/s]
 76%|███████▌  | 110665/145449 [17:47<04:40, 123.81it/s]
 76%|███████▌  | 110683/145449 [17:47<04:13, 137.41it/s]
 76%|███████▌  | 110698/145449 [17:47<04:13, 137.03it/s]
 76%|███████▌  | 110713/145449 [17:47<05:06, 113.18it/s]
 76%|███████▌  | 110726/145449 [17:47<05:31, 104.79it/s]
 76%|███████▌  | 110738/145449 [17:48<06:33, 88.13it/s] 
 76%|███████▌  | 110748/145449 [17:48<06:54, 83.64it/s]
 76%|███████▌  | 110757/145449 [17:48<07:00, 82.54it/s]
 76%|███████▌  | 110766/145449 [17:48<07:07, 81.21it/s]
 76%|███████▌  | 110781/145449 [17:48<05:58, 96.80it/s]
 76%|███████▌  | 110797/145449 [17:48<05:10, 111.70it/s]
 76%|███████▌  | 110811/145449 [17:48<04:53, 117.83it/s]
 76%|███████▌  | 110826/145449 [17:48<04:34, 126.36it/s]
 76%|███████▌  | 110840/145449 [17:49<04:57, 116.26it/s]
 76%|███████▌  | 110858/145449 [17:49<04:29, 128.45it/s]
 76%|███████▌  | 110872/145449 [17:49<04:54, 117.58it/s]
 76%|███████▌  | 110885/145449 [17:49<05:37, 102.33it/s]
 76%|███████▌  | 110896/145449 [17:49<06:29, 88.80it/s] 
 76%|███████▋  | 110906/145449 [17:49<06:42, 85.84it/s]
 76%|███████▋  | 110918/145449 [17:49<06:16, 91.63it/s]
 76%|███████▋  | 110928/145449 [17:50<06:12, 92.79it/s]
 76%|███████▋  | 110938/145449 [17:50<06:38, 86.55it/s]
 76%|███████▋  | 110947/145449 [17:50<06:36, 86.94it/s]
 76%|███████▋  | 110959/145449 [17:50<06:02, 95.27it/s]
 76%|███████▋  | 110981/145449 [17:50<04:30, 127.19it/s]
 76%|███████▋  | 110998/145449 [17:50<04:08, 138.60it/s]
 76%|███████▋  | 111013/145449 [17:50<04:09, 138.03it/s]
 76%|███████▋  | 111028/145449 [17:50<04:19, 132.69it/s]
 76%|███████▋  | 111042/145449 [17:50<04:20, 132.23it/s]
 76%|███████▋  | 111056/145449 [17:51<04:35, 125.01it/s]
 76%|███████▋  | 111069/145449 [17:51<04:52, 117.36it/s]
 76%|███████▋  | 111081/145449 [17:51<05:40, 101.06it/s]
 76%|███████▋  | 111096/145449 [17:51<05:09, 110.98it/s]
 76%|███████▋  | 111114/145449 [17:51<04:34, 125.25it/s]
 76%|███████▋  | 111127/145449 [17:51<05:22, 106.45it/s]
 76%|███████▋  | 111143/145449 [17:51<04:49, 118.69it/s]
 76%|███████▋  | 111156/145449 [17:51<05:00, 114.11it/s]
 76%|███████▋  | 111169/145449 [17:52<05:12, 109.78it/s]
 76%|███████▋  | 111181/145449 [17:52<05:15, 108.76it/s]
 76%|███████▋  | 111193/145449 [17:52<06:05, 93.78it/s] 
 76%|███████▋  | 111207/145449 [17:52<05:34, 102.40it/s]
 76%|███████▋  | 111220/145449 [17:52<05:22, 106.19it/s]
 76%|███████▋  | 111232/145449 [17:52<06:04, 93.84it/s] 
 76%|███████▋  | 111242/145449 [17:52<06:43, 84.79it/s]
 76%|███████▋  | 111253/145449 [17:52<06:30, 87.62it/s]
 76%|███████▋  | 111263/145449 [17:53<06:46, 84.11it/s]
 77%|███████▋  | 111281/145449 [17:53<05:25, 104.82it/s]
 77%|███████▋  | 111300/145449 [17:53<04:32, 125.30it/s]
 77%|███████▋  | 111315/145449 [17:53<04:22, 129.92it/s]
 77%|███████▋  | 111332/145449 [17:53<04:04, 139.73it/s]
 77%|███████▋  | 111347/145449 [17:53<04:57, 114.56it/s]
 77%|███████▋  | 111360/145449 [17:53<05:06, 111.36it/s]
 77%|███████▋  | 111372/145449 [17:54<05:33, 102.30it/s]
 77%|███████▋  | 111383/145449 [17:54<05:35, 101.46it/s]
 77%|███████▋  | 111399/145449 [17:54<04:56, 115.03it/s]
 77%|███████▋  | 111416/145449 [17:54<04:27, 127.46it/s]
 77%|███████▋  | 111430/145449 [17:54<04:22, 129.58it/s]
 77%|███████▋  | 111449/145449 [17:54<03:57, 143.41it/s]
 77%|███████▋  | 111464/145449 [17:54<04:34, 123.83it/s]
 77%|███████▋  | 111479/145449 [17:54<04:27, 127.12it/s]
 77%|███████▋  | 111495/145449 [17:54<04:11, 135.05it/s]
 77%|███████▋  | 111509/145449 [17:55<04:20, 130.46it/s]
 77%|███████▋  | 111523/145449 [17:55<04:15, 132.55it/s]
 77%|███████▋  | 111537/145449 [17:55<04:51, 116.42it/s]
 77%|███████▋  | 111556/145449 [17:55<04:12, 134.27it/s]
 77%|███████▋  | 111572/145449 [17:55<04:05, 137.91it/s]
 77%|███████▋  | 111587/145449 [17:55<04:56, 114.20it/s]
 77%|███████▋  | 111604/145449 [17:55<04:30, 125.00it/s]
 77%|███████▋  | 111618/145449 [17:55<04:56, 114.25it/s]
 77%|███████▋  | 111633/145449 [17:56<04:38, 121.45it/s]
 77%|███████▋  | 111648/145449 [17:56<04:23, 128.44it/s]
 77%|███████▋  | 111662/145449 [17:56<04:18, 130.74it/s]
 77%|███████▋  | 111678/145449 [17:56<04:14, 132.57it/s]
 77%|███████▋  | 111692/145449 [17:56<05:17, 106.22it/s]
 77%|███████▋  | 111704/145449 [17:56<05:17, 106.18it/s]
 77%|███████▋  | 111716/145449 [17:56<05:40, 99.00it/s] 
 77%|███████▋  | 111727/145449 [17:56<05:59, 93.76it/s]
 77%|███████▋  | 111738/145449 [17:57<05:49, 96.59it/s]
 77%|███████▋  | 111748/145449 [17:57<06:45, 83.21it/s]
 77%|███████▋  | 111760/145449 [17:57<06:32, 85.84it/s]
 77%|███████▋  | 111772/145449 [17:57<06:04, 92.30it/s]
 77%|███████▋  | 111785/145449 [17:57<05:47, 96.80it/s]
 77%|███████▋  | 111795/145449 [17:57<06:56, 80.87it/s]
 77%|███████▋  | 111809/145449 [17:57<06:05, 92.07it/s]
 77%|███████▋  | 111821/145449 [17:58<05:57, 93.99it/s]
 77%|███████▋  | 111831/145449 [17:58<06:23, 87.58it/s]
 77%|███████▋  | 111843/145449 [17:58<05:54, 94.77it/s]
 77%|███████▋  | 111859/145449 [17:58<05:06, 109.62it/s]
 77%|███████▋  | 111874/145449 [17:58<04:42, 118.81it/s]
 77%|███████▋  | 111891/145449 [17:58<04:22, 128.05it/s]
 77%|███████▋  | 111905/145449 [17:58<04:34, 122.21it/s]
 77%|███████▋  | 111918/145449 [17:58<04:52, 114.81it/s]
 77%|███████▋  | 111932/145449 [17:58<04:36, 121.03it/s]
 77%|███████▋  | 111945/145449 [17:59<04:50, 115.29it/s]
 77%|███████▋  | 111957/145449 [17:59<04:51, 114.77it/s]
 77%|███████▋  | 111975/145449 [17:59<04:13, 131.96it/s]
 77%|███████▋  | 111989/145449 [17:59<04:16, 130.55it/s]
 77%|███████▋  | 112006/145449 [17:59<03:58, 140.31it/s]
 77%|███████▋  | 112021/145449 [17:59<04:38, 119.97it/s]
 77%|███████▋  | 112034/145449 [17:59<05:23, 103.20it/s]
 77%|███████▋  | 112048/145449 [17:59<05:00, 111.26it/s]
 77%|███████▋  | 112064/145449 [18:00<04:35, 121.36it/s]
 77%|███████▋  | 112077/145449 [18:00<05:19, 104.32it/s]
 77%|███████▋  | 112089/145449 [18:00<05:41, 97.81it/s] 
 77%|███████▋  | 112102/145449 [18:00<05:17, 105.01it/s]
 77%|███████▋  | 112118/145449 [18:00<04:42, 117.92it/s]
 77%|███████▋  | 112131/145449 [18:00<05:15, 105.72it/s]
 77%|███████▋  | 112143/145449 [18:00<05:17, 104.90it/s]
 77%|███████▋  | 112154/145449 [18:00<05:31, 100.47it/s]
 77%|███████▋  | 112165/145449 [18:01<05:47, 95.70it/s] 
 77%|███████▋  | 112175/145449 [18:01<05:57, 93.05it/s]
 77%|███████▋  | 112186/145449 [18:01<05:44, 96.69it/s]
 77%|███████▋  | 112197/145449 [18:01<05:40, 97.75it/s]
 77%|███████▋  | 112207/145449 [18:01<07:31, 73.69it/s]
 77%|███████▋  | 112218/145449 [18:01<06:54, 80.17it/s]
 77%|███████▋  | 112239/145449 [18:01<05:05, 108.79it/s]
 77%|███████▋  | 112251/145449 [18:01<04:58, 111.24it/s]
 77%|███████▋  | 112264/145449 [18:02<04:48, 115.01it/s]
 77%|███████▋  | 112277/145449 [18:02<05:30, 100.40it/s]
 77%|███████▋  | 112288/145449 [18:02<05:31, 100.00it/s]
 77%|███████▋  | 112301/145449 [18:02<05:14, 105.55it/s]
 77%|███████▋  | 112316/145449 [18:02<04:48, 114.69it/s]
 77%|███████▋  | 112328/145449 [18:02<05:02, 109.57it/s]
 77%|███████▋  | 112340/145449 [18:02<06:08, 89.84it/s] 
 77%|███████▋  | 112350/145449 [18:02<06:08, 89.80it/s]
 77%|███████▋  | 112360/145449 [18:03<06:05, 90.61it/s]
 77%|███████▋  | 112376/145449 [18:03<05:07, 107.50it/s]
 77%|███████▋  | 112394/145449 [18:03<04:21, 126.62it/s]
 77%|███████▋  | 112408/145449 [18:03<05:32, 99.34it/s] 
 77%|███████▋  | 112423/145449 [18:03<04:57, 111.02it/s]
 77%|███████▋  | 112436/145449 [18:03<05:46, 95.18it/s] 
 77%|███████▋  | 112449/145449 [18:03<05:25, 101.35it/s]
 77%|███████▋  | 112470/145449 [18:03<04:19, 126.85it/s]
 77%|███████▋  | 112491/145449 [18:04<03:44, 147.06it/s]
 77%|███████▋  | 112507/145449 [18:04<03:44, 146.58it/s]
 77%|███████▋  | 112523/145449 [18:04<04:07, 133.07it/s]
 77%|███████▋  | 112539/145449 [18:04<04:02, 135.84it/s]
 77%|███████▋  | 112554/145449 [18:04<04:31, 121.30it/s]
 77%|███████▋  | 112567/145449 [18:04<04:40, 117.31it/s]
 77%|███████▋  | 112580/145449 [18:04<04:40, 117.03it/s]
 77%|███████▋  | 112598/145449 [18:04<04:07, 132.70it/s]
 77%|███████▋  | 112614/145449 [18:05<04:03, 134.63it/s]
 77%|███████▋  | 112630/145449 [18:05<03:53, 140.72it/s]
 77%|███████▋  | 112645/145449 [18:05<04:09, 131.54it/s]
 77%|███████▋  | 112659/145449 [18:05<04:46, 114.25it/s]
 77%|███████▋  | 112675/145449 [18:05<04:25, 123.57it/s]
 77%|███████▋  | 112689/145449 [18:05<04:22, 124.98it/s]
 77%|███████▋  | 112702/145449 [18:05<04:52, 112.06it/s]
 77%|███████▋  | 112714/145449 [18:05<04:51, 112.20it/s]
 78%|███████▊  | 112731/145449 [18:06<04:24, 123.49it/s]
 78%|███████▊  | 112748/145449 [18:06<04:11, 130.15it/s]
 78%|███████▊  | 112762/145449 [18:06<04:52, 111.90it/s]
 78%|███████▊  | 112781/145449 [18:06<04:17, 127.04it/s]
 78%|███████▊  | 112795/145449 [18:06<04:16, 127.23it/s]
 78%|███████▊  | 112809/145449 [18:06<04:21, 124.78it/s]
 78%|███████▊  | 112825/145449 [18:06<04:04, 133.39it/s]
 78%|███████▊  | 112839/145449 [18:06<04:27, 121.98it/s]
 78%|███████▊  | 112852/145449 [18:07<04:26, 122.50it/s]
 78%|███████▊  | 112865/145449 [18:07<04:50, 112.02it/s]
 78%|███████▊  | 112877/145449 [18:07<05:18, 102.31it/s]
 78%|███████▊  | 112888/145449 [18:07<05:28, 98.99it/s] 
 78%|███████▊  | 112899/145449 [18:07<05:47, 93.69it/s]
 78%|███████▊  | 112914/145449 [18:07<05:12, 104.19it/s]
 78%|███████▊  | 112925/145449 [18:07<05:22, 100.97it/s]
 78%|███████▊  | 112942/145449 [18:07<04:45, 113.87it/s]
 78%|███████▊  | 112954/145449 [18:08<05:05, 106.22it/s]
 78%|███████▊  | 112967/145449 [18:08<05:09, 104.84it/s]
 78%|███████▊  | 112978/145449 [18:08<06:19, 85.62it/s] 
 78%|███████▊  | 112989/145449 [18:08<06:04, 88.99it/s]
 78%|███████▊  | 113004/145449 [18:08<05:29, 98.37it/s]
 78%|███████▊  | 113017/145449 [18:08<05:19, 101.52it/s]
 78%|███████▊  | 113030/145449 [18:08<05:01, 107.47it/s]
 78%|███████▊  | 113042/145449 [18:08<05:02, 107.25it/s]
 78%|███████▊  | 113057/145449 [18:09<04:38, 116.32it/s]
 78%|███████▊  | 113069/145449 [18:09<05:18, 101.76it/s]
 78%|███████▊  | 113080/145449 [18:09<05:13, 103.31it/s]
 78%|███████▊  | 113093/145449 [18:09<04:59, 107.91it/s]
 78%|███████▊  | 113105/145449 [18:09<05:41, 94.62it/s] 
 78%|███████▊  | 113116/145449 [18:09<05:29, 98.13it/s]
 78%|███████▊  | 113131/145449 [18:09<04:57, 108.59it/s]
 78%|███████▊  | 113147/145449 [18:09<04:41, 114.90it/s]
 78%|███████▊  | 113159/145449 [18:10<04:52, 110.32it/s]
 78%|███████▊  | 113171/145449 [18:10<05:01, 107.16it/s]
 78%|███████▊  | 113185/145449 [18:10<04:51, 110.67it/s]
 78%|███████▊  | 113198/145449 [18:10<04:44, 113.31it/s]
 78%|███████▊  | 113210/145449 [18:10<04:47, 112.20it/s]
 78%|███████▊  | 113228/145449 [18:10<04:14, 126.42it/s]
 78%|███████▊  | 113241/145449 [18:10<04:34, 117.46it/s]
 78%|███████▊  | 113253/145449 [18:10<04:41, 114.33it/s]
 78%|███████▊  | 113267/145449 [18:10<04:32, 118.14it/s]
 78%|███████▊  | 113279/145449 [18:11<04:37, 115.94it/s]
 78%|███████▊  | 113291/145449 [18:11<05:24, 99.01it/s] 
 78%|███████▊  | 113302/145449 [18:11<05:26, 98.49it/s]
 78%|███████▊  | 113316/145449 [18:11<04:56, 108.37it/s]
 78%|███████▊  | 113328/145449 [18:11<05:18, 100.77it/s]
 78%|███████▊  | 113339/145449 [18:11<05:27, 97.97it/s] 
 78%|███████▊  | 113355/145449 [18:11<04:56, 108.42it/s]
 78%|███████▊  | 113370/145449 [18:11<04:29, 119.05it/s]
 78%|███████▊  | 113383/145449 [18:12<04:47, 111.35it/s]
 78%|███████▊  | 113396/145449 [18:12<04:39, 114.83it/s]
 78%|███████▊  | 113408/145449 [18:12<04:38, 115.06it/s]
 78%|███████▊  | 113427/145449 [18:12<03:58, 134.21it/s]
 78%|███████▊  | 113441/145449 [18:12<04:09, 128.51it/s]
 78%|███████▊  | 113455/145449 [18:12<04:04, 130.62it/s]
 78%|███████▊  | 113469/145449 [18:12<04:13, 126.30it/s]
 78%|███████▊  | 113485/145449 [18:12<03:59, 133.63it/s]
 78%|███████▊  | 113499/145449 [18:13<04:52, 109.20it/s]
 78%|███████▊  | 113511/145449 [18:13<05:00, 106.25it/s]
 78%|███████▊  | 113523/145449 [18:13<05:19, 99.91it/s] 
 78%|███████▊  | 113534/145449 [18:13<05:46, 92.14it/s]
 78%|███████▊  | 113547/145449 [18:13<05:19, 99.73it/s]
 78%|███████▊  | 113566/145449 [18:13<04:27, 119.21it/s]
 78%|███████▊  | 113581/145449 [18:13<04:14, 125.24it/s]
 78%|███████▊  | 113600/145449 [18:13<03:44, 141.77it/s]
 78%|███████▊  | 113615/145449 [18:14<04:47, 110.81it/s]
 78%|███████▊  | 113628/145449 [18:14<04:36, 114.89it/s]
 78%|███████▊  | 113641/145449 [18:14<04:47, 110.55it/s]
 78%|███████▊  | 113653/145449 [18:14<04:42, 112.59it/s]
 78%|███████▊  | 113665/145449 [18:14<04:43, 112.09it/s]
 78%|███████▊  | 113680/145449 [18:14<06:10, 85.64it/s] 
 78%|███████▊  | 113690/145449 [18:14<06:00, 88.03it/s]
 78%|███████▊  | 113710/145449 [18:14<04:42, 112.31it/s]
 78%|███████▊  | 113723/145449 [18:15<05:23, 98.02it/s] 
 78%|███████▊  | 113734/145449 [18:15<05:18, 99.69it/s]
 78%|███████▊  | 113745/145449 [18:15<05:14, 100.79it/s]
 78%|███████▊  | 113756/145449 [18:15<05:32, 95.29it/s] 
 78%|███████▊  | 113768/145449 [18:15<05:23, 97.96it/s]
 78%|███████▊  | 113782/145449 [18:15<05:05, 103.72it/s]
 78%|███████▊  | 113793/145449 [18:15<05:14, 100.81it/s]
 78%|███████▊  | 113804/145449 [18:16<06:14, 84.40it/s] 
 78%|███████▊  | 113818/145449 [18:16<05:27, 96.55it/s]
 78%|███████▊  | 113829/145449 [18:16<05:28, 96.17it/s]
 78%|███████▊  | 113840/145449 [18:16<05:36, 94.02it/s]
 78%|███████▊  | 113850/145449 [18:16<05:37, 93.63it/s]
 78%|███████▊  | 113860/145449 [18:16<06:27, 81.61it/s]
 78%|███████▊  | 113869/145449 [18:16<06:48, 77.35it/s]
 78%|███████▊  | 113878/145449 [18:16<07:34, 69.39it/s]
 78%|███████▊  | 113886/145449 [18:17<07:27, 70.59it/s]
 78%|███████▊  | 113894/145449 [18:17<07:54, 66.50it/s]
 78%|███████▊  | 113901/145449 [18:17<08:03, 65.21it/s]
 78%|███████▊  | 113908/145449 [18:17<07:59, 65.73it/s]
 78%|███████▊  | 113917/145449 [18:17<07:28, 70.33it/s]
 78%|███████▊  | 113925/145449 [18:17<07:25, 70.75it/s]
 78%|███████▊  | 113933/145449 [18:17<07:33, 69.43it/s]
 78%|███████▊  | 113947/145449 [18:17<06:17, 83.41it/s]
 78%|███████▊  | 113956/145449 [18:18<07:06, 73.86it/s]
 78%|███████▊  | 113966/145449 [18:18<06:35, 79.59it/s]
 78%|███████▊  | 113975/145449 [18:18<08:36, 60.92it/s]
 78%|███████▊  | 113982/145449 [18:18<09:21, 56.07it/s]
 78%|███████▊  | 113993/145449 [18:18<07:51, 66.72it/s]
 78%|███████▊  | 114002/145449 [18:18<07:32, 69.51it/s]
 78%|███████▊  | 114014/145449 [18:18<06:36, 79.36it/s]
 78%|███████▊  | 114025/145449 [18:18<06:01, 87.00it/s]
 78%|███████▊  | 114036/145449 [18:19<05:40, 92.20it/s]
 78%|███████▊  | 114046/145449 [18:19<05:45, 91.02it/s]
 78%|███████▊  | 114056/145449 [18:19<06:05, 85.81it/s]
 78%|███████▊  | 114067/145449 [18:19<05:49, 89.82it/s]
 78%|███████▊  | 114078/145449 [18:19<05:33, 94.13it/s]
 78%|███████▊  | 114088/145449 [18:19<05:48, 90.06it/s]
 78%|███████▊  | 114104/145449 [18:19<04:57, 105.46it/s]
 78%|███████▊  | 114115/145449 [18:19<05:00, 104.13it/s]
 78%|███████▊  | 114130/145449 [18:19<04:29, 116.30it/s]
 78%|███████▊  | 114145/145449 [18:20<04:17, 121.43it/s]
 78%|███████▊  | 114158/145449 [18:20<04:49, 108.05it/s]
 78%|███████▊  | 114171/145449 [18:20<04:37, 112.88it/s]
 79%|███████▊  | 114183/145449 [18:20<05:25, 95.96it/s] 
 79%|███████▊  | 114196/145449 [18:20<05:01, 103.64it/s]
 79%|███████▊  | 114207/145449 [18:20<05:26, 95.64it/s] 
 79%|███████▊  | 114218/145449 [18:20<05:53, 88.23it/s]
 79%|███████▊  | 114228/145449 [18:20<05:50, 89.04it/s]
 79%|███████▊  | 114240/145449 [18:21<05:24, 96.19it/s]
 79%|███████▊  | 114253/145449 [18:21<04:58, 104.46it/s]
 79%|███████▊  | 114264/145449 [18:21<05:01, 103.33it/s]
 79%|███████▊  | 114277/145449 [18:21<04:41, 110.60it/s]
 79%|███████▊  | 114292/145449 [18:21<04:29, 115.57it/s]
 79%|███████▊  | 114304/145449 [18:21<05:41, 91.33it/s] 
 79%|███████▊  | 114317/145449 [18:21<05:15, 98.80it/s]
 79%|███████▊  | 114328/145449 [18:22<06:11, 83.78it/s]
 79%|███████▊  | 114338/145449 [18:22<06:27, 80.34it/s]
 79%|███████▊  | 114347/145449 [18:22<06:29, 79.85it/s]
 79%|███████▊  | 114363/145449 [18:22<05:14, 98.90it/s]
 79%|███████▊  | 114376/145449 [18:22<04:58, 104.15it/s]
 79%|███████▊  | 114387/145449 [18:22<05:45, 89.80it/s] 
 79%|███████▊  | 114400/145449 [18:22<05:18, 97.36it/s]
 79%|███████▊  | 114411/145449 [18:22<05:10, 99.93it/s]
 79%|███████▊  | 114422/145449 [18:23<05:35, 92.37it/s]
 79%|███████▊  | 114432/145449 [18:23<06:22, 81.05it/s]
 79%|███████▊  | 114443/145449 [18:23<06:06, 84.58it/s]
 79%|███████▊  | 114452/145449 [18:23<07:11, 71.85it/s]
 79%|███████▊  | 114464/145449 [18:23<06:17, 82.18it/s]
 79%|███████▊  | 114477/145449 [18:23<05:31, 93.34it/s]
 79%|███████▊  | 114488/145449 [18:23<06:40, 77.36it/s]
 79%|███████▊  | 114498/145449 [18:23<06:15, 82.45it/s]
 79%|███████▊  | 114508/145449 [18:24<06:33, 78.57it/s]
 79%|███████▊  | 114517/145449 [18:24<06:20, 81.25it/s]
 79%|███████▊  | 114526/145449 [18:24<06:31, 79.05it/s]
 79%|███████▊  | 114535/145449 [18:24<07:00, 73.44it/s]
 79%|███████▉  | 114544/145449 [18:24<06:45, 76.17it/s]
 79%|███████▉  | 114553/145449 [18:24<06:38, 77.61it/s]
 79%|███████▉  | 114564/145449 [18:24<06:13, 82.77it/s]
 79%|███████▉  | 114579/145449 [18:24<05:07, 100.53it/s]
 79%|███████▉  | 114592/145449 [18:25<04:52, 105.62it/s]
 79%|███████▉  | 114606/145449 [18:25<04:33, 112.62it/s]
 79%|███████▉  | 114618/145449 [18:25<04:41, 109.62it/s]
 79%|███████▉  | 114630/145449 [18:25<05:38, 90.97it/s] 
 79%|███████▉  | 114645/145449 [18:25<05:08, 99.91it/s]
 79%|███████▉  | 114656/145449 [18:25<05:12, 98.65it/s]
 79%|███████▉  | 114667/145449 [18:25<05:28, 93.78it/s]
 79%|███████▉  | 114677/145449 [18:25<05:32, 92.51it/s]
 79%|███████▉  | 114693/145449 [18:26<04:39, 109.91it/s]
 79%|███████▉  | 114706/145449 [18:26<04:46, 107.18it/s]
 79%|███████▉  | 114718/145449 [18:26<05:32, 92.32it/s] 
 79%|███████▉  | 114728/145449 [18:26<06:47, 75.34it/s]
 79%|███████▉  | 114737/145449 [18:26<06:59, 73.22it/s]
 79%|███████▉  | 114747/145449 [18:26<06:38, 77.04it/s]
 79%|███████▉  | 114756/145449 [18:26<06:41, 76.51it/s]
 79%|███████▉  | 114767/145449 [18:26<06:04, 84.12it/s]
 79%|███████▉  | 114785/145449 [18:27<04:50, 105.63it/s]
 79%|███████▉  | 114798/145449 [18:27<04:38, 110.25it/s]
 79%|███████▉  | 114810/145449 [18:27<04:38, 110.13it/s]
 79%|███████▉  | 114823/145449 [18:27<04:26, 115.03it/s]
 79%|███████▉  | 114837/145449 [18:27<04:12, 121.34it/s]
 79%|███████▉  | 114850/145449 [18:27<05:02, 101.23it/s]
 79%|███████▉  | 114861/145449 [18:27<05:21, 95.16it/s] 
 79%|███████▉  | 114872/145449 [18:27<05:20, 95.31it/s]
 79%|███████▉  | 114882/145449 [18:28<05:20, 95.27it/s]
 79%|███████▉  | 114895/145449 [18:28<04:56, 103.08it/s]
 79%|███████▉  | 114906/145449 [18:28<05:25, 93.86it/s] 
 79%|███████▉  | 114916/145449 [18:28<05:38, 90.12it/s]
 79%|███████▉  | 114926/145449 [18:28<05:41, 89.40it/s]
 79%|███████▉  | 114940/145449 [18:28<05:00, 101.65it/s]
 79%|███████▉  | 114959/145449 [18:28<04:08, 122.89it/s]
 79%|███████▉  | 114974/145449 [18:28<04:15, 119.50it/s]
 79%|███████▉  | 114987/145449 [18:28<04:10, 121.49it/s]
 79%|███████▉  | 115000/145449 [18:29<04:16, 118.91it/s]
 79%|███████▉  | 115013/145449 [18:29<04:11, 121.02it/s]
 79%|███████▉  | 115026/145449 [18:29<04:14, 119.64it/s]
 79%|███████▉  | 115042/145449 [18:29<04:00, 126.49it/s]
 79%|███████▉  | 115055/145449 [18:29<04:07, 123.04it/s]
 79%|███████▉  | 115072/145449 [18:29<03:45, 134.83it/s]
 79%|███████▉  | 115088/145449 [18:29<03:38, 138.90it/s]
 79%|███████▉  | 115102/145449 [18:29<04:05, 123.69it/s]
 79%|███████▉  | 115115/145449 [18:30<04:18, 117.55it/s]
 79%|███████▉  | 115130/145449 [18:30<04:03, 124.71it/s]
 79%|███████▉  | 115143/145449 [18:30<04:01, 125.54it/s]
 79%|███████▉  | 115156/145449 [18:30<04:37, 109.28it/s]
 79%|███████▉  | 115170/145449 [18:30<04:39, 108.42it/s]
 79%|███████▉  | 115186/145449 [18:30<04:12, 119.75it/s]
 79%|███████▉  | 115200/145449 [18:30<04:04, 123.61it/s]
 79%|███████▉  | 115213/145449 [18:30<04:19, 116.53it/s]
 79%|███████▉  | 115231/145449 [18:30<04:00, 125.60it/s]
 79%|███████▉  | 115244/145449 [18:31<04:20, 115.81it/s]
 79%|███████▉  | 115259/145449 [18:31<04:14, 118.43it/s]
 79%|███████▉  | 115271/145449 [18:31<05:31, 90.93it/s] 
 79%|███████▉  | 115282/145449 [18:31<05:56, 84.66it/s]
 79%|███████▉  | 115292/145449 [18:31<05:48, 86.63it/s]
 79%|███████▉  | 115302/145449 [18:31<06:03, 82.90it/s]
 79%|███████▉  | 115311/145449 [18:31<06:21, 79.03it/s]
 79%|███████▉  | 115321/145449 [18:32<05:58, 83.95it/s]
 79%|███████▉  | 115333/145449 [18:32<05:37, 89.29it/s]
 79%|███████▉  | 115349/145449 [18:32<04:49, 103.83it/s]
 79%|███████▉  | 115365/145449 [18:32<04:19, 115.98it/s]
 79%|███████▉  | 115382/145449 [18:32<03:51, 129.63it/s]
 79%|███████▉  | 115399/145449 [18:32<03:38, 137.68it/s]
 79%|███████▉  | 115414/145449 [18:32<04:29, 111.36it/s]
 79%|███████▉  | 115427/145449 [18:32<04:41, 106.50it/s]
 79%|███████▉  | 115439/145449 [18:33<05:40, 88.03it/s] 
 79%|███████▉  | 115449/145449 [18:33<05:50, 85.68it/s]
 79%|███████▉  | 115459/145449 [18:33<05:42, 87.66it/s]
 79%|███████▉  | 115471/145449 [18:33<05:19, 93.76it/s]
 79%|███████▉  | 115489/145449 [18:33<04:19, 115.46it/s]
 79%|███████▉  | 115504/145449 [18:33<04:04, 122.68it/s]
 79%|███████▉  | 115520/145449 [18:33<03:45, 132.53it/s]
 79%|███████▉  | 115538/145449 [18:33<03:26, 145.11it/s]
 79%|███████▉  | 115554/145449 [18:34<03:27, 144.04it/s]
 79%|███████▉  | 115569/145449 [18:34<04:35, 108.35it/s]
 79%|███████▉  | 115582/145449 [18:34<06:10, 80.53it/s] 
 79%|███████▉  | 115596/145449 [18:34<05:35, 88.99it/s]
 79%|███████▉  | 115607/145449 [18:34<05:22, 92.63it/s]
 79%|███████▉  | 115618/145449 [18:34<05:42, 87.11it/s]
 80%|███████▉  | 115633/145449 [18:35<05:02, 98.46it/s]
 80%|███████▉  | 115644/145449 [18:35<05:03, 98.18it/s]
 80%|███████▉  | 115660/145449 [18:35<04:25, 112.10it/s]
 80%|███████▉  | 115676/145449 [18:35<04:02, 122.55it/s]
 80%|███████▉  | 115697/145449 [18:35<03:24, 145.62it/s]
 80%|███████▉  | 115713/145449 [18:35<03:32, 139.82it/s]
 80%|███████▉  | 115729/145449 [18:35<03:26, 144.23it/s]
 80%|███████▉  | 115749/145449 [18:35<03:06, 159.34it/s]
 80%|███████▉  | 115766/145449 [18:35<03:42, 133.24it/s]
 80%|███████▉  | 115781/145449 [18:36<03:46, 130.97it/s]
 80%|███████▉  | 115795/145449 [18:36<03:55, 125.87it/s]
 80%|███████▉  | 115809/145449 [18:36<04:47, 103.18it/s]
 80%|███████▉  | 115821/145449 [18:36<04:42, 104.99it/s]
 80%|███████▉  | 115835/145449 [18:36<04:32, 108.68it/s]
 80%|███████▉  | 115847/145449 [18:36<04:56, 99.95it/s] 
 80%|███████▉  | 115858/145449 [18:36<05:06, 96.66it/s]
 80%|███████▉  | 115870/145449 [18:37<04:55, 100.12it/s]
 80%|███████▉  | 115884/145449 [18:37<04:39, 105.70it/s]
 80%|███████▉  | 115895/145449 [18:37<04:53, 100.64it/s]
 80%|███████▉  | 115906/145449 [18:37<05:18, 92.77it/s] 
 80%|███████▉  | 115917/145449 [18:37<05:47, 84.97it/s]
 80%|███████▉  | 115926/145449 [18:37<05:50, 84.15it/s]
 80%|███████▉  | 115935/145449 [18:37<05:46, 85.22it/s]
 80%|███████▉  | 115944/145449 [18:37<06:04, 80.87it/s]
 80%|███████▉  | 115956/145449 [18:37<05:30, 89.22it/s]
 80%|███████▉  | 115966/145449 [18:38<05:25, 90.64it/s]
 80%|███████▉  | 115980/145449 [18:38<04:43, 103.78it/s]
 80%|███████▉  | 115991/145449 [18:38<05:01, 97.68it/s] 
 80%|███████▉  | 116005/145449 [18:38<04:35, 106.98it/s]
 80%|███████▉  | 116016/145449 [18:38<04:47, 102.25it/s]
 80%|███████▉  | 116027/145449 [18:38<05:01, 97.58it/s] 
 80%|███████▉  | 116040/145449 [18:38<04:40, 104.78it/s]
 80%|███████▉  | 116054/145449 [18:38<04:22, 112.08it/s]
 80%|███████▉  | 116066/145449 [18:39<04:24, 110.89it/s]
 80%|███████▉  | 116078/145449 [18:39<04:35, 106.46it/s]
 80%|███████▉  | 116090/145449 [18:39<04:59, 98.12it/s] 
 80%|███████▉  | 116101/145449 [18:39<04:51, 100.55it/s]
 80%|███████▉  | 116112/145449 [18:39<04:47, 102.21it/s]
 80%|███████▉  | 116123/145449 [18:39<04:46, 102.29it/s]
 80%|███████▉  | 116138/145449 [18:39<04:16, 114.13it/s]
 80%|███████▉  | 116153/145449 [18:39<04:20, 112.56it/s]
 80%|███████▉  | 116165/145449 [18:39<04:50, 100.94it/s]
 80%|███████▉  | 116176/145449 [18:40<05:02, 96.76it/s] 
 80%|███████▉  | 116186/145449 [18:40<05:26, 89.55it/s]
 80%|███████▉  | 116199/145449 [18:40<04:58, 98.02it/s]
 80%|███████▉  | 116210/145449 [18:40<04:59, 97.73it/s]
 80%|███████▉  | 116220/145449 [18:40<05:08, 94.89it/s]
 80%|███████▉  | 116234/145449 [18:40<04:38, 104.93it/s]
 80%|███████▉  | 116245/145449 [18:40<05:07, 94.90it/s] 
 80%|███████▉  | 116255/145449 [18:40<05:11, 93.68it/s]
 80%|███████▉  | 116265/145449 [18:41<05:49, 83.39it/s]
 80%|███████▉  | 116274/145449 [18:41<06:45, 71.92it/s]
 80%|███████▉  | 116283/145449 [18:41<06:36, 73.50it/s]
 80%|███████▉  | 116294/145449 [18:41<06:00, 80.88it/s]
 80%|███████▉  | 116303/145449 [18:41<06:16, 77.50it/s]
 80%|███████▉  | 116314/145449 [18:41<05:52, 82.67it/s]
 80%|███████▉  | 116325/145449 [18:41<05:27, 89.00it/s]
 80%|███████▉  | 116335/145449 [18:41<05:58, 81.30it/s]
 80%|███████▉  | 116344/145449 [18:42<06:36, 73.33it/s]
 80%|███████▉  | 116353/145449 [18:42<06:18, 76.95it/s]
 80%|████████  | 116366/145449 [18:42<05:23, 89.84it/s]
 80%|████████  | 116378/145449 [18:42<05:02, 96.14it/s]
 80%|████████  | 116390/145449 [18:42<04:44, 102.16it/s]
 80%|████████  | 116403/145449 [18:42<04:50, 99.86it/s] 
 80%|████████  | 116414/145449 [18:42<05:21, 90.22it/s]
 80%|████████  | 116425/145449 [18:42<05:05, 94.99it/s]
 80%|████████  | 116437/145449 [18:43<04:49, 100.38it/s]
 80%|████████  | 116452/145449 [18:43<04:15, 113.27it/s]
 80%|████████  | 116469/145449 [18:43<03:45, 128.49it/s]
 80%|████████  | 116483/145449 [18:43<03:40, 131.50it/s]
 80%|████████  | 116499/145449 [18:43<03:27, 139.40it/s]
 80%|████████  | 116514/145449 [18:43<04:04, 118.43it/s]
 80%|████████  | 116527/145449 [18:43<04:31, 106.63it/s]
 80%|████████  | 116540/145449 [18:43<04:19, 111.60it/s]
 80%|████████  | 116552/145449 [18:44<04:45, 101.31it/s]
 80%|████████  | 116563/145449 [18:44<06:15, 76.96it/s] 
 80%|████████  | 116572/145449 [18:44<06:04, 79.16it/s]
 80%|████████  | 116584/145449 [18:44<05:26, 88.32it/s]
 80%|████████  | 116601/145449 [18:44<04:31, 106.15it/s]
 80%|████████  | 116613/145449 [18:44<04:24, 108.87it/s]
 80%|████████  | 116626/145449 [18:44<04:12, 114.21it/s]
 80%|████████  | 116641/145449 [18:44<04:29, 106.73it/s]
 80%|████████  | 116653/145449 [18:45<05:04, 94.42it/s] 
 80%|████████  | 116664/145449 [18:45<04:57, 96.67it/s]
 80%|████████  | 116675/145449 [18:45<05:34, 86.00it/s]
 80%|████████  | 116685/145449 [18:45<05:28, 87.46it/s]
 80%|████████  | 116696/145449 [18:45<05:21, 89.47it/s]
 80%|████████  | 116707/145449 [18:45<05:10, 92.59it/s]
 80%|████████  | 116717/145449 [18:45<05:28, 87.48it/s]
 80%|████████  | 116729/145449 [18:45<05:01, 95.11it/s]
 80%|████████  | 116740/145449 [18:46<04:57, 96.49it/s]
 80%|████████  | 116751/145449 [18:46<04:51, 98.61it/s]
 80%|████████  | 116769/145449 [18:46<03:57, 120.75it/s]
 80%|████████  | 116782/145449 [18:46<03:55, 121.78it/s]
 80%|████████  | 116795/145449 [18:46<03:54, 121.97it/s]
 80%|████████  | 116808/145449 [18:46<04:27, 107.13it/s]
 80%|████████  | 116820/145449 [18:46<04:41, 101.66it/s]
 80%|████████  | 116832/145449 [18:46<04:34, 104.40it/s]
 80%|████████  | 116843/145449 [18:46<04:42, 101.09it/s]
 80%|████████  | 116861/145449 [18:47<03:58, 120.00it/s]
 80%|████████  | 116874/145449 [18:47<04:19, 110.09it/s]
 80%|████████  | 116889/145449 [18:47<03:58, 119.78it/s]
 80%|████████  | 116903/145449 [18:47<03:50, 124.06it/s]
 80%|████████  | 116917/145449 [18:47<03:43, 127.67it/s]
 80%|████████  | 116931/145449 [18:47<04:01, 118.14it/s]
 80%|████████  | 116947/145449 [18:47<03:47, 125.38it/s]
 80%|████████  | 116964/145449 [18:47<03:31, 134.52it/s]
 80%|████████  | 116979/145449 [18:47<03:26, 137.69it/s]
 80%|████████  | 116993/145449 [18:48<03:37, 130.57it/s]
 80%|████████  | 117007/145449 [18:48<03:42, 128.06it/s]
 80%|████████  | 117020/145449 [18:48<04:09, 114.01it/s]
 80%|████████  | 117032/145449 [18:48<04:08, 114.45it/s]
 80%|████████  | 117044/145449 [18:48<04:16, 110.84it/s]
 80%|████████  | 117056/145449 [18:48<04:19, 109.21it/s]
 80%|████████  | 117074/145449 [18:48<03:42, 127.60it/s]
 81%|████████  | 117092/145449 [18:48<03:25, 137.69it/s]
 81%|████████  | 117106/145449 [18:49<03:41, 127.84it/s]
 81%|████████  | 117120/145449 [18:49<03:43, 126.57it/s]
 81%|████████  | 117133/145449 [18:49<03:54, 120.61it/s]
 81%|████████  | 117149/145449 [18:49<03:39, 128.80it/s]
 81%|████████  | 117163/145449 [18:49<03:54, 120.77it/s]
 81%|████████  | 117176/145449 [18:49<04:05, 114.96it/s]
 81%|████████  | 117188/145449 [18:49<04:21, 108.08it/s]
 81%|████████  | 117199/145449 [18:49<04:28, 105.31it/s]
 81%|████████  | 117210/145449 [18:50<04:33, 103.24it/s]
 81%|████████  | 117223/145449 [18:50<04:16, 110.17it/s]
 81%|████████  | 117235/145449 [18:50<04:19, 108.91it/s]
 81%|████████  | 117246/145449 [18:50<04:52, 96.33it/s] 
 81%|████████  | 117258/145449 [18:50<04:37, 101.43it/s]
 81%|████████  | 117271/145449 [18:50<04:18, 108.86it/s]
 81%|████████  | 117283/145449 [18:50<05:20, 87.88it/s] 
 81%|████████  | 117293/145449 [18:50<05:20, 87.78it/s]
 81%|████████  | 117303/145449 [18:51<06:55, 67.69it/s]
 81%|████████  | 117313/145449 [18:51<06:18, 74.36it/s]
 81%|████████  | 117329/145449 [18:51<05:03, 92.57it/s]
 81%|████████  | 117342/145449 [18:51<04:45, 98.45it/s]
 81%|████████  | 117356/145449 [18:51<04:18, 108.60it/s]
 81%|████████  | 117371/145449 [18:51<03:58, 117.57it/s]
 81%|████████  | 117384/145449 [18:51<04:11, 111.43it/s]
 81%|████████  | 117397/145449 [18:51<04:05, 114.07it/s]
 81%|████████  | 117411/145449 [18:52<03:52, 120.42it/s]
 81%|████████  | 117424/145449 [18:52<03:56, 118.46it/s]
 81%|████████  | 117437/145449 [18:52<04:45, 98.17it/s] 
 81%|████████  | 117448/145449 [18:52<04:37, 100.94it/s]
 81%|████████  | 117461/145449 [18:52<04:21, 106.91it/s]
 81%|████████  | 117480/145449 [18:52<03:37, 128.75it/s]
 81%|████████  | 117498/145449 [18:52<03:16, 142.35it/s]
 81%|████████  | 117513/145449 [18:52<03:30, 132.85it/s]
 81%|████████  | 117527/145449 [18:52<03:52, 120.21it/s]
 81%|████████  | 117540/145449 [18:53<04:12, 110.71it/s]
 81%|████████  | 117552/145449 [18:53<04:27, 104.14it/s]
 81%|████████  | 117563/145449 [18:53<04:35, 101.08it/s]
 81%|████████  | 117574/145449 [18:53<04:39, 99.62it/s] 
 81%|████████  | 117588/145449 [18:53<04:14, 109.44it/s]
 81%|████████  | 117606/145449 [18:53<03:40, 126.25it/s]
 81%|████████  | 117619/145449 [18:53<03:40, 125.96it/s]
 81%|████████  | 117634/145449 [18:53<03:33, 130.38it/s]
 81%|████████  | 117648/145449 [18:54<03:31, 131.60it/s]
 81%|████████  | 117662/145449 [18:54<04:18, 107.63it/s]
 81%|████████  | 117674/145449 [18:54<04:15, 108.88it/s]
 81%|████████  | 117688/145449 [18:54<04:03, 114.09it/s]
 81%|████████  | 117700/145449 [18:54<04:13, 109.42it/s]
 81%|████████  | 117715/145449 [18:54<03:51, 119.96it/s]
 81%|████████  | 117728/145449 [18:54<03:51, 119.84it/s]
 81%|████████  | 117745/145449 [18:54<03:30, 131.88it/s]
 81%|████████  | 117760/145449 [18:54<03:23, 136.10it/s]
 81%|████████  | 117774/145449 [18:55<03:39, 126.27it/s]
 81%|████████  | 117787/145449 [18:55<03:44, 123.19it/s]
 81%|████████  | 117803/145449 [18:55<03:30, 131.43it/s]
 81%|████████  | 117817/145449 [18:55<03:35, 127.93it/s]
 81%|████████  | 117830/145449 [18:55<04:01, 114.52it/s]
 81%|████████  | 117842/145449 [18:55<04:00, 115.01it/s]
 81%|████████  | 117854/145449 [18:55<04:13, 108.89it/s]
 81%|████████  | 117866/145449 [18:55<04:08, 111.20it/s]
 81%|████████  | 117878/145449 [18:56<04:23, 104.48it/s]
 81%|████████  | 117896/145449 [18:56<03:42, 123.78it/s]
 81%|████████  | 117910/145449 [18:56<03:42, 123.88it/s]
 81%|████████  | 117925/145449 [18:56<03:31, 130.09it/s]
 81%|████████  | 117939/145449 [18:56<05:20, 85.74it/s] 
 81%|████████  | 117951/145449 [18:56<04:56, 92.73it/s]
 81%|████████  | 117964/145449 [18:56<04:37, 99.12it/s]
 81%|████████  | 117981/145449 [18:56<03:58, 115.23it/s]
 81%|████████  | 117994/145449 [18:57<03:55, 116.38it/s]
 81%|████████  | 118009/145449 [18:57<03:40, 124.55it/s]
 81%|████████  | 118027/145449 [18:57<03:17, 138.68it/s]
 81%|████████  | 118043/145449 [18:57<03:12, 142.26it/s]
 81%|████████  | 118058/145449 [18:57<03:36, 126.27it/s]
 81%|████████  | 118075/145449 [18:57<03:20, 136.83it/s]
 81%|████████  | 118096/145449 [18:57<02:56, 155.37it/s]
 81%|████████  | 118113/145449 [18:57<03:08, 145.26it/s]
 81%|████████  | 118129/145449 [18:58<03:42, 122.53it/s]
 81%|████████  | 118143/145449 [18:58<04:10, 108.92it/s]
 81%|████████  | 118155/145449 [18:58<04:09, 109.20it/s]
 81%|████████  | 118167/145449 [18:58<04:23, 103.43it/s]
 81%|████████▏ | 118178/145449 [18:58<04:22, 103.96it/s]
 81%|████████▏ | 118189/145449 [18:58<04:38, 97.75it/s] 
 81%|████████▏ | 118201/145449 [18:58<04:24, 102.97it/s]
 81%|████████▏ | 118212/145449 [18:58<04:20, 104.40it/s]
 81%|████████▏ | 118226/145449 [18:59<04:10, 108.78it/s]
 81%|████████▏ | 118238/145449 [18:59<04:47, 94.59it/s] 
 81%|████████▏ | 118249/145449 [18:59<04:37, 98.02it/s]
 81%|████████▏ | 118260/145449 [18:59<04:58, 90.96it/s]
 81%|████████▏ | 118277/145449 [18:59<04:15, 106.35it/s]
 81%|████████▏ | 118288/145449 [18:59<04:14, 106.73it/s]
 81%|████████▏ | 118301/145449 [18:59<04:01, 112.41it/s]
 81%|████████▏ | 118319/145449 [18:59<03:31, 128.40it/s]
 81%|████████▏ | 118333/145449 [18:59<03:34, 126.15it/s]
 81%|████████▏ | 118353/145449 [19:00<03:06, 145.62it/s]
 81%|████████▏ | 118368/145449 [19:00<03:30, 128.76it/s]
 81%|████████▏ | 118382/145449 [19:00<03:46, 119.75it/s]
 81%|████████▏ | 118395/145449 [19:00<03:45, 119.92it/s]
 81%|████████▏ | 118408/145449 [19:00<04:39, 96.77it/s] 
 81%|████████▏ | 118419/145449 [19:00<04:38, 96.95it/s]
 81%|████████▏ | 118430/145449 [19:00<05:06, 88.16it/s]
 81%|████████▏ | 118443/145449 [19:01<04:36, 97.67it/s]
 81%|████████▏ | 118454/145449 [19:01<04:35, 97.88it/s]
 81%|████████▏ | 118467/145449 [19:01<04:18, 104.51it/s]
 81%|████████▏ | 118480/145449 [19:01<04:06, 109.43it/s]
 81%|████████▏ | 118494/145449 [19:01<03:49, 117.43it/s]
 81%|████████▏ | 118507/145449 [19:01<04:30, 99.62it/s] 
 81%|████████▏ | 118518/145449 [19:01<04:38, 96.75it/s]
 81%|████████▏ | 118531/145449 [19:01<04:18, 104.07it/s]
 82%|████████▏ | 118543/145449 [19:01<04:23, 101.94it/s]
 82%|████████▏ | 118554/145449 [19:02<04:41, 95.39it/s] 
 82%|████████▏ | 118568/145449 [19:02<04:15, 105.04it/s]
 82%|████████▏ | 118581/145449 [19:02<04:05, 109.44it/s]
 82%|████████▏ | 118593/145449 [19:02<04:06, 109.11it/s]
 82%|████████▏ | 118605/145449 [19:02<04:19, 103.32it/s]
 82%|████████▏ | 118616/145449 [19:02<04:21, 102.43it/s]
 82%|████████▏ | 118632/145449 [19:02<03:50, 116.14it/s]
 82%|████████▏ | 118647/145449 [19:02<03:33, 125.28it/s]
 82%|████████▏ | 118660/145449 [19:03<04:30, 99.01it/s] 
 82%|████████▏ | 118671/145449 [19:03<04:34, 97.40it/s]
 82%|████████▏ | 118684/145449 [19:03<04:14, 105.18it/s]
 82%|████████▏ | 118696/145449 [19:03<04:30, 98.76it/s] 
 82%|████████▏ | 118708/145449 [19:03<04:17, 103.68it/s]
 82%|████████▏ | 118719/145449 [19:03<04:25, 100.69it/s]
 82%|████████▏ | 118731/145449 [19:03<04:21, 102.23it/s]
 82%|████████▏ | 118742/145449 [19:03<04:29, 99.06it/s] 
 82%|████████▏ | 118755/145449 [19:04<04:12, 105.78it/s]
 82%|████████▏ | 118766/145449 [19:04<04:46, 93.06it/s] 
 82%|████████▏ | 118779/145449 [19:04<04:22, 101.74it/s]
 82%|████████▏ | 118790/145449 [19:04<05:45, 77.11it/s] 
 82%|████████▏ | 118799/145449 [19:04<05:34, 79.57it/s]
 82%|████████▏ | 118817/145449 [19:04<04:19, 102.80it/s]
 82%|████████▏ | 118831/145449 [19:04<03:58, 111.64it/s]
 82%|████████▏ | 118846/145449 [19:04<03:43, 119.12it/s]
 82%|████████▏ | 118862/145449 [19:05<03:31, 125.66it/s]
 82%|████████▏ | 118876/145449 [19:05<03:40, 120.36it/s]
 82%|████████▏ | 118889/145449 [19:05<03:52, 114.27it/s]
 82%|████████▏ | 118904/145449 [19:05<03:35, 123.26it/s]
 82%|████████▏ | 118917/145449 [19:05<04:15, 103.86it/s]
 82%|████████▏ | 118929/145449 [19:05<04:33, 96.87it/s] 
 82%|████████▏ | 118940/145449 [19:05<04:36, 95.80it/s]
 82%|████████▏ | 118953/145449 [19:05<04:15, 103.56it/s]
 82%|████████▏ | 118964/145449 [19:06<04:39, 94.79it/s] 
 82%|████████▏ | 118974/145449 [19:06<04:40, 94.22it/s]
 82%|████████▏ | 118985/145449 [19:06<04:32, 97.09it/s]
 82%|████████▏ | 119000/145449 [19:06<03:57, 111.21it/s]
 82%|████████▏ | 119012/145449 [19:06<04:11, 105.09it/s]
 82%|████████▏ | 119024/145449 [19:06<04:06, 107.39it/s]
 82%|████████▏ | 119035/145449 [19:06<04:09, 105.86it/s]
 82%|████████▏ | 119046/145449 [19:06<04:19, 101.60it/s]
 82%|████████▏ | 119061/145449 [19:06<03:53, 112.80it/s]
 82%|████████▏ | 119073/145449 [19:07<04:13, 103.88it/s]
 82%|████████▏ | 119085/145449 [19:07<04:04, 107.89it/s]
 82%|████████▏ | 119097/145449 [19:07<04:05, 107.34it/s]
 82%|████████▏ | 119108/145449 [19:07<05:07, 85.57it/s] 
 82%|████████▏ | 119118/145449 [19:07<04:57, 88.62it/s]
 82%|████████▏ | 119128/145449 [19:07<05:25, 80.77it/s]
 82%|████████▏ | 119144/145449 [19:07<04:24, 99.59it/s]
 82%|████████▏ | 119160/145449 [19:07<03:49, 114.38it/s]
 82%|████████▏ | 119173/145449 [19:08<03:59, 109.61it/s]
 82%|████████▏ | 119185/145449 [19:08<04:14, 103.09it/s]
 82%|████████▏ | 119196/145449 [19:08<04:23, 99.63it/s] 
 82%|████████▏ | 119209/145449 [19:08<04:05, 106.91it/s]
 82%|████████▏ | 119221/145449 [19:08<04:22, 100.10it/s]
 82%|████████▏ | 119232/145449 [19:08<04:16, 102.14it/s]
 82%|████████▏ | 119243/145449 [19:08<04:12, 103.83it/s]
 82%|████████▏ | 119254/145449 [19:08<05:18, 82.24it/s] 
 82%|████████▏ | 119264/145449 [19:09<05:33, 78.56it/s]
 82%|████████▏ | 119277/145449 [19:09<04:52, 89.61it/s]
 82%|████████▏ | 119291/145449 [19:09<04:25, 98.52it/s]
 82%|████████▏ | 119302/145449 [19:09<04:31, 96.41it/s]
 82%|████████▏ | 119316/145449 [19:09<04:08, 105.21it/s]
 82%|████████▏ | 119327/145449 [19:09<05:06, 85.17it/s] 
 82%|████████▏ | 119337/145449 [19:09<05:45, 75.54it/s]
 82%|████████▏ | 119347/145449 [19:10<05:24, 80.47it/s]
 82%|████████▏ | 119356/145449 [19:10<05:16, 82.43it/s]
 82%|████████▏ | 119365/145449 [19:10<05:20, 81.34it/s]
 82%|████████▏ | 119374/145449 [19:10<05:25, 80.05it/s]
 82%|████████▏ | 119386/145449 [19:10<04:52, 88.97it/s]
 82%|████████▏ | 119399/145449 [19:10<04:24, 98.61it/s]
 82%|████████▏ | 119412/145449 [19:10<04:05, 106.17it/s]
 82%|████████▏ | 119423/145449 [19:10<04:22, 99.03it/s] 
 82%|████████▏ | 119434/145449 [19:10<04:20, 99.89it/s]
 82%|████████▏ | 119447/145449 [19:11<04:07, 105.24it/s]
 82%|████████▏ | 119458/145449 [19:11<04:16, 101.17it/s]
 82%|████████▏ | 119472/145449 [19:11<04:00, 108.22it/s]
 82%|████████▏ | 119484/145449 [19:11<03:54, 110.50it/s]
 82%|████████▏ | 119496/145449 [19:11<04:09, 104.07it/s]
 82%|████████▏ | 119508/145449 [19:11<04:02, 106.86it/s]
 82%|████████▏ | 119522/145449 [19:11<03:50, 112.59it/s]
 82%|████████▏ | 119534/145449 [19:11<04:15, 101.43it/s]
 82%|████████▏ | 119546/145449 [19:11<04:05, 105.54it/s]
 82%|████████▏ | 119557/145449 [19:12<04:25, 97.58it/s] 
 82%|████████▏ | 119568/145449 [19:12<04:20, 99.21it/s]
 82%|████████▏ | 119580/145449 [19:12<04:25, 97.47it/s]
 82%|████████▏ | 119590/145449 [19:12<04:36, 93.57it/s]
 82%|████████▏ | 119600/145449 [19:12<05:43, 75.24it/s]
 82%|████████▏ | 119609/145449 [19:12<05:31, 78.04it/s]
 82%|████████▏ | 119625/145449 [19:12<04:26, 96.84it/s]
 82%|████████▏ | 119643/145449 [19:12<03:42, 116.10it/s]
 82%|████████▏ | 119656/145449 [19:13<03:36, 119.26it/s]
 82%|████████▏ | 119669/145449 [19:13<04:11, 102.42it/s]
 82%|████████▏ | 119680/145449 [19:13<04:16, 100.65it/s]
 82%|████████▏ | 119697/145449 [19:13<03:40, 116.87it/s]
 82%|████████▏ | 119710/145449 [19:13<03:47, 112.93it/s]
 82%|████████▏ | 119724/145449 [19:13<03:37, 118.18it/s]
 82%|████████▏ | 119737/145449 [19:13<03:59, 107.22it/s]
 82%|████████▏ | 119749/145449 [19:14<04:29, 95.25it/s] 
 82%|████████▏ | 119768/145449 [19:14<03:44, 114.27it/s]
 82%|████████▏ | 119781/145449 [19:14<04:05, 104.59it/s]
 82%|████████▏ | 119792/145449 [19:14<04:34, 93.60it/s] 
 82%|████████▏ | 119802/145449 [19:14<04:40, 91.59it/s]
 82%|████████▏ | 119815/145449 [19:14<04:18, 99.08it/s]
 82%|████████▏ | 119827/145449 [19:14<04:08, 103.03it/s]
 82%|████████▏ | 119838/145449 [19:14<04:18, 99.09it/s] 
 82%|████████▏ | 119850/145449 [19:15<04:08, 103.20it/s]
 82%|████████▏ | 119861/145449 [19:15<04:10, 102.03it/s]
 82%|████████▏ | 119872/145449 [19:15<04:24, 96.64it/s] 
 82%|████████▏ | 119882/145449 [19:15<04:27, 95.68it/s]
 82%|████████▏ | 119895/145449 [19:15<04:05, 104.29it/s]
 82%|████████▏ | 119911/145449 [19:15<03:38, 117.01it/s]
 82%|████████▏ | 119923/145449 [19:15<03:53, 109.31it/s]
 82%|████████▏ | 119935/145449 [19:15<04:44, 89.79it/s] 
 82%|████████▏ | 119945/145449 [19:16<05:20, 79.49it/s]
 82%|████████▏ | 119954/145449 [19:16<05:33, 76.48it/s]
 82%|████████▏ | 119963/145449 [19:16<05:31, 76.86it/s]
 82%|████████▏ | 119971/145449 [19:16<05:48, 73.14it/s]
 82%|████████▏ | 119985/145449 [19:16<04:48, 88.34it/s]
 82%|████████▏ | 119995/145449 [19:16<04:50, 87.57it/s]
 83%|████████▎ | 120005/145449 [19:16<05:38, 75.08it/s]
 83%|████████▎ | 120013/145449 [19:16<05:34, 76.13it/s]
 83%|████████▎ | 120029/145449 [19:17<04:23, 96.61it/s]
 83%|████████▎ | 120040/145449 [19:17<04:34, 92.53it/s]
 83%|████████▎ | 120050/145449 [19:17<04:31, 93.51it/s]
 83%|████████▎ | 120060/145449 [19:17<04:27, 94.83it/s]
 83%|████████▎ | 120075/145449 [19:17<03:51, 109.41it/s]
 83%|████████▎ | 120089/145449 [19:17<03:35, 117.70it/s]
 83%|████████▎ | 120102/145449 [19:17<04:18, 97.92it/s] 
 83%|████████▎ | 120114/145449 [19:17<04:09, 101.53it/s]
 83%|████████▎ | 120126/145449 [19:17<03:58, 106.04it/s]
 83%|████████▎ | 120141/145449 [19:18<03:35, 117.56it/s]
 83%|████████▎ | 120155/145449 [19:18<03:26, 122.23it/s]
 83%|████████▎ | 120168/145449 [19:18<04:18, 97.72it/s] 
 83%|████████▎ | 120180/145449 [19:18<04:08, 101.77it/s]
 83%|████████▎ | 120191/145449 [19:18<04:18, 97.84it/s] 
 83%|████████▎ | 120208/145449 [19:18<03:41, 114.05it/s]
 83%|████████▎ | 120220/145449 [19:18<03:38, 115.32it/s]
 83%|████████▎ | 120234/145449 [19:18<03:30, 119.91it/s]
 83%|████████▎ | 120247/145449 [19:19<03:31, 119.41it/s]
 83%|████████▎ | 120260/145449 [19:19<03:34, 117.55it/s]
 83%|████████▎ | 120276/145449 [19:19<03:15, 128.60it/s]
 83%|████████▎ | 120293/145449 [19:19<03:04, 136.25it/s]
 83%|████████▎ | 120311/145449 [19:19<02:51, 146.46it/s]
 83%|████████▎ | 120327/145449 [19:19<02:47, 150.20it/s]
 83%|████████▎ | 120343/145449 [19:19<02:45, 151.65it/s]
 83%|████████▎ | 120359/145449 [19:19<03:21, 124.79it/s]
 83%|████████▎ | 120373/145449 [19:19<03:21, 124.47it/s]
 83%|████████▎ | 120387/145449 [19:20<03:43, 111.94it/s]
 83%|████████▎ | 120399/145449 [19:20<03:46, 110.67it/s]
 83%|████████▎ | 120411/145449 [19:20<03:52, 107.49it/s]
 83%|████████▎ | 120424/145449 [19:20<03:44, 111.37it/s]
 83%|████████▎ | 120436/145449 [19:20<03:40, 113.50it/s]
 83%|████████▎ | 120448/145449 [19:20<03:40, 113.28it/s]
 83%|████████▎ | 120462/145449 [19:20<03:35, 116.04it/s]
 83%|████████▎ | 120474/145449 [19:20<04:10, 99.68it/s] 
 83%|████████▎ | 120485/145449 [19:21<04:41, 88.72it/s]
 83%|████████▎ | 120495/145449 [19:21<04:50, 85.91it/s]
 83%|████████▎ | 120508/145449 [19:21<04:22, 95.05it/s]
 83%|████████▎ | 120518/145449 [19:21<04:21, 95.51it/s]
 83%|████████▎ | 120528/145449 [19:21<04:21, 95.22it/s]
 83%|████████▎ | 120544/145449 [19:21<03:42, 111.73it/s]
 83%|████████▎ | 120556/145449 [19:21<03:43, 111.55it/s]
 83%|████████▎ | 120568/145449 [19:21<03:57, 104.63it/s]
 83%|████████▎ | 120579/145449 [19:22<04:16, 97.10it/s] 
 83%|████████▎ | 120592/145449 [19:22<03:57, 104.51it/s]
 83%|████████▎ | 120607/145449 [19:22<03:36, 114.68it/s]
 83%|████████▎ | 120623/145449 [19:22<03:26, 120.03it/s]
 83%|████████▎ | 120636/145449 [19:22<03:33, 116.28it/s]
 83%|████████▎ | 120649/145449 [19:22<03:33, 116.21it/s]
 83%|████████▎ | 120661/145449 [19:22<03:53, 106.17it/s]
 83%|████████▎ | 120672/145449 [19:22<03:58, 103.83it/s]
 83%|████████▎ | 120683/145449 [19:22<04:16, 96.73it/s] 
 83%|████████▎ | 120693/145449 [19:23<04:18, 95.79it/s]
 83%|████████▎ | 120703/145449 [19:23<04:16, 96.34it/s]
 83%|████████▎ | 120726/145449 [19:23<03:06, 132.41it/s]
 83%|████████▎ | 120740/145449 [19:23<03:06, 132.45it/s]
 83%|████████▎ | 120755/145449 [19:23<03:00, 137.17it/s]
 83%|████████▎ | 120769/145449 [19:23<03:16, 125.64it/s]
 83%|████████▎ | 120782/145449 [19:23<03:35, 114.61it/s]
 83%|████████▎ | 120795/145449 [19:23<03:29, 117.63it/s]
 83%|████████▎ | 120808/145449 [19:24<04:03, 101.32it/s]
 83%|████████▎ | 120819/145449 [19:24<04:06, 99.85it/s] 
 83%|████████▎ | 120830/145449 [19:24<04:04, 100.80it/s]
 83%|████████▎ | 120841/145449 [19:24<04:23, 93.34it/s] 
 83%|████████▎ | 120852/145449 [19:24<04:22, 93.67it/s]
 83%|████████▎ | 120863/145449 [19:24<04:17, 95.42it/s]
 83%|████████▎ | 120877/145449 [19:24<03:51, 106.30it/s]
 83%|████████▎ | 120888/145449 [19:24<03:57, 103.54it/s]
 83%|████████▎ | 120903/145449 [19:24<03:35, 113.95it/s]
 83%|████████▎ | 120916/145449 [19:25<03:27, 118.11it/s]
 83%|████████▎ | 120928/145449 [19:25<03:36, 113.07it/s]
 83%|████████▎ | 120940/145449 [19:25<03:33, 114.77it/s]
 83%|████████▎ | 120954/145449 [19:25<03:23, 120.19it/s]
 83%|████████▎ | 120967/145449 [19:25<03:54, 104.32it/s]
 83%|████████▎ | 120981/145449 [19:25<03:37, 112.41it/s]
 83%|████████▎ | 120996/145449 [19:25<03:34, 114.05it/s]
 83%|████████▎ | 121008/145449 [19:25<03:39, 111.26it/s]
 83%|████████▎ | 121028/145449 [19:25<03:01, 134.55it/s]
 83%|████████▎ | 121042/145449 [19:26<03:15, 124.70it/s]
 83%|████████▎ | 121055/145449 [19:26<03:19, 122.39it/s]
 83%|████████▎ | 121068/145449 [19:26<03:38, 111.75it/s]
 83%|████████▎ | 121080/145449 [19:26<03:49, 106.40it/s]
 83%|████████▎ | 121091/145449 [19:26<04:56, 82.06it/s] 
 83%|████████▎ | 121101/145449 [19:26<04:58, 81.45it/s]
 83%|████████▎ | 121114/145449 [19:26<04:23, 92.20it/s]
 83%|████████▎ | 121124/145449 [19:27<04:45, 85.11it/s]
 83%|████████▎ | 121134/145449 [19:27<04:34, 88.65it/s]
 83%|████████▎ | 121144/145449 [19:27<04:27, 90.78it/s]
 83%|████████▎ | 121154/145449 [19:27<04:35, 88.05it/s]
 83%|████████▎ | 121164/145449 [19:27<04:47, 84.53it/s]
 83%|████████▎ | 121177/145449 [19:27<04:19, 93.65it/s]
 83%|████████▎ | 121191/145449 [19:27<03:51, 104.89it/s]
 83%|████████▎ | 121202/145449 [19:27<04:00, 100.97it/s]
 83%|████████▎ | 121213/145449 [19:28<04:34, 88.35it/s] 
 83%|████████▎ | 121223/145449 [19:28<04:42, 85.74it/s]
 83%|████████▎ | 121232/145449 [19:28<04:39, 86.70it/s]
 83%|████████▎ | 121241/145449 [19:28<04:50, 83.39it/s]
 83%|████████▎ | 121250/145449 [19:28<05:03, 79.81it/s]
 83%|████████▎ | 121265/145449 [19:28<04:10, 96.55it/s]
 83%|████████▎ | 121277/145449 [19:28<03:59, 100.81it/s]
 83%|████████▎ | 121291/145449 [19:28<03:40, 109.54it/s]
 83%|████████▎ | 121306/145449 [19:28<03:20, 120.62it/s]
 83%|████████▎ | 121322/145449 [19:29<03:04, 130.87it/s]
 83%|████████▎ | 121343/145449 [19:29<02:37, 152.92it/s]
 83%|████████▎ | 121359/145449 [19:29<03:17, 122.27it/s]
 83%|████████▎ | 121373/145449 [19:29<03:39, 109.60it/s]
 83%|████████▎ | 121385/145449 [19:29<04:04, 98.27it/s] 
 83%|████████▎ | 121398/145449 [19:29<03:52, 103.28it/s]
 83%|████████▎ | 121409/145449 [19:29<03:49, 104.85it/s]
 83%|████████▎ | 121422/145449 [19:29<03:42, 107.96it/s]
 83%|████████▎ | 121434/145449 [19:30<04:07, 96.91it/s] 
 83%|████████▎ | 121445/145449 [19:30<04:02, 98.99it/s]
 84%|████████▎ | 121456/145449 [19:30<04:04, 98.29it/s]
 84%|████████▎ | 121467/145449 [19:30<04:01, 99.46it/s]
 84%|████████▎ | 121478/145449 [19:30<04:27, 89.59it/s]
 84%|████████▎ | 121488/145449 [19:30<04:30, 88.44it/s]
 84%|████████▎ | 121498/145449 [19:30<04:32, 87.78it/s]
 84%|████████▎ | 121508/145449 [19:30<04:30, 88.61it/s]
 84%|████████▎ | 121522/145449 [19:31<03:53, 102.27it/s]
 84%|████████▎ | 121533/145449 [19:31<03:56, 101.28it/s]
 84%|████████▎ | 121544/145449 [19:31<04:25, 89.97it/s] 
 84%|████████▎ | 121554/145449 [19:31<04:29, 88.73it/s]
 84%|████████▎ | 121564/145449 [19:31<04:26, 89.67it/s]
 84%|████████▎ | 121579/145449 [19:31<03:49, 104.05it/s]
 84%|████████▎ | 121598/145449 [19:31<03:12, 123.97it/s]
 84%|████████▎ | 121613/145449 [19:31<03:08, 126.19it/s]
 84%|████████▎ | 121626/145449 [19:31<03:11, 124.38it/s]
 84%|████████▎ | 121639/145449 [19:32<03:22, 117.68it/s]
 84%|████████▎ | 121653/145449 [19:32<03:12, 123.55it/s]
 84%|████████▎ | 121666/145449 [19:32<03:50, 103.39it/s]
 84%|████████▎ | 121677/145449 [19:32<04:15, 93.15it/s] 
 84%|████████▎ | 121687/145449 [19:32<04:17, 92.39it/s]
 84%|████████▎ | 121697/145449 [19:32<04:19, 91.62it/s]
 84%|████████▎ | 121707/145449 [19:32<04:15, 93.03it/s]
 84%|████████▎ | 121722/145449 [19:32<03:39, 108.23it/s]
 84%|████████▎ | 121734/145449 [19:33<03:51, 102.50it/s]
 84%|████████▎ | 121752/145449 [19:33<03:17, 119.78it/s]
 84%|████████▎ | 121766/145449 [19:33<03:13, 122.52it/s]
 84%|████████▎ | 121780/145449 [19:33<03:09, 124.94it/s]
 84%|████████▎ | 121797/145449 [19:33<02:59, 131.65it/s]
 84%|████████▎ | 121811/145449 [19:33<03:44, 105.16it/s]
 84%|████████▍ | 121824/145449 [19:33<03:33, 110.87it/s]
 84%|████████▍ | 121836/145449 [19:33<03:43, 105.48it/s]
 84%|████████▍ | 121848/145449 [19:34<03:53, 101.03it/s]
 84%|████████▍ | 121860/145449 [19:34<03:50, 102.56it/s]
 84%|████████▍ | 121876/145449 [19:34<03:21, 116.79it/s]
 84%|████████▍ | 121889/145449 [19:34<03:18, 118.51it/s]
 84%|████████▍ | 121902/145449 [19:34<03:22, 116.12it/s]
 84%|████████▍ | 121914/145449 [19:34<03:55, 100.03it/s]
 84%|████████▍ | 121925/145449 [19:34<04:38, 84.53it/s] 
 84%|████████▍ | 121935/145449 [19:35<04:48, 81.45it/s]
 84%|████████▍ | 121945/145449 [19:35<04:47, 81.84it/s]
 84%|████████▍ | 121957/145449 [19:35<04:20, 90.13it/s]
 84%|████████▍ | 121974/145449 [19:35<03:39, 107.18it/s]
 84%|████████▍ | 121986/145449 [19:35<03:46, 103.77it/s]
 84%|████████▍ | 122000/145449 [19:35<03:30, 111.20it/s]
 84%|████████▍ | 122014/145449 [19:35<03:18, 117.85it/s]
 84%|████████▍ | 122027/145449 [19:35<03:46, 103.22it/s]
 84%|████████▍ | 122041/145449 [19:35<03:29, 111.72it/s]
 84%|████████▍ | 122054/145449 [19:36<03:20, 116.41it/s]
 84%|████████▍ | 122067/145449 [19:36<03:31, 110.67it/s]
 84%|████████▍ | 122080/145449 [19:36<03:22, 115.34it/s]
 84%|████████▍ | 122092/145449 [19:36<03:40, 105.89it/s]
 84%|████████▍ | 122108/145449 [19:36<03:15, 119.31it/s]
 84%|████████▍ | 122121/145449 [19:36<03:28, 112.14it/s]
 84%|████████▍ | 122134/145449 [19:36<03:30, 110.64it/s]
 84%|████████▍ | 122146/145449 [19:36<03:39, 106.07it/s]
 84%|████████▍ | 122160/145449 [19:36<03:27, 112.37it/s]
 84%|████████▍ | 122172/145449 [19:37<03:33, 108.94it/s]
 84%|████████▍ | 122184/145449 [19:37<03:31, 109.79it/s]
 84%|████████▍ | 122204/145449 [19:37<02:55, 132.82it/s]
 84%|████████▍ | 122218/145449 [19:37<03:27, 111.69it/s]
 84%|████████▍ | 122230/145449 [19:37<03:34, 108.25it/s]
 84%|████████▍ | 122243/145449 [19:37<03:26, 112.30it/s]
 84%|████████▍ | 122256/145449 [19:37<03:28, 111.39it/s]
 84%|████████▍ | 122274/145449 [19:37<03:02, 127.11it/s]
 84%|████████▍ | 122288/145449 [19:38<03:17, 117.19it/s]
 84%|████████▍ | 122304/145449 [19:38<03:01, 127.81it/s]
 84%|████████▍ | 122318/145449 [19:38<03:34, 107.69it/s]
 84%|████████▍ | 122330/145449 [19:38<03:36, 106.97it/s]
 84%|████████▍ | 122342/145449 [19:38<03:40, 104.83it/s]
 84%|████████▍ | 122353/145449 [19:38<03:55, 98.03it/s] 
 84%|████████▍ | 122364/145449 [19:38<04:18, 89.15it/s]
 84%|████████▍ | 122374/145449 [19:39<04:25, 87.03it/s]
 84%|████████▍ | 122384/145449 [19:39<04:20, 88.44it/s]
 84%|████████▍ | 122395/145449 [19:39<04:11, 91.50it/s]
 84%|████████▍ | 122405/145449 [19:39<04:09, 92.42it/s]
 84%|████████▍ | 122423/145449 [19:39<03:18, 115.92it/s]
 84%|████████▍ | 122435/145449 [19:39<03:38, 105.56it/s]
 84%|████████▍ | 122448/145449 [19:39<03:25, 111.85it/s]
 84%|████████▍ | 122461/145449 [19:39<03:17, 116.30it/s]
 84%|████████▍ | 122478/145449 [19:39<02:58, 129.02it/s]
 84%|████████▍ | 122492/145449 [19:40<03:28, 110.27it/s]
 84%|████████▍ | 122505/145449 [19:40<03:21, 113.74it/s]
 84%|████████▍ | 122517/145449 [19:40<03:40, 103.87it/s]
 84%|████████▍ | 122530/145449 [19:40<03:30, 108.74it/s]
 84%|████████▍ | 122542/145449 [19:40<03:38, 104.98it/s]
 84%|████████▍ | 122554/145449 [19:40<03:34, 106.85it/s]
 84%|████████▍ | 122566/145449 [19:40<03:38, 104.53it/s]
 84%|████████▍ | 122581/145449 [19:40<03:21, 113.69it/s]
 84%|████████▍ | 122593/145449 [19:41<03:45, 101.22it/s]
 84%|████████▍ | 122604/145449 [19:41<03:56, 96.64it/s] 
 84%|████████▍ | 122616/145449 [19:41<03:48, 100.04it/s]
 84%|████████▍ | 122627/145449 [19:41<03:53, 97.85it/s] 
 84%|████████▍ | 122639/145449 [19:41<03:42, 102.66it/s]
 84%|████████▍ | 122650/145449 [19:41<04:23, 86.47it/s] 
 84%|████████▍ | 122660/145449 [19:41<04:37, 82.22it/s]
 84%|████████▍ | 122669/145449 [19:41<05:08, 73.78it/s]
 84%|████████▍ | 122681/145449 [19:42<04:31, 83.80it/s]
 84%|████████▍ | 122690/145449 [19:42<04:30, 84.25it/s]
 84%|████████▍ | 122702/145449 [19:42<04:06, 92.26it/s]
 84%|████████▍ | 122712/145449 [19:42<04:20, 87.34it/s]
 84%|████████▍ | 122722/145449 [19:42<04:33, 83.16it/s]
 84%|████████▍ | 122731/145449 [19:42<04:34, 82.70it/s]
 84%|████████▍ | 122747/145449 [19:42<03:42, 102.25it/s]
 84%|████████▍ | 122761/145449 [19:42<03:25, 110.55it/s]
 84%|████████▍ | 122773/145449 [19:42<03:32, 106.94it/s]
 84%|████████▍ | 122784/145449 [19:43<03:52, 97.60it/s] 
 84%|████████▍ | 122795/145449 [19:43<04:51, 77.79it/s]
 84%|████████▍ | 122804/145449 [19:43<04:43, 79.78it/s]
 84%|████████▍ | 122813/145449 [19:43<04:56, 76.36it/s]
 84%|████████▍ | 122824/145449 [19:43<04:28, 84.28it/s]
 84%|████████▍ | 122833/145449 [19:52<1:39:51,  3.77it/s]
 84%|████████▍ | 122853/145449 [19:52<54:59,  6.85it/s]  
 84%|████████▍ | 122863/145449 [19:52<42:29,  8.86it/s]
 84%|████████▍ | 122875/145449 [19:52<30:52, 12.19it/s]
 84%|████████▍ | 122885/145449 [19:52<24:09, 15.57it/s]
 84%|████████▍ | 122898/145449 [19:52<17:17, 21.73it/s]
 85%|████████▍ | 122918/145449 [19:52<10:54, 34.44it/s]
 85%|████████▍ | 122931/145449 [19:53<08:46, 42.76it/s]
 85%|████████▍ | 122946/145449 [19:53<06:51, 54.68it/s]
 85%|████████▍ | 122963/145449 [19:53<05:21, 69.84it/s]
 85%|████████▍ | 122977/145449 [19:53<04:54, 76.35it/s]
 85%|████████▍ | 122990/145449 [19:53<04:29, 83.37it/s]
 85%|████████▍ | 123002/145449 [19:53<04:27, 83.86it/s]
 85%|████████▍ | 123013/145449 [19:53<04:40, 80.08it/s]
 85%|████████▍ | 123026/145449 [19:53<04:17, 86.98it/s]
 85%|████████▍ | 123039/145449 [19:54<04:04, 91.72it/s]
 85%|████████▍ | 123050/145449 [19:54<04:16, 87.22it/s]
 85%|████████▍ | 123060/145449 [19:54<04:32, 82.26it/s]
 85%|████████▍ | 123071/145449 [19:54<04:14, 87.77it/s]
 85%|████████▍ | 123081/145449 [19:54<04:33, 81.65it/s]
 85%|████████▍ | 123090/145449 [19:54<04:43, 78.83it/s]
 85%|████████▍ | 123099/145449 [19:54<04:53, 76.05it/s]
 85%|████████▍ | 123107/145449 [19:55<04:55, 75.63it/s]
 85%|████████▍ | 123117/145449 [19:55<04:34, 81.39it/s]
 85%|████████▍ | 123126/145449 [19:55<04:53, 76.06it/s]
 85%|████████▍ | 123134/145449 [19:55<05:03, 73.50it/s]
 85%|████████▍ | 123142/145449 [19:55<05:11, 71.54it/s]
 85%|████████▍ | 123152/145449 [19:55<04:46, 77.78it/s]
 85%|████████▍ | 123164/145449 [19:55<04:13, 87.76it/s]
 85%|████████▍ | 123173/145449 [19:55<04:27, 83.37it/s]
 85%|████████▍ | 123182/145449 [19:55<04:37, 80.21it/s]
 85%|████████▍ | 123191/145449 [19:56<04:59, 74.40it/s]
 85%|████████▍ | 123199/145449 [19:56<06:02, 61.35it/s]
 85%|████████▍ | 123206/145449 [19:56<06:10, 60.07it/s]
 85%|████████▍ | 123216/145449 [19:56<05:21, 69.22it/s]
 85%|████████▍ | 123228/145449 [19:56<04:47, 77.27it/s]
 85%|████████▍ | 123241/145449 [19:56<04:10, 88.61it/s]
 85%|████████▍ | 123257/145449 [19:56<03:27, 106.99it/s]
 85%|████████▍ | 123269/145449 [19:56<03:44, 99.00it/s] 
 85%|████████▍ | 123280/145449 [19:57<04:10, 88.55it/s]
 85%|████████▍ | 123290/145449 [19:57<04:10, 88.44it/s]
 85%|████████▍ | 123301/145449 [19:57<04:00, 92.26it/s]
 85%|████████▍ | 123311/145449 [19:57<04:24, 83.80it/s]
 85%|████████▍ | 123320/145449 [19:57<04:39, 79.19it/s]
 85%|████████▍ | 123329/145449 [19:57<05:22, 68.58it/s]
 85%|████████▍ | 123337/145449 [19:57<05:17, 69.70it/s]
 85%|████████▍ | 123345/145449 [19:58<05:12, 70.83it/s]
 85%|████████▍ | 123358/145449 [19:58<04:18, 85.36it/s]
 85%|████████▍ | 123370/145449 [19:58<03:54, 94.00it/s]
 85%|████████▍ | 123380/145449 [19:58<04:11, 87.69it/s]
 85%|████████▍ | 123395/145449 [19:58<03:34, 102.63it/s]
 85%|████████▍ | 123408/145449 [19:58<03:21, 109.47it/s]
 85%|████████▍ | 123421/145449 [19:58<03:18, 110.97it/s]
 85%|████████▍ | 123434/145449 [19:58<03:12, 114.63it/s]
 85%|████████▍ | 123446/145449 [19:58<03:39, 100.22it/s]
 85%|████████▍ | 123457/145449 [19:59<03:49, 95.86it/s] 
 85%|████████▍ | 123470/145449 [19:59<03:31, 103.88it/s]
 85%|████████▍ | 123481/145449 [19:59<03:37, 101.08it/s]
 85%|████████▍ | 123492/145449 [19:59<03:41, 98.93it/s] 
 85%|████████▍ | 123503/145449 [19:59<03:42, 98.62it/s]
 85%|████████▍ | 123513/145449 [19:59<04:11, 87.22it/s]
 85%|████████▍ | 123524/145449 [19:59<04:04, 89.63it/s]
 85%|████████▍ | 123537/145449 [19:59<03:41, 98.79it/s]
 85%|████████▍ | 123549/145449 [20:00<03:31, 103.51it/s]
 85%|████████▍ | 123562/145449 [20:00<03:19, 109.98it/s]
 85%|████████▍ | 123574/145449 [20:00<03:59, 91.49it/s] 
 85%|████████▍ | 123584/145449 [20:00<04:08, 87.92it/s]
 85%|████████▍ | 123594/145449 [20:00<04:48, 75.67it/s]
 85%|████████▍ | 123604/145449 [20:00<04:34, 79.72it/s]
 85%|████████▍ | 123613/145449 [20:00<04:27, 81.54it/s]
 85%|████████▍ | 123629/145449 [20:00<03:42, 97.88it/s]
 85%|████████▌ | 123640/145449 [20:01<03:57, 91.79it/s]
 85%|████████▌ | 123650/145449 [20:01<04:23, 82.85it/s]
 85%|████████▌ | 123664/145449 [20:01<03:46, 96.05it/s]
 85%|████████▌ | 123677/145449 [20:01<03:33, 102.14it/s]
 85%|████████▌ | 123688/145449 [20:01<04:45, 76.09it/s] 
 85%|████████▌ | 123697/145449 [20:01<04:42, 76.98it/s]
 85%|████████▌ | 123708/145449 [20:01<04:20, 83.50it/s]
 85%|████████▌ | 123720/145449 [20:01<03:55, 92.43it/s]
 85%|████████▌ | 123730/145449 [20:02<04:03, 89.09it/s]
 85%|████████▌ | 123747/145449 [20:02<03:20, 108.03it/s]
 85%|████████▌ | 123761/145449 [20:02<03:07, 115.87it/s]
 85%|████████▌ | 123776/145449 [20:02<02:53, 124.99it/s]
 85%|████████▌ | 123790/145449 [20:02<02:50, 127.20it/s]
 85%|████████▌ | 123804/145449 [20:02<03:10, 113.57it/s]
 85%|████████▌ | 123816/145449 [20:02<03:40, 98.06it/s] 
 85%|████████▌ | 123827/145449 [20:03<04:04, 88.47it/s]
 85%|████████▌ | 123837/145449 [20:03<03:57, 91.13it/s]
 85%|████████▌ | 123850/145449 [20:03<03:40, 97.94it/s]
 85%|████████▌ | 123861/145449 [20:03<03:56, 91.12it/s]
 85%|████████▌ | 123871/145449 [20:03<03:54, 91.96it/s]
 85%|████████▌ | 123885/145449 [20:03<03:40, 97.90it/s]
 85%|████████▌ | 123895/145449 [20:03<03:45, 95.70it/s]
 85%|████████▌ | 123909/145449 [20:03<03:30, 102.38it/s]
 85%|████████▌ | 123920/145449 [20:03<03:56, 91.18it/s] 
 85%|████████▌ | 123931/145449 [20:04<03:47, 94.53it/s]
 85%|████████▌ | 123941/145449 [20:04<04:03, 88.33it/s]
 85%|████████▌ | 123953/145449 [20:04<03:45, 95.37it/s]
 85%|████████▌ | 123963/145449 [20:04<04:18, 83.22it/s]
 85%|████████▌ | 123979/145449 [20:04<03:30, 101.88it/s]
 85%|████████▌ | 123995/145449 [20:04<03:10, 112.78it/s]
 85%|████████▌ | 124007/145449 [20:04<03:20, 106.77it/s]
 85%|████████▌ | 124019/145449 [20:05<03:52, 92.16it/s] 
 85%|████████▌ | 124034/145449 [20:05<03:23, 105.01it/s]
 85%|████████▌ | 124050/145449 [20:05<03:01, 117.83it/s]
 85%|████████▌ | 124063/145449 [20:05<03:07, 114.15it/s]
 85%|████████▌ | 124077/145449 [20:05<02:57, 120.11it/s]
 85%|████████▌ | 124090/145449 [20:05<03:13, 110.39it/s]
 85%|████████▌ | 124107/145449 [20:05<02:52, 123.48it/s]
 85%|████████▌ | 124121/145449 [20:05<02:50, 125.15it/s]
 85%|████████▌ | 124134/145449 [20:05<02:55, 121.71it/s]
 85%|████████▌ | 124147/145449 [20:06<02:53, 122.84it/s]
 85%|████████▌ | 124160/145449 [20:06<03:13, 110.04it/s]
 85%|████████▌ | 124172/145449 [20:06<03:50, 92.15it/s] 
 85%|████████▌ | 124185/145449 [20:06<03:30, 100.78it/s]
 85%|████████▌ | 124196/145449 [20:06<03:30, 100.97it/s]
 85%|████████▌ | 124211/145449 [20:06<03:08, 112.72it/s]
 85%|████████▌ | 124223/145449 [20:06<03:05, 114.34it/s]
 85%|████████▌ | 124235/145449 [20:06<03:06, 113.77it/s]
 85%|████████▌ | 124247/145449 [20:06<03:03, 115.42it/s]
 85%|████████▌ | 124260/145449 [20:07<02:57, 119.43it/s]
 85%|████████▌ | 124273/145449 [20:07<03:10, 111.13it/s]
 85%|████████▌ | 124287/145449 [20:07<03:00, 117.36it/s]
 85%|████████▌ | 124299/145449 [20:07<03:07, 113.05it/s]
 85%|████████▌ | 124311/145449 [20:07<03:48, 92.58it/s] 
 85%|████████▌ | 124321/145449 [20:07<03:58, 88.55it/s]
 85%|████████▌ | 124333/145449 [20:07<03:44, 94.12it/s]
 85%|████████▌ | 124343/145449 [20:07<03:40, 95.54it/s]
 85%|████████▌ | 124353/145449 [20:08<03:41, 95.24it/s]
 86%|████████▌ | 124366/145449 [20:08<03:27, 101.64it/s]
 86%|████████▌ | 124380/145449 [20:08<03:07, 112.10it/s]
 86%|████████▌ | 124392/145449 [20:08<03:26, 102.11it/s]
 86%|████████▌ | 124408/145449 [20:08<03:01, 116.07it/s]
 86%|████████▌ | 124420/145449 [20:08<03:00, 116.79it/s]
 86%|████████▌ | 124432/145449 [20:08<03:26, 101.60it/s]
 86%|████████▌ | 124443/145449 [20:08<03:30, 99.98it/s] 
 86%|████████▌ | 124454/145449 [20:09<04:06, 85.12it/s]
 86%|████████▌ | 124468/145449 [20:09<03:34, 97.59it/s]
 86%|████████▌ | 124480/145449 [20:09<03:25, 102.01it/s]
 86%|████████▌ | 124491/145449 [20:09<03:23, 102.79it/s]
 86%|████████▌ | 124506/145449 [20:09<03:12, 108.78it/s]
 86%|████████▌ | 124522/145449 [20:09<02:53, 120.32it/s]
 86%|████████▌ | 124535/145449 [20:09<03:09, 110.20it/s]
 86%|████████▌ | 124547/145449 [20:09<03:16, 106.24it/s]
 86%|████████▌ | 124558/145449 [20:10<03:29, 99.81it/s] 
 86%|████████▌ | 124571/145449 [20:10<03:17, 105.69it/s]
 86%|████████▌ | 124584/145449 [20:10<03:08, 110.60it/s]
 86%|████████▌ | 124596/145449 [20:10<03:35, 96.86it/s] 
 86%|████████▌ | 124608/145449 [20:10<03:23, 102.36it/s]
 86%|████████▌ | 124622/145449 [20:10<03:09, 109.99it/s]
 86%|████████▌ | 124635/145449 [20:10<03:04, 113.08it/s]
 86%|████████▌ | 124647/145449 [20:10<03:03, 113.55it/s]
 86%|████████▌ | 124659/145449 [20:10<03:09, 109.92it/s]
 86%|████████▌ | 124672/145449 [20:11<03:02, 113.74it/s]
 86%|████████▌ | 124688/145449 [20:11<02:45, 125.32it/s]
 86%|████████▌ | 124704/145449 [20:11<02:37, 131.95it/s]
 86%|████████▌ | 124718/145449 [20:11<02:50, 121.63it/s]
 86%|████████▌ | 124731/145449 [20:11<03:03, 113.13it/s]
 86%|████████▌ | 124743/145449 [20:11<03:15, 105.77it/s]
 86%|████████▌ | 124754/145449 [20:11<03:14, 106.41it/s]
 86%|████████▌ | 124765/145449 [20:11<03:14, 106.19it/s]
 86%|████████▌ | 124781/145449 [20:11<02:53, 119.17it/s]
 86%|████████▌ | 124795/145449 [20:12<02:54, 118.07it/s]
 86%|████████▌ | 124810/145449 [20:12<02:44, 125.42it/s]
 86%|████████▌ | 124823/145449 [20:12<02:59, 114.98it/s]
 86%|████████▌ | 124836/145449 [20:12<02:54, 118.06it/s]
 86%|████████▌ | 124851/145449 [20:12<02:45, 124.11it/s]
 86%|████████▌ | 124864/145449 [20:12<02:58, 115.51it/s]
 86%|████████▌ | 124876/145449 [20:12<03:22, 101.65it/s]
 86%|████████▌ | 124887/145449 [20:12<03:24, 100.58it/s]
 86%|████████▌ | 124908/145449 [20:13<02:40, 127.76it/s]
 86%|████████▌ | 124927/145449 [20:13<02:22, 144.26it/s]
 86%|████████▌ | 124946/145449 [20:13<02:14, 152.47it/s]
 86%|████████▌ | 124962/145449 [20:13<02:41, 126.74it/s]
 86%|████████▌ | 124976/145449 [20:13<02:53, 117.81it/s]
 86%|████████▌ | 124991/145449 [20:13<02:53, 118.04it/s]
 86%|████████▌ | 125005/145449 [20:13<02:46, 122.75it/s]
 86%|████████▌ | 125018/145449 [20:13<02:59, 113.68it/s]
 86%|████████▌ | 125030/145449 [20:14<03:25, 99.27it/s] 
 86%|████████▌ | 125041/145449 [20:14<03:38, 93.57it/s]
 86%|████████▌ | 125052/145449 [20:14<03:35, 94.72it/s]
 86%|████████▌ | 125064/145449 [20:14<03:26, 98.63it/s]
 86%|████████▌ | 125079/145449 [20:14<03:10, 107.20it/s]
 86%|████████▌ | 125090/145449 [20:14<03:59, 85.09it/s] 
 86%|████████▌ | 125101/145449 [20:14<03:44, 90.71it/s]
 86%|████████▌ | 125111/145449 [20:14<03:41, 91.76it/s]
 86%|████████▌ | 125121/145449 [20:15<03:40, 91.99it/s]
 86%|████████▌ | 125131/145449 [20:15<03:45, 89.99it/s]
 86%|████████▌ | 125141/145449 [20:15<04:02, 83.58it/s]
 86%|████████▌ | 125153/145449 [20:15<03:45, 90.10it/s]
 86%|████████▌ | 125165/145449 [20:15<03:30, 96.31it/s]
 86%|████████▌ | 125179/145449 [20:15<03:08, 107.42it/s]
 86%|████████▌ | 125191/145449 [20:15<03:16, 103.28it/s]
 86%|████████▌ | 125205/145449 [20:15<02:59, 112.59it/s]
 86%|████████▌ | 125217/145449 [20:16<03:12, 105.01it/s]
 86%|████████▌ | 125228/145449 [20:16<03:35, 94.02it/s] 
 86%|████████▌ | 125239/145449 [20:16<03:30, 96.20it/s]
 86%|████████▌ | 125251/145449 [20:16<03:22, 99.96it/s]
 86%|████████▌ | 125263/145449 [20:16<03:13, 104.55it/s]
 86%|████████▌ | 125274/145449 [20:16<03:29, 96.34it/s] 
 86%|████████▌ | 125284/145449 [20:16<03:45, 89.51it/s]
 86%|████████▌ | 125294/145449 [20:16<04:24, 76.21it/s]
 86%|████████▌ | 125303/145449 [20:17<04:45, 70.67it/s]
 86%|████████▌ | 125316/145449 [20:17<04:01, 83.47it/s]
 86%|████████▌ | 125325/145449 [20:17<04:02, 83.00it/s]
 86%|████████▌ | 125334/145449 [20:17<04:05, 82.00it/s]
 86%|████████▌ | 125348/145449 [20:17<03:38, 92.10it/s]
 86%|████████▌ | 125361/145449 [20:17<03:20, 100.36it/s]
 86%|████████▌ | 125373/145449 [20:17<03:14, 103.37it/s]
 86%|████████▌ | 125384/145449 [20:17<03:16, 102.11it/s]
 86%|████████▌ | 125395/145449 [20:17<03:18, 100.82it/s]
 86%|████████▌ | 125413/145449 [20:18<02:50, 117.47it/s]
 86%|████████▌ | 125425/145449 [20:18<03:24, 98.08it/s] 
 86%|████████▌ | 125438/145449 [20:18<03:11, 104.42it/s]
 86%|████████▋ | 125450/145449 [20:18<03:04, 108.14it/s]
 86%|████████▋ | 125468/145449 [20:18<02:38, 125.83it/s]
 86%|████████▋ | 125482/145449 [20:18<02:43, 122.43it/s]
 86%|████████▋ | 125495/145449 [20:18<03:00, 110.61it/s]
 86%|████████▋ | 125513/145449 [20:18<02:39, 125.16it/s]
 86%|████████▋ | 125526/145449 [20:19<02:41, 123.73it/s]
 86%|████████▋ | 125540/145449 [20:19<02:35, 127.85it/s]
 86%|████████▋ | 125555/145449 [20:19<02:29, 133.30it/s]
 86%|████████▋ | 125569/145449 [20:19<02:33, 129.88it/s]
 86%|████████▋ | 125584/145449 [20:19<02:36, 127.12it/s]
 86%|████████▋ | 125597/145449 [20:19<03:03, 108.08it/s]
 86%|████████▋ | 125609/145449 [20:19<03:12, 103.21it/s]
 86%|████████▋ | 125620/145449 [20:19<03:31, 93.86it/s] 
 86%|████████▋ | 125630/145449 [20:20<03:28, 94.83it/s]
 86%|████████▋ | 125645/145449 [20:20<03:02, 108.61it/s]
 86%|████████▋ | 125657/145449 [20:20<03:03, 107.71it/s]
 86%|████████▋ | 125674/145449 [20:20<02:40, 123.06it/s]
 86%|████████▋ | 125688/145449 [20:20<02:36, 125.95it/s]
 86%|████████▋ | 125701/145449 [20:20<03:14, 101.43it/s]
 86%|████████▋ | 125713/145449 [20:20<03:13, 101.88it/s]
 86%|████████▋ | 125724/145449 [20:20<03:11, 102.99it/s]
 86%|████████▋ | 125736/145449 [20:20<03:03, 107.32it/s]
 86%|████████▋ | 125748/145449 [20:21<03:33, 92.13it/s] 
 86%|████████▋ | 125759/145449 [20:21<03:25, 95.86it/s]
 86%|████████▋ | 125770/145449 [20:21<03:30, 93.65it/s]
 86%|████████▋ | 125780/145449 [20:21<03:59, 82.06it/s]
 86%|████████▋ | 125789/145449 [20:21<04:10, 78.52it/s]
 86%|████████▋ | 125798/145449 [20:21<04:13, 77.49it/s]
 86%|████████▋ | 125810/145449 [20:21<03:45, 87.07it/s]
 87%|████████▋ | 125821/145449 [20:22<03:34, 91.50it/s]
 87%|████████▋ | 125837/145449 [20:22<02:59, 109.14it/s]
 87%|████████▋ | 125856/145449 [20:22<02:33, 127.42it/s]
 87%|████████▋ | 125875/145449 [20:22<02:16, 143.70it/s]
 87%|████████▋ | 125892/145449 [20:22<02:12, 147.40it/s]
 87%|████████▋ | 125909/145449 [20:22<02:16, 142.92it/s]
 87%|████████▋ | 125924/145449 [20:22<02:40, 121.33it/s]
 87%|████████▋ | 125937/145449 [20:22<02:38, 123.06it/s]
 87%|████████▋ | 125950/145449 [20:22<02:38, 122.69it/s]
 87%|████████▋ | 125968/145449 [20:23<02:22, 136.49it/s]
 87%|████████▋ | 125983/145449 [20:23<02:38, 122.80it/s]
 87%|████████▋ | 126002/145449 [20:23<02:19, 139.66it/s]
 87%|████████▋ | 126019/145449 [20:23<02:13, 145.48it/s]
 87%|████████▋ | 126041/145449 [20:23<01:58, 163.71it/s]
 87%|████████▋ | 126058/145449 [20:23<02:03, 156.98it/s]
 87%|████████▋ | 126075/145449 [20:23<02:13, 145.20it/s]
 87%|████████▋ | 126091/145449 [20:23<02:10, 148.12it/s]
 87%|████████▋ | 126107/145449 [20:23<02:15, 143.27it/s]
 87%|████████▋ | 126122/145449 [20:24<02:25, 132.68it/s]
 87%|████████▋ | 126136/145449 [20:24<02:36, 123.80it/s]
 87%|████████▋ | 126149/145449 [20:24<02:40, 120.06it/s]
 87%|████████▋ | 126162/145449 [20:24<03:02, 105.48it/s]
 87%|████████▋ | 126173/145449 [20:24<03:22, 95.00it/s] 
 87%|████████▋ | 126183/145449 [20:24<03:24, 94.35it/s]
 87%|████████▋ | 126198/145449 [20:24<03:01, 106.12it/s]
 87%|████████▋ | 126214/145449 [20:25<02:40, 119.68it/s]
 87%|████████▋ | 126227/145449 [20:25<02:42, 118.34it/s]
 87%|████████▋ | 126242/145449 [20:25<02:37, 121.89it/s]
 87%|████████▋ | 126258/145449 [20:25<02:27, 130.09it/s]
 87%|████████▋ | 126272/145449 [20:25<02:37, 121.56it/s]
 87%|████████▋ | 126285/145449 [20:25<02:48, 114.05it/s]
 87%|████████▋ | 126297/145449 [20:25<02:56, 108.48it/s]
 87%|████████▋ | 126309/145449 [20:25<02:57, 107.73it/s]
 87%|████████▋ | 126320/145449 [20:25<03:08, 101.40it/s]
 87%|████████▋ | 126337/145449 [20:26<02:46, 114.65it/s]
 87%|████████▋ | 126354/145449 [20:26<02:28, 128.24it/s]
 87%|████████▋ | 126369/145449 [20:26<02:23, 133.01it/s]
 87%|████████▋ | 126383/145449 [20:26<02:21, 134.55it/s]
 87%|████████▋ | 126402/145449 [20:26<02:06, 150.02it/s]
 87%|████████▋ | 126418/145449 [20:26<02:13, 142.58it/s]
 87%|████████▋ | 126433/145449 [20:26<02:28, 127.92it/s]
 87%|████████▋ | 126447/145449 [20:26<02:43, 116.50it/s]
 87%|████████▋ | 126460/145449 [20:27<03:10, 99.45it/s] 
 87%|████████▋ | 126471/145449 [20:27<03:57, 80.06it/s]
 87%|████████▋ | 126481/145449 [20:27<03:47, 83.35it/s]
 87%|████████▋ | 126491/145449 [20:27<04:40, 67.65it/s]
 87%|████████▋ | 126503/145449 [20:27<04:04, 77.36it/s]
 87%|████████▋ | 126519/145449 [20:27<03:20, 94.35it/s]
 87%|████████▋ | 126535/145449 [20:27<02:52, 109.67it/s]
 87%|████████▋ | 126548/145449 [20:28<02:57, 106.34it/s]
 87%|████████▋ | 126561/145449 [20:28<02:51, 110.30it/s]
 87%|████████▋ | 126573/145449 [20:28<02:48, 112.07it/s]
 87%|████████▋ | 126585/145449 [20:28<02:52, 109.46it/s]
 87%|████████▋ | 126597/145449 [20:28<02:49, 111.11it/s]
 87%|████████▋ | 126611/145449 [20:28<02:41, 116.92it/s]
 87%|████████▋ | 126626/145449 [20:28<02:30, 125.10it/s]
 87%|████████▋ | 126642/145449 [20:28<02:21, 132.86it/s]
 87%|████████▋ | 126656/145449 [20:28<02:23, 131.13it/s]
 87%|████████▋ | 126672/145449 [20:29<02:17, 136.87it/s]
 87%|████████▋ | 126686/145449 [20:29<02:29, 125.32it/s]
 87%|████████▋ | 126699/145449 [20:29<02:33, 121.96it/s]
 87%|████████▋ | 126713/145449 [20:29<02:33, 121.73it/s]
 87%|████████▋ | 126731/145449 [20:29<02:17, 135.67it/s]
 87%|████████▋ | 126745/145449 [20:29<02:39, 117.44it/s]
 87%|████████▋ | 126758/145449 [20:29<02:36, 119.57it/s]
 87%|████████▋ | 126771/145449 [20:29<02:44, 113.53it/s]
 87%|████████▋ | 126783/145449 [20:30<03:05, 100.72it/s]
 87%|████████▋ | 126800/145449 [20:30<02:39, 117.09it/s]
 87%|████████▋ | 126818/145449 [20:30<02:22, 130.89it/s]
 87%|████████▋ | 126832/145449 [20:30<02:23, 130.00it/s]
 87%|████████▋ | 126847/145449 [20:30<02:21, 131.72it/s]
 87%|████████▋ | 126861/145449 [20:30<02:28, 125.13it/s]
 87%|████████▋ | 126874/145449 [20:30<03:02, 101.80it/s]
 87%|████████▋ | 126889/145449 [20:30<02:47, 111.08it/s]
 87%|████████▋ | 126901/145449 [20:31<03:16, 94.20it/s] 
 87%|████████▋ | 126912/145449 [20:31<03:29, 88.50it/s]
 87%|████████▋ | 126922/145449 [20:31<03:48, 81.13it/s]
 87%|████████▋ | 126931/145449 [20:31<03:56, 78.25it/s]
 87%|████████▋ | 126940/145449 [20:31<04:04, 75.56it/s]
 87%|████████▋ | 126953/145449 [20:31<03:30, 87.72it/s]
 87%|████████▋ | 126967/145449 [20:31<03:07, 98.49it/s]
 87%|████████▋ | 126982/145449 [20:31<02:48, 109.38it/s]
 87%|████████▋ | 126998/145449 [20:32<02:33, 120.58it/s]
 87%|████████▋ | 127011/145449 [20:32<02:32, 120.96it/s]
 87%|████████▋ | 127027/145449 [20:32<02:21, 130.08it/s]
 87%|████████▋ | 127041/145449 [20:32<02:40, 114.45it/s]
 87%|████████▋ | 127057/145449 [20:32<02:26, 125.38it/s]
 87%|████████▋ | 127076/145449 [20:32<02:11, 140.17it/s]
 87%|████████▋ | 127091/145449 [20:32<02:50, 107.75it/s]
 87%|████████▋ | 127104/145449 [20:33<02:50, 107.49it/s]
 87%|████████▋ | 127119/145449 [20:33<02:37, 116.61it/s]
 87%|████████▋ | 127136/145449 [20:33<02:23, 127.69it/s]
 87%|████████▋ | 127150/145449 [20:33<02:36, 116.98it/s]
 87%|████████▋ | 127168/145449 [20:33<02:18, 131.84it/s]
 87%|████████▋ | 127182/145449 [20:33<02:16, 133.44it/s]
 87%|████████▋ | 127196/145449 [20:33<02:52, 106.00it/s]
 87%|████████▋ | 127213/145449 [20:33<02:31, 120.68it/s]
 87%|████████▋ | 127227/145449 [20:34<02:42, 111.92it/s]
 87%|████████▋ | 127240/145449 [20:34<02:48, 107.83it/s]
 87%|████████▋ | 127252/145449 [20:34<03:04, 98.86it/s] 
 87%|████████▋ | 127265/145449 [20:34<03:17, 92.29it/s]
 88%|████████▊ | 127275/145449 [20:34<03:43, 81.42it/s]
 88%|████████▊ | 127284/145449 [20:34<03:58, 76.07it/s]
 88%|████████▊ | 127297/145449 [20:34<03:31, 85.95it/s]
 88%|████████▊ | 127315/145449 [20:35<02:49, 106.74it/s]
 88%|████████▊ | 127327/145449 [20:35<02:52, 105.11it/s]
 88%|████████▊ | 127341/145449 [20:35<02:50, 106.32it/s]
 88%|████████▊ | 127352/145449 [20:35<03:02, 98.90it/s] 
 88%|████████▊ | 127363/145449 [20:35<03:33, 84.61it/s]
 88%|████████▊ | 127372/145449 [20:35<03:41, 81.50it/s]
 88%|████████▊ | 127381/145449 [20:35<03:47, 79.42it/s]
 88%|████████▊ | 127391/145449 [20:35<03:45, 79.94it/s]
 88%|████████▊ | 127402/145449 [20:36<03:26, 87.27it/s]
 88%|████████▊ | 127411/145449 [20:36<03:30, 85.58it/s]
 88%|████████▊ | 127426/145449 [20:36<03:02, 98.62it/s]
 88%|████████▊ | 127436/145449 [20:36<03:09, 95.08it/s]
 88%|████████▊ | 127446/145449 [20:36<03:37, 82.67it/s]
 88%|████████▊ | 127455/145449 [20:36<03:38, 82.50it/s]
 88%|████████▊ | 127464/145449 [20:36<03:51, 77.65it/s]
 88%|████████▊ | 127474/145449 [20:36<03:36, 83.22it/s]
 88%|████████▊ | 127485/145449 [20:37<03:28, 85.96it/s]
 88%|████████▊ | 127495/145449 [20:37<03:21, 89.08it/s]
 88%|████████▊ | 127507/145449 [20:37<03:08, 94.98it/s]
 88%|████████▊ | 127523/145449 [20:37<02:40, 111.68it/s]
 88%|████████▊ | 127538/145449 [20:37<02:27, 121.13it/s]
 88%|████████▊ | 127554/145449 [20:37<02:25, 123.29it/s]
 88%|████████▊ | 127569/145449 [20:37<02:17, 129.58it/s]
 88%|████████▊ | 127583/145449 [20:37<02:43, 109.28it/s]
 88%|████████▊ | 127595/145449 [20:37<03:03, 97.54it/s] 
 88%|████████▊ | 127606/145449 [20:38<03:16, 90.98it/s]
 88%|████████▊ | 127619/145449 [20:38<02:59, 99.53it/s]
 88%|████████▊ | 127631/145449 [20:38<02:51, 104.19it/s]
 88%|████████▊ | 127646/145449 [20:38<02:36, 113.43it/s]
 88%|████████▊ | 127660/145449 [20:38<02:28, 119.68it/s]
 88%|████████▊ | 127673/145449 [20:38<02:26, 120.93it/s]
 88%|████████▊ | 127686/145449 [20:38<02:53, 102.38it/s]
 88%|████████▊ | 127701/145449 [20:38<02:35, 113.99it/s]
 88%|████████▊ | 127714/145449 [20:39<02:35, 113.86it/s]
 88%|████████▊ | 127726/145449 [20:39<02:34, 114.68it/s]
 88%|████████▊ | 127742/145449 [20:39<02:22, 124.21it/s]
 88%|████████▊ | 127755/145449 [20:39<02:34, 114.16it/s]
 88%|████████▊ | 127767/145449 [20:39<02:35, 114.03it/s]
 88%|████████▊ | 127781/145449 [20:39<02:31, 116.49it/s]
 88%|████████▊ | 127793/145449 [20:39<02:34, 114.17it/s]
 88%|████████▊ | 127807/145449 [20:39<02:29, 117.89it/s]
 88%|████████▊ | 127825/145449 [20:39<02:11, 133.71it/s]
 88%|████████▊ | 127840/145449 [20:40<02:07, 137.86it/s]
 88%|████████▊ | 127854/145449 [20:40<02:29, 117.62it/s]
 88%|████████▊ | 127867/145449 [20:40<02:48, 104.31it/s]
 88%|████████▊ | 127883/145449 [20:40<02:35, 113.28it/s]
 88%|████████▊ | 127895/145449 [20:40<03:03, 95.84it/s] 
 88%|████████▊ | 127906/145449 [20:40<03:06, 94.05it/s]
 88%|████████▊ | 127916/145449 [20:40<03:52, 75.32it/s]
 88%|████████▊ | 127926/145449 [20:41<03:51, 75.61it/s]
 88%|████████▊ | 127940/145449 [20:41<03:15, 89.56it/s]
 88%|████████▊ | 127952/145449 [20:41<03:01, 96.44it/s]
 88%|████████▊ | 127963/145449 [20:41<03:04, 94.52it/s]
 88%|████████▊ | 127979/145449 [20:41<02:51, 101.85it/s]
 88%|████████▊ | 127990/145449 [20:41<03:22, 86.41it/s] 
 88%|████████▊ | 128001/145449 [20:41<03:16, 88.85it/s]
 88%|████████▊ | 128011/145449 [20:41<03:14, 89.48it/s]
 88%|████████▊ | 128026/145449 [20:42<02:51, 101.41it/s]
 88%|████████▊ | 128037/145449 [20:42<02:54, 100.00it/s]
 88%|████████▊ | 128051/145449 [20:42<02:37, 110.44it/s]
 88%|████████▊ | 128063/145449 [20:42<02:34, 112.89it/s]
 88%|████████▊ | 128077/145449 [20:42<02:27, 118.16it/s]
 88%|████████▊ | 128093/145449 [20:42<02:18, 125.48it/s]
 88%|████████▊ | 128109/145449 [20:42<02:12, 131.04it/s]
 88%|████████▊ | 128129/145449 [20:42<01:55, 150.04it/s]
 88%|████████▊ | 128145/145449 [20:42<01:55, 150.05it/s]
 88%|████████▊ | 128161/145449 [20:43<01:55, 149.44it/s]
 88%|████████▊ | 128177/145449 [20:43<02:08, 134.63it/s]
 88%|████████▊ | 128191/145449 [20:43<02:28, 116.60it/s]
 88%|████████▊ | 128204/145449 [20:43<02:27, 116.95it/s]
 88%|████████▊ | 128217/145449 [20:43<02:30, 114.77it/s]
 88%|████████▊ | 128233/145449 [20:43<02:17, 125.00it/s]
 88%|████████▊ | 128247/145449 [20:43<02:13, 128.81it/s]
 88%|████████▊ | 128261/145449 [20:43<02:17, 124.93it/s]
 88%|████████▊ | 128275/145449 [20:44<02:20, 122.64it/s]
 88%|████████▊ | 128288/145449 [20:44<02:28, 115.26it/s]
 88%|████████▊ | 128300/145449 [20:44<02:45, 103.77it/s]
 88%|████████▊ | 128319/145449 [20:44<02:22, 119.97it/s]
 88%|████████▊ | 128339/145449 [20:44<02:07, 133.97it/s]
 88%|████████▊ | 128356/145449 [20:44<01:59, 142.97it/s]
 88%|████████▊ | 128371/145449 [20:44<02:04, 137.67it/s]
 88%|████████▊ | 128385/145449 [20:45<02:49, 100.38it/s]
 88%|████████▊ | 128402/145449 [20:45<02:29, 113.71it/s]
 88%|████████▊ | 128416/145449 [20:45<02:25, 117.08it/s]
 88%|████████▊ | 128429/145449 [20:45<02:38, 107.56it/s]
 88%|████████▊ | 128447/145449 [20:45<02:16, 124.40it/s]
 88%|████████▊ | 128461/145449 [20:45<02:26, 116.09it/s]
 88%|████████▊ | 128474/145449 [20:45<02:26, 116.25it/s]
 88%|████████▊ | 128488/145449 [20:45<02:21, 120.13it/s]
 88%|████████▊ | 128505/145449 [20:45<02:07, 132.96it/s]
 88%|████████▊ | 128519/145449 [20:46<02:08, 131.25it/s]
 88%|████████▊ | 128533/145449 [20:46<02:11, 128.77it/s]
 88%|████████▊ | 128551/145449 [20:46<01:59, 141.74it/s]
 88%|████████▊ | 128566/145449 [20:46<02:02, 138.23it/s]
 88%|████████▊ | 128581/145449 [20:46<02:44, 102.75it/s]
 88%|████████▊ | 128593/145449 [20:46<02:45, 101.80it/s]
 88%|████████▊ | 128605/145449 [20:46<02:40, 104.65it/s]
 88%|████████▊ | 128618/145449 [20:46<02:38, 106.35it/s]
 88%|████████▊ | 128630/145449 [20:47<02:33, 109.79it/s]
 88%|████████▊ | 128646/145449 [20:47<02:21, 118.97it/s]
 88%|████████▊ | 128659/145449 [20:47<02:27, 113.76it/s]
 88%|████████▊ | 128671/145449 [20:47<02:51, 97.61it/s] 
 88%|████████▊ | 128684/145449 [20:47<02:40, 104.66it/s]
 88%|████████▊ | 128695/145449 [20:47<02:40, 104.47it/s]
 88%|████████▊ | 128708/145449 [20:47<02:34, 108.60it/s]
 88%|████████▊ | 128721/145449 [20:47<02:26, 113.83it/s]
 89%|████████▊ | 128735/145449 [20:48<02:26, 114.47it/s]
 89%|████████▊ | 128748/145449 [20:48<02:23, 116.29it/s]
 89%|████████▊ | 128761/145449 [20:48<02:20, 119.04it/s]
 89%|████████▊ | 128774/145449 [20:48<02:19, 119.13it/s]
 89%|████████▊ | 128786/145449 [20:48<02:43, 102.09it/s]
 89%|████████▊ | 128797/145449 [20:48<03:04, 90.13it/s] 
 89%|████████▊ | 128807/145449 [20:48<03:01, 91.52it/s]
 89%|████████▊ | 128819/145449 [20:48<02:49, 97.99it/s]
 89%|████████▊ | 128830/145449 [20:48<02:56, 94.01it/s]
 89%|████████▊ | 128841/145449 [20:49<02:55, 94.69it/s]
 89%|████████▊ | 128854/145449 [20:49<02:39, 103.74it/s]
 89%|████████▊ | 128865/145449 [20:49<02:43, 101.26it/s]
 89%|████████▊ | 128876/145449 [20:49<03:03, 90.20it/s] 
 89%|████████▊ | 128886/145449 [20:49<03:15, 84.55it/s]
 89%|████████▊ | 128895/145449 [20:49<03:24, 81.12it/s]
 89%|████████▊ | 128904/145449 [20:49<03:33, 77.34it/s]
 89%|████████▊ | 128918/145449 [20:49<02:59, 92.00it/s]
 89%|████████▊ | 128928/145449 [20:50<02:56, 93.53it/s]
 89%|████████▊ | 128939/145449 [20:50<02:54, 94.73it/s]
 89%|████████▊ | 128953/145449 [20:50<02:36, 105.27it/s]
 89%|████████▊ | 128967/145449 [20:50<02:23, 114.79it/s]
 89%|████████▊ | 128984/145449 [20:50<02:07, 128.76it/s]
 89%|████████▊ | 129000/145449 [20:50<02:01, 134.94it/s]
 89%|████████▊ | 129014/145449 [20:50<02:05, 130.46it/s]
 89%|████████▊ | 129028/145449 [20:50<02:12, 124.22it/s]
 89%|████████▊ | 129041/145449 [20:51<02:33, 106.83it/s]
 89%|████████▊ | 129056/145449 [20:51<02:20, 116.47it/s]
 89%|████████▊ | 129069/145449 [20:51<02:31, 108.13it/s]
 89%|████████▊ | 129082/145449 [20:51<02:24, 113.27it/s]
 89%|████████▉ | 129095/145449 [20:51<02:24, 113.01it/s]
 89%|████████▉ | 129107/145449 [20:51<02:38, 103.10it/s]
 89%|████████▉ | 129118/145449 [20:51<02:45, 98.75it/s] 
 89%|████████▉ | 129130/145449 [20:51<02:37, 103.56it/s]
 89%|████████▉ | 129141/145449 [20:51<02:37, 103.63it/s]
 89%|████████▉ | 129152/145449 [20:52<02:46, 97.70it/s] 
 89%|████████▉ | 129164/145449 [20:52<02:38, 102.83it/s]
 89%|████████▉ | 129175/145449 [20:52<02:45, 98.25it/s] 
 89%|████████▉ | 129187/145449 [20:52<02:36, 103.73it/s]
 89%|████████▉ | 129198/145449 [20:52<02:43, 99.19it/s] 
 89%|████████▉ | 129209/145449 [20:52<02:53, 93.37it/s]
 89%|████████▉ | 129221/145449 [20:52<02:52, 94.17it/s]
 89%|████████▉ | 129238/145449 [20:52<02:25, 111.16it/s]
 89%|████████▉ | 129255/145449 [20:53<02:08, 125.79it/s]
 89%|████████▉ | 129271/145449 [20:53<02:02, 132.11it/s]
 89%|████████▉ | 129285/145449 [20:53<02:41, 100.38it/s]
 89%|████████▉ | 129297/145449 [20:53<02:45, 97.45it/s] 
 89%|████████▉ | 129311/145449 [20:53<02:31, 106.79it/s]
 89%|████████▉ | 129328/145449 [20:53<02:16, 118.44it/s]
 89%|████████▉ | 129341/145449 [20:53<02:19, 115.20it/s]
 89%|████████▉ | 129354/145449 [20:53<02:24, 111.12it/s]
 89%|████████▉ | 129373/145449 [20:54<02:16, 117.70it/s]
 89%|████████▉ | 129385/145449 [20:54<02:23, 112.00it/s]
 89%|████████▉ | 129397/145449 [20:54<02:27, 108.88it/s]
 89%|████████▉ | 129408/145449 [20:54<02:32, 105.26it/s]
 89%|████████▉ | 129419/145449 [20:54<02:45, 96.96it/s] 
 89%|████████▉ | 129432/145449 [20:54<02:37, 101.92it/s]
 89%|████████▉ | 129447/145449 [20:54<02:22, 112.45it/s]
 89%|████████▉ | 129459/145449 [20:54<02:37, 101.44it/s]
 89%|████████▉ | 129479/145449 [20:55<02:06, 126.25it/s]
 89%|████████▉ | 129493/145449 [20:55<02:19, 114.13it/s]
 89%|████████▉ | 129506/145449 [20:55<02:27, 108.20it/s]
 89%|████████▉ | 129518/145449 [20:55<02:32, 104.46it/s]
 89%|████████▉ | 129529/145449 [20:55<02:35, 102.70it/s]
 89%|████████▉ | 129540/145449 [20:55<02:38, 100.34it/s]
 89%|████████▉ | 129555/145449 [20:55<02:22, 111.48it/s]
 89%|████████▉ | 129567/145449 [20:55<02:41, 98.18it/s] 
 89%|████████▉ | 129578/145449 [20:56<02:44, 96.50it/s]
 89%|████████▉ | 129588/145449 [20:56<02:43, 97.31it/s]
 89%|████████▉ | 129598/145449 [20:56<03:00, 87.88it/s]
 89%|████████▉ | 129608/145449 [20:56<03:43, 70.74it/s]
 89%|████████▉ | 129617/145449 [20:56<03:44, 70.63it/s]
 89%|████████▉ | 129633/145449 [20:56<02:56, 89.58it/s]
 89%|████████▉ | 129643/145449 [20:56<03:38, 72.34it/s]
 89%|████████▉ | 129656/145449 [20:57<03:07, 84.24it/s]
 89%|████████▉ | 129672/145449 [20:57<02:41, 97.67it/s]
 89%|████████▉ | 129683/145449 [20:57<02:43, 96.64it/s]
 89%|████████▉ | 129694/145449 [20:57<02:51, 92.06it/s]
 89%|████████▉ | 129705/145449 [20:57<02:48, 93.56it/s]
 89%|████████▉ | 129719/145449 [20:57<02:32, 103.29it/s]
 89%|████████▉ | 129730/145449 [20:57<02:30, 104.79it/s]
 89%|████████▉ | 129742/145449 [20:57<02:27, 106.49it/s]
 89%|████████▉ | 129753/145449 [20:58<02:48, 93.34it/s] 
 89%|████████▉ | 129769/145449 [20:58<02:24, 108.88it/s]
 89%|████████▉ | 129781/145449 [20:58<02:22, 110.28it/s]
 89%|████████▉ | 129793/145449 [20:58<02:48, 92.67it/s] 
 89%|████████▉ | 129803/145449 [20:58<03:02, 85.68it/s]
 89%|████████▉ | 129813/145449 [20:58<02:57, 88.26it/s]
 89%|████████▉ | 129825/145449 [20:58<02:46, 93.88it/s]
 89%|████████▉ | 129838/145449 [20:58<02:32, 102.64it/s]
 89%|████████▉ | 129849/145449 [20:59<02:37, 98.78it/s] 
 89%|████████▉ | 129860/145449 [20:59<03:10, 81.75it/s]
 89%|████████▉ | 129870/145449 [20:59<03:03, 84.76it/s]
 89%|████████▉ | 129879/145449 [20:59<03:06, 83.57it/s]
 89%|████████▉ | 129890/145449 [20:59<02:52, 89.99it/s]
 89%|████████▉ | 129905/145449 [20:59<02:31, 102.85it/s]
 89%|████████▉ | 129916/145449 [20:59<02:35, 100.17it/s]
 89%|████████▉ | 129927/145449 [20:59<02:34, 100.72it/s]
 89%|████████▉ | 129940/145449 [20:59<02:25, 106.41it/s]
 89%|████████▉ | 129951/145449 [21:00<02:56, 87.69it/s] 
 89%|████████▉ | 129966/145449 [21:00<02:30, 102.67it/s]
 89%|████████▉ | 129978/145449 [21:00<02:32, 101.30it/s]
 89%|████████▉ | 129989/145449 [21:00<02:40, 96.41it/s] 
 89%|████████▉ | 130000/145449 [21:00<02:54, 88.76it/s]
 89%|████████▉ | 130017/145449 [21:00<02:22, 108.25it/s]
 89%|████████▉ | 130032/145449 [21:00<02:10, 118.09it/s]
 89%|████████▉ | 130051/145449 [21:00<01:54, 134.16it/s]
 89%|████████▉ | 130065/145449 [21:01<01:54, 133.91it/s]
 89%|████████▉ | 130081/145449 [21:01<01:52, 136.58it/s]
 89%|████████▉ | 130095/145449 [21:01<02:17, 111.31it/s]
 89%|████████▉ | 130107/145449 [21:01<02:16, 112.62it/s]
 89%|████████▉ | 130121/145449 [21:01<02:11, 116.98it/s]
 89%|████████▉ | 130134/145449 [21:01<02:31, 101.17it/s]
 89%|████████▉ | 130149/145449 [21:01<02:16, 111.73it/s]
 89%|████████▉ | 130161/145449 [21:01<02:25, 105.00it/s]
 89%|████████▉ | 130173/145449 [21:02<02:40, 95.36it/s] 
 90%|████████▉ | 130184/145449 [21:02<03:12, 79.23it/s]
 90%|████████▉ | 130194/145449 [21:02<03:08, 80.77it/s]
 90%|████████▉ | 130203/145449 [21:02<03:16, 77.61it/s]
 90%|████████▉ | 130212/145449 [21:02<03:11, 79.39it/s]
 90%|████████▉ | 130225/145449 [21:02<02:45, 91.89it/s]
 90%|████████▉ | 130237/145449 [21:02<02:43, 93.19it/s]
 90%|████████▉ | 130247/145449 [21:03<02:48, 90.11it/s]
 90%|████████▉ | 130257/145449 [21:03<03:15, 77.58it/s]
 90%|████████▉ | 130267/145449 [21:03<03:10, 79.54it/s]
 90%|████████▉ | 130278/145449 [21:03<02:56, 85.87it/s]
 90%|████████▉ | 130291/145449 [21:03<02:36, 96.92it/s]
 90%|████████▉ | 130302/145449 [21:03<02:48, 89.99it/s]
 90%|████████▉ | 130312/145449 [21:03<02:57, 85.46it/s]
 90%|████████▉ | 130321/145449 [21:03<03:01, 83.15it/s]
 90%|████████▉ | 130330/145449 [21:04<03:02, 83.01it/s]
 90%|████████▉ | 130339/145449 [21:04<02:58, 84.80it/s]
 90%|████████▉ | 130348/145449 [21:04<02:59, 83.92it/s]
 90%|████████▉ | 130357/145449 [21:04<03:07, 80.56it/s]
 90%|████████▉ | 130366/145449 [21:04<03:18, 76.04it/s]
 90%|████████▉ | 130377/145449 [21:04<02:58, 84.44it/s]
 90%|████████▉ | 130387/145449 [21:04<02:52, 87.08it/s]
 90%|████████▉ | 130396/145449 [21:04<03:03, 82.09it/s]
 90%|████████▉ | 130407/145449 [21:04<02:48, 89.40it/s]
 90%|████████▉ | 130424/145449 [21:05<02:15, 111.21it/s]
 90%|████████▉ | 130436/145449 [21:05<02:12, 112.90it/s]
 90%|████████▉ | 130450/145449 [21:05<02:08, 116.37it/s]
 90%|████████▉ | 130462/145449 [21:05<02:16, 110.07it/s]
 90%|████████▉ | 130474/145449 [21:05<02:24, 103.35it/s]
 90%|████████▉ | 130485/145449 [21:05<02:39, 94.09it/s] 
 90%|████████▉ | 130495/145449 [21:05<02:40, 93.14it/s]
 90%|████████▉ | 130505/145449 [21:05<02:49, 88.07it/s]
 90%|████████▉ | 130515/145449 [21:06<02:48, 88.83it/s]
 90%|████████▉ | 130524/145449 [21:06<03:03, 81.12it/s]
 90%|████████▉ | 130534/145449 [21:06<02:56, 84.43it/s]
 90%|████████▉ | 130547/145449 [21:06<02:37, 94.77it/s]
 90%|████████▉ | 130558/145449 [21:06<02:30, 98.66it/s]
 90%|████████▉ | 130569/145449 [21:06<03:05, 80.00it/s]
 90%|████████▉ | 130584/145449 [21:06<02:35, 95.35it/s]
 90%|████████▉ | 130597/145449 [21:06<02:23, 103.51it/s]
 90%|████████▉ | 130611/145449 [21:06<02:11, 112.63it/s]
 90%|████████▉ | 130625/145449 [21:07<02:07, 116.40it/s]
 90%|████████▉ | 130638/145449 [21:07<02:03, 119.98it/s]
 90%|████████▉ | 130651/145449 [21:07<02:20, 105.01it/s]
 90%|████████▉ | 130663/145449 [21:07<02:20, 105.32it/s]
 90%|████████▉ | 130674/145449 [21:07<02:34, 95.40it/s] 
 90%|████████▉ | 130684/145449 [21:07<03:18, 74.29it/s]
 90%|████████▉ | 130693/145449 [21:08<04:02, 60.97it/s]
 90%|████████▉ | 130703/145449 [21:08<03:37, 67.79it/s]
 90%|████████▉ | 130712/145449 [21:08<03:25, 71.64it/s]
 90%|████████▉ | 130720/145449 [21:08<03:31, 69.74it/s]
 90%|████████▉ | 130728/145449 [21:08<03:33, 68.83it/s]
 90%|████████▉ | 130742/145449 [21:08<02:51, 85.58it/s]
 90%|████████▉ | 130760/145449 [21:08<02:13, 109.87it/s]
 90%|████████▉ | 130773/145449 [21:08<02:07, 114.76it/s]
 90%|████████▉ | 130786/145449 [21:08<02:09, 112.93it/s]
 90%|████████▉ | 130802/145449 [21:09<01:58, 124.04it/s]
 90%|████████▉ | 130815/145449 [21:09<02:16, 106.92it/s]
 90%|████████▉ | 130827/145449 [21:09<02:26, 99.73it/s] 
 90%|████████▉ | 130839/145449 [21:09<02:27, 99.15it/s]
 90%|████████▉ | 130850/145449 [21:09<02:32, 95.83it/s]
 90%|████████▉ | 130860/145449 [21:09<02:45, 87.96it/s]
 90%|████████▉ | 130872/145449 [21:09<02:32, 95.80it/s]
 90%|████████▉ | 130886/145449 [21:09<02:15, 107.16it/s]
 90%|████████▉ | 130898/145449 [21:10<02:16, 106.94it/s]
 90%|█████████ | 130909/145449 [21:10<02:18, 105.03it/s]
 90%|█████████ | 130923/145449 [21:10<02:06, 114.54it/s]
 90%|█████████ | 130935/145449 [21:10<02:43, 88.68it/s] 
 90%|█████████ | 130945/145449 [21:10<02:43, 88.78it/s]
 90%|█████████ | 130963/145449 [21:10<02:11, 110.28it/s]
 90%|█████████ | 130980/145449 [21:10<01:55, 125.27it/s]
 90%|█████████ | 130995/145449 [21:10<01:51, 129.31it/s]
 90%|█████████ | 131011/145449 [21:10<01:48, 133.45it/s]
 90%|█████████ | 131033/145449 [21:11<01:36, 148.67it/s]
 90%|█████████ | 131049/145449 [21:11<01:36, 149.85it/s]
 90%|█████████ | 131065/145449 [21:11<01:35, 151.29it/s]
 90%|█████████ | 131082/145449 [21:11<01:34, 151.46it/s]
 90%|█████████ | 131098/145449 [21:11<01:40, 143.30it/s]
 90%|█████████ | 131113/145449 [21:11<01:49, 130.60it/s]
 90%|█████████ | 131136/145449 [21:11<01:31, 155.97it/s]
 90%|█████████ | 131153/145449 [21:11<01:29, 159.70it/s]
 90%|█████████ | 131170/145449 [21:12<01:35, 149.80it/s]
 90%|█████████ | 131186/145449 [21:12<01:34, 151.41it/s]
 90%|█████████ | 131203/145449 [21:12<01:32, 154.51it/s]
 90%|█████████ | 131219/145449 [21:12<01:46, 134.06it/s]
 90%|█████████ | 131235/145449 [21:12<01:45, 135.12it/s]
 90%|█████████ | 131250/145449 [21:12<01:42, 138.49it/s]
 90%|█████████ | 131269/145449 [21:12<01:33, 151.20it/s]
 90%|█████████ | 131285/145449 [21:12<01:33, 150.73it/s]
 90%|█████████ | 131301/145449 [21:13<02:10, 108.33it/s]
 90%|█████████ | 131314/145449 [21:13<02:17, 102.75it/s]
 90%|█████████ | 131326/145449 [21:13<02:18, 102.33it/s]
 90%|█████████ | 131338/145449 [21:13<02:16, 103.25it/s]
 90%|█████████ | 131349/145449 [21:13<02:43, 86.45it/s] 
 90%|█████████ | 131364/145449 [21:13<02:33, 91.84it/s]
 90%|█████████ | 131374/145449 [21:13<02:34, 91.34it/s]
 90%|█████████ | 131384/145449 [21:13<02:31, 92.63it/s]
 90%|█████████ | 131395/145449 [21:14<02:34, 90.85it/s]
 90%|█████████ | 131409/145449 [21:14<02:24, 97.50it/s]
 90%|█████████ | 131425/145449 [21:14<02:09, 108.43it/s]
 90%|█████████ | 131443/145449 [21:14<01:51, 125.81it/s]
 90%|█████████ | 131460/145449 [21:14<01:42, 137.08it/s]
 90%|█████████ | 131475/145449 [21:14<02:04, 112.03it/s]
 90%|█████████ | 131488/145449 [21:14<02:18, 100.51it/s]
 90%|█████████ | 131499/145449 [21:15<02:16, 101.96it/s]
 90%|█████████ | 131510/145449 [21:15<02:27, 94.73it/s] 
 90%|█████████ | 131520/145449 [21:15<02:34, 90.08it/s]
 90%|█████████ | 131530/145449 [21:15<02:36, 89.09it/s]
 90%|█████████ | 131542/145449 [21:15<02:24, 96.05it/s]
 90%|█████████ | 131553/145449 [21:15<02:19, 99.67it/s]
 90%|█████████ | 131564/145449 [21:15<02:42, 85.42it/s]
 90%|█████████ | 131574/145449 [21:15<02:43, 84.63it/s]
 90%|█████████ | 131588/145449 [21:16<02:21, 97.63it/s]
 90%|█████████ | 131603/145449 [21:16<02:05, 110.23it/s]
 90%|█████████ | 131615/145449 [21:16<02:08, 107.93it/s]
 90%|█████████ | 131627/145449 [21:16<02:40, 86.01it/s] 
 91%|█████████ | 131637/145449 [21:16<02:39, 86.82it/s]
 91%|█████████ | 131648/145449 [21:16<02:40, 85.92it/s]
 91%|█████████ | 131659/145449 [21:16<02:30, 91.49it/s]
 91%|█████████ | 131669/145449 [21:16<02:30, 91.32it/s]
 91%|█████████ | 131679/145449 [21:17<02:43, 84.28it/s]
 91%|█████████ | 131697/145449 [21:17<02:08, 106.73it/s]
 91%|█████████ | 131714/145449 [21:17<01:54, 119.45it/s]
 91%|█████████ | 131727/145449 [21:17<01:55, 119.15it/s]
 91%|█████████ | 131740/145449 [21:17<01:52, 121.76it/s]
 91%|█████████ | 131753/145449 [21:17<02:18, 98.60it/s] 
 91%|█████████ | 131764/145449 [21:17<02:35, 87.84it/s]
 91%|█████████ | 131774/145449 [21:17<02:40, 85.43it/s]
 91%|█████████ | 131784/145449 [21:18<02:34, 88.28it/s]
 91%|█████████ | 131807/145449 [21:18<01:52, 120.94it/s]
 91%|█████████ | 131820/145449 [21:18<01:50, 123.06it/s]
 91%|█████████ | 131841/145449 [21:18<01:32, 146.35it/s]
 91%|█████████ | 131857/145449 [21:18<01:43, 131.44it/s]
 91%|█████████ | 131871/145449 [21:18<01:50, 122.63it/s]
 91%|█████████ | 131884/145449 [21:18<02:07, 106.71it/s]
 91%|█████████ | 131896/145449 [21:18<02:20, 96.74it/s] 
 91%|█████████ | 131909/145449 [21:19<02:11, 102.64it/s]
 91%|█████████ | 131920/145449 [21:19<02:18, 97.40it/s] 
 91%|█████████ | 131933/145449 [21:19<02:10, 103.56it/s]
 91%|█████████ | 131946/145449 [21:19<02:05, 107.72it/s]
 91%|█████████ | 131962/145449 [21:19<01:51, 121.03it/s]
 91%|█████████ | 131977/145449 [21:19<01:46, 126.50it/s]
 91%|█████████ | 131990/145449 [21:19<01:53, 118.79it/s]
 91%|█████████ | 132003/145449 [21:19<02:00, 111.32it/s]
 91%|█████████ | 132015/145449 [21:20<02:04, 107.84it/s]
 91%|█████████ | 132026/145449 [21:20<02:13, 100.39it/s]
 91%|█████████ | 132037/145449 [21:20<02:25, 92.02it/s] 
 91%|█████████ | 132047/145449 [21:20<02:22, 93.93it/s]
 91%|█████████ | 132057/145449 [21:20<02:21, 94.97it/s]
 91%|█████████ | 132073/145449 [21:20<01:59, 112.31it/s]
 91%|█████████ | 132086/145449 [21:20<01:54, 116.96it/s]
 91%|█████████ | 132098/145449 [21:20<01:54, 116.73it/s]
 91%|█████████ | 132112/145449 [21:20<02:02, 109.27it/s]
 91%|█████████ | 132124/145449 [21:21<02:10, 102.24it/s]
 91%|█████████ | 132140/145449 [21:21<01:53, 116.77it/s]
 91%|█████████ | 132153/145449 [21:21<01:54, 115.76it/s]
 91%|█████████ | 132169/145449 [21:21<01:44, 126.82it/s]
 91%|█████████ | 132184/145449 [21:21<01:42, 129.83it/s]
 91%|█████████ | 132198/145449 [21:21<02:00, 110.26it/s]
 91%|█████████ | 132210/145449 [21:21<02:03, 107.35it/s]
 91%|█████████ | 132222/145449 [21:21<02:18, 95.52it/s] 
 91%|█████████ | 132233/145449 [21:22<02:15, 97.32it/s]
 91%|█████████ | 132246/145449 [21:22<02:05, 105.32it/s]
 91%|█████████ | 132257/145449 [21:22<02:28, 88.67it/s] 
 91%|█████████ | 132270/145449 [21:22<02:14, 97.69it/s]
 91%|█████████ | 132281/145449 [21:22<02:26, 89.62it/s]
 91%|█████████ | 132292/145449 [21:22<02:19, 94.11it/s]
 91%|█████████ | 132302/145449 [21:22<02:27, 88.90it/s]
 91%|█████████ | 132312/145449 [21:23<03:10, 68.96it/s]
 91%|█████████ | 132326/145449 [21:23<02:39, 82.40it/s]
 91%|█████████ | 132336/145449 [21:23<02:34, 84.65it/s]
 91%|█████████ | 132353/145449 [21:23<02:05, 104.01it/s]
 91%|█████████ | 132367/145449 [21:23<01:55, 113.17it/s]
 91%|█████████ | 132385/145449 [21:23<01:41, 129.17it/s]
 91%|█████████ | 132399/145449 [21:23<01:43, 125.68it/s]
 91%|█████████ | 132413/145449 [21:23<01:43, 126.11it/s]
 91%|█████████ | 132426/145449 [21:23<01:48, 119.60it/s]
 91%|█████████ | 132440/145449 [21:24<01:44, 124.69it/s]
 91%|█████████ | 132453/145449 [21:24<01:48, 120.01it/s]
 91%|█████████ | 132466/145449 [21:24<02:34, 83.79it/s] 
 91%|█████████ | 132476/145449 [21:24<02:42, 79.62it/s]
 91%|█████████ | 132494/145449 [21:24<02:10, 99.32it/s]
 91%|█████████ | 132506/145449 [21:24<02:05, 103.18it/s]
 91%|█████████ | 132520/145449 [21:24<01:57, 110.07it/s]
 91%|█████████ | 132532/145449 [21:25<02:04, 104.15it/s]
 91%|█████████ | 132545/145449 [21:25<01:57, 109.55it/s]
 91%|█████████ | 132557/145449 [21:25<02:29, 86.49it/s] 
 91%|█████████ | 132571/145449 [21:25<02:10, 98.39it/s]
 91%|█████████ | 132585/145449 [21:25<02:03, 104.55it/s]
 91%|█████████ | 132597/145449 [21:25<02:02, 104.96it/s]
 91%|█████████ | 132610/145449 [21:25<01:55, 110.94it/s]
 91%|█████████ | 132622/145449 [21:25<01:56, 110.00it/s]
 91%|█████████ | 132634/145449 [21:26<02:10, 98.32it/s] 
 91%|█████████ | 132645/145449 [21:26<02:06, 101.16it/s]
 91%|█████████ | 132658/145449 [21:26<01:57, 108.55it/s]
 91%|█████████ | 132671/145449 [21:26<02:01, 104.81it/s]
 91%|█████████ | 132693/145449 [21:26<01:36, 132.50it/s]
 91%|█████████ | 132707/145449 [21:26<01:42, 124.65it/s]
 91%|█████████ | 132722/145449 [21:26<01:44, 122.02it/s]
 91%|█████████▏| 132735/145449 [21:26<01:49, 116.45it/s]
 91%|█████████▏| 132751/145449 [21:26<01:39, 127.07it/s]
 91%|█████████▏| 132764/145449 [21:27<01:40, 126.81it/s]
 91%|█████████▏| 132777/145449 [21:27<01:41, 124.62it/s]
 91%|█████████▏| 132792/145449 [21:27<01:37, 129.27it/s]
 91%|█████████▏| 132806/145449 [21:27<02:14, 93.88it/s] 
 91%|█████████▏| 132821/145449 [21:27<01:59, 105.70it/s]
 91%|█████████▏| 132833/145449 [21:27<02:10, 96.74it/s] 
 91%|█████████▏| 132844/145449 [21:27<02:08, 97.88it/s]
 91%|█████████▏| 132855/145449 [21:28<02:12, 95.07it/s]
 91%|█████████▏| 132867/145449 [21:28<02:05, 100.61it/s]
 91%|█████████▏| 132878/145449 [21:28<02:21, 88.75it/s] 
 91%|█████████▏| 132890/145449 [21:28<02:12, 95.08it/s]
 91%|█████████▏| 132900/145449 [21:28<02:12, 94.52it/s]
 91%|█████████▏| 132910/145449 [21:28<02:24, 86.85it/s]
 91%|█████████▏| 132919/145449 [21:28<02:39, 78.59it/s]
 91%|█████████▏| 132928/145449 [21:28<02:41, 77.37it/s]
 91%|█████████▏| 132939/145449 [21:29<02:32, 82.22it/s]
 91%|█████████▏| 132950/145449 [21:29<02:24, 86.43it/s]
 91%|█████████▏| 132965/145449 [21:29<02:01, 102.94it/s]
 91%|█████████▏| 132976/145449 [21:29<02:15, 91.88it/s] 
 91%|█████████▏| 132986/145449 [21:29<02:17, 90.96it/s]
 91%|█████████▏| 133002/145449 [21:29<01:59, 104.33it/s]
 91%|█████████▏| 133015/145449 [21:29<01:52, 110.21it/s]
 91%|█████████▏| 133027/145449 [21:29<01:54, 108.52it/s]
 91%|█████████▏| 133042/145449 [21:29<01:50, 111.92it/s]
 91%|█████████▏| 133054/145449 [21:30<02:00, 103.28it/s]
 91%|█████████▏| 133069/145449 [21:30<01:48, 114.58it/s]
 91%|█████████▏| 133081/145449 [21:30<02:06, 97.86it/s] 
 92%|█████████▏| 133092/145449 [21:30<02:03, 99.71it/s]
 92%|█████████▏| 133103/145449 [21:30<02:06, 97.92it/s]
 92%|█████████▏| 133116/145449 [21:30<01:58, 103.72it/s]
 92%|█████████▏| 133128/145449 [21:30<01:55, 106.82it/s]
 92%|█████████▏| 133139/145449 [21:30<02:05, 98.46it/s] 
 92%|█████████▏| 133150/145449 [21:31<02:19, 88.19it/s]
 92%|█████████▏| 133160/145449 [21:31<02:24, 85.13it/s]
 92%|█████████▏| 133174/145449 [21:31<02:05, 97.89it/s]
 92%|█████████▏| 133185/145449 [21:31<02:07, 96.44it/s]
 92%|█████████▏| 133202/145449 [21:31<01:46, 115.00it/s]
 92%|█████████▏| 133214/145449 [21:31<01:45, 116.19it/s]
 92%|█████████▏| 133227/145449 [21:31<01:41, 119.90it/s]
 92%|█████████▏| 133241/145449 [21:31<01:38, 124.01it/s]
 92%|█████████▏| 133254/145449 [21:32<01:44, 116.40it/s]
 92%|█████████▏| 133266/145449 [21:32<02:23, 84.62it/s] 
 92%|█████████▏| 133287/145449 [21:32<01:49, 110.78it/s]
 92%|█████████▏| 133305/145449 [21:32<01:37, 124.33it/s]
 92%|█████████▏| 133319/145449 [21:32<01:40, 121.19it/s]
 92%|█████████▏| 133333/145449 [21:32<01:39, 121.90it/s]
 92%|█████████▏| 133349/145449 [21:32<01:34, 128.67it/s]
 92%|█████████▏| 133363/145449 [21:32<01:39, 121.63it/s]
 92%|█████████▏| 133376/145449 [21:33<01:46, 113.45it/s]
 92%|█████████▏| 133388/145449 [21:33<01:48, 111.26it/s]
 92%|█████████▏| 133400/145449 [21:33<02:09, 93.32it/s] 
 92%|█████████▏| 133410/145449 [21:33<02:13, 90.51it/s]
 92%|█████████▏| 133420/145449 [21:33<02:11, 91.66it/s]
 92%|█████████▏| 133430/145449 [21:33<02:25, 82.52it/s]
 92%|█████████▏| 133439/145449 [21:33<02:26, 82.00it/s]
 92%|█████████▏| 133448/145449 [21:33<02:25, 82.42it/s]
 92%|█████████▏| 133460/145449 [21:34<02:12, 90.76it/s]
 92%|█████████▏| 133470/145449 [21:34<02:09, 92.44it/s]
 92%|█████████▏| 133481/145449 [21:34<02:03, 97.15it/s]
 92%|█████████▏| 133491/145449 [21:34<02:06, 94.31it/s]
 92%|█████████▏| 133503/145449 [21:34<01:58, 100.94it/s]
 92%|█████████▏| 133515/145449 [21:34<01:52, 105.86it/s]
 92%|█████████▏| 133529/145449 [21:34<01:43, 115.34it/s]
 92%|█████████▏| 133543/145449 [21:34<01:39, 119.79it/s]
 92%|█████████▏| 133556/145449 [21:34<01:37, 121.50it/s]
 92%|█████████▏| 133569/145449 [21:35<01:39, 119.49it/s]
 92%|█████████▏| 133581/145449 [21:35<01:50, 107.11it/s]
 92%|█████████▏| 133592/145449 [21:35<01:57, 100.77it/s]
 92%|█████████▏| 133603/145449 [21:35<01:59, 99.12it/s] 
 92%|█████████▏| 133614/145449 [21:35<01:58, 99.75it/s]
 92%|█████████▏| 133625/145449 [21:35<02:13, 88.89it/s]
 92%|█████████▏| 133638/145449 [21:35<02:00, 97.71it/s]
 92%|█████████▏| 133649/145449 [21:35<02:05, 93.96it/s]
 92%|█████████▏| 133659/145449 [21:36<02:09, 90.94it/s]
 92%|█████████▏| 133674/145449 [21:36<01:52, 104.39it/s]
 92%|█████████▏| 133685/145449 [21:36<02:10, 90.27it/s] 
 92%|█████████▏| 133698/145449 [21:36<01:58, 99.38it/s]
 92%|█████████▏| 133710/145449 [21:36<01:54, 102.10it/s]
 92%|█████████▏| 133721/145449 [21:36<02:00, 97.28it/s] 
 92%|█████████▏| 133732/145449 [21:36<01:57, 99.80it/s]
 92%|█████████▏| 133744/145449 [21:36<02:01, 96.25it/s]
 92%|█████████▏| 133755/145449 [21:36<01:58, 98.70it/s]
 92%|█████████▏| 133766/145449 [21:37<01:56, 99.97it/s]
 92%|█████████▏| 133779/145449 [21:37<01:48, 107.22it/s]
 92%|█████████▏| 133790/145449 [21:37<02:06, 92.39it/s] 
 92%|█████████▏| 133800/145449 [21:37<02:06, 91.83it/s]
 92%|█████████▏| 133810/145449 [21:37<02:14, 86.23it/s]
 92%|█████████▏| 133822/145449 [21:37<02:02, 94.68it/s]
 92%|█████████▏| 133834/145449 [21:37<01:58, 97.61it/s]
 92%|█████████▏| 133844/145449 [21:37<02:13, 87.15it/s]
 92%|█████████▏| 133856/145449 [21:38<02:02, 94.66it/s]
 92%|█████████▏| 133867/145449 [21:38<01:59, 96.96it/s]
 92%|█████████▏| 133877/145449 [21:38<01:58, 97.38it/s]
 92%|█████████▏| 133887/145449 [21:38<02:01, 94.98it/s]
 92%|█████████▏| 133897/145449 [21:38<02:03, 93.59it/s]
 92%|█████████▏| 133907/145449 [21:38<02:10, 88.70it/s]
 92%|█████████▏| 133920/145449 [21:38<01:57, 98.17it/s]
 92%|█████████▏| 133930/145449 [21:38<02:16, 84.26it/s]
 92%|█████████▏| 133939/145449 [21:39<02:36, 73.69it/s]
 92%|█████████▏| 133954/145449 [21:39<02:06, 90.79it/s]
 92%|█████████▏| 133967/145449 [21:39<01:58, 97.18it/s]
 92%|█████████▏| 133978/145449 [21:39<02:01, 94.80it/s]
 92%|█████████▏| 133990/145449 [21:39<01:53, 100.57it/s]
 92%|█████████▏| 134001/145449 [21:39<02:10, 87.69it/s] 
 92%|█████████▏| 134011/145449 [21:39<02:22, 80.25it/s]
 92%|█████████▏| 134026/145449 [21:39<02:02, 93.05it/s]
 92%|█████████▏| 134039/145449 [21:40<01:53, 100.96it/s]
 92%|█████████▏| 134050/145449 [21:40<02:08, 88.42it/s] 
 92%|█████████▏| 134060/145449 [21:40<02:15, 84.22it/s]
 92%|█████████▏| 134069/145449 [21:40<02:13, 85.55it/s]
 92%|█████████▏| 134078/145449 [21:40<02:34, 73.57it/s]
 92%|█████████▏| 134087/145449 [21:40<02:28, 76.37it/s]
 92%|█████████▏| 134100/145449 [21:40<02:08, 88.03it/s]
 92%|█████████▏| 134110/145449 [21:40<02:05, 90.52it/s]
 92%|█████████▏| 134120/145449 [21:41<02:12, 85.21it/s]
 92%|█████████▏| 134130/145449 [21:41<02:08, 88.37it/s]
 92%|█████████▏| 134143/145449 [21:41<01:53, 99.41it/s]
 92%|█████████▏| 134154/145449 [21:41<01:55, 98.10it/s]
 92%|█████████▏| 134171/145449 [21:41<01:36, 117.18it/s]
 92%|█████████▏| 134183/145449 [21:41<01:43, 108.88it/s]
 92%|█████████▏| 134195/145449 [21:41<01:45, 106.41it/s]
 92%|█████████▏| 134208/145449 [21:41<01:42, 109.52it/s]
 92%|█████████▏| 134221/145449 [21:41<01:37, 114.59it/s]
 92%|█████████▏| 134235/145449 [21:42<01:34, 118.77it/s]
 92%|█████████▏| 134253/145449 [21:42<01:23, 134.42it/s]
 92%|█████████▏| 134267/145449 [21:42<01:40, 111.78it/s]
 92%|█████████▏| 134280/145449 [21:42<01:36, 115.26it/s]
 92%|█████████▏| 134300/145449 [21:42<01:21, 137.21it/s]
 92%|█████████▏| 134315/145449 [21:42<01:23, 132.74it/s]
 92%|█████████▏| 134329/145449 [21:42<01:27, 127.12it/s]
 92%|█████████▏| 134343/145449 [21:42<01:28, 125.15it/s]
 92%|█████████▏| 134358/145449 [21:42<01:25, 130.04it/s]
 92%|█████████▏| 134373/145449 [21:43<01:24, 131.83it/s]
 92%|█████████▏| 134387/145449 [21:43<01:25, 129.90it/s]
 92%|█████████▏| 134402/145449 [21:43<01:22, 133.41it/s]
 92%|█████████▏| 134416/145449 [21:43<01:29, 123.95it/s]
 92%|█████████▏| 134429/145449 [21:43<01:35, 115.69it/s]
 92%|█████████▏| 134444/145449 [21:43<01:28, 124.27it/s]
 92%|█████████▏| 134463/145449 [21:43<01:17, 141.87it/s]
 92%|█████████▏| 134480/145449 [21:43<01:17, 142.44it/s]
 92%|█████████▏| 134495/145449 [21:44<01:16, 142.29it/s]
 92%|█████████▏| 134510/145449 [21:44<01:19, 137.71it/s]
 92%|█████████▏| 134528/145449 [21:44<01:13, 147.90it/s]
 93%|█████████▎| 134543/145449 [21:44<01:17, 141.30it/s]
 93%|█████████▎| 134563/145449 [21:44<01:09, 156.54it/s]
 93%|█████████▎| 134579/145449 [21:44<01:21, 133.09it/s]
 93%|█████████▎| 134594/145449 [21:44<01:29, 121.67it/s]
 93%|█████████▎| 134607/145449 [21:44<01:35, 113.82it/s]
 93%|█████████▎| 134619/145449 [21:45<01:37, 111.40it/s]
 93%|█████████▎| 134631/145449 [21:45<01:40, 107.92it/s]
 93%|█████████▎| 134643/145449 [21:45<01:37, 110.73it/s]
 93%|█████████▎| 134655/145449 [21:45<01:44, 103.38it/s]
 93%|█████████▎| 134666/145449 [21:45<01:44, 103.21it/s]
 93%|█████████▎| 134678/145449 [21:45<01:44, 102.59it/s]
 93%|█████████▎| 134695/145449 [21:45<01:30, 119.08it/s]
 93%|█████████▎| 134708/145449 [21:45<01:31, 117.24it/s]
 93%|█████████▎| 134724/145449 [21:45<01:23, 128.62it/s]
 93%|█████████▎| 134742/145449 [21:46<01:18, 136.40it/s]
 93%|█████████▎| 134758/145449 [21:46<01:23, 128.10it/s]
 93%|█████████▎| 134772/145449 [21:46<01:25, 124.45it/s]
 93%|█████████▎| 134785/145449 [21:46<01:41, 105.48it/s]
 93%|█████████▎| 134797/145449 [21:46<01:53, 94.05it/s] 
 93%|█████████▎| 134807/145449 [21:46<02:05, 84.94it/s]
 93%|█████████▎| 134816/145449 [21:46<02:10, 81.52it/s]
 93%|█████████▎| 134825/145449 [21:47<02:14, 79.16it/s]
 93%|█████████▎| 134838/145449 [21:47<01:56, 90.74it/s]
 93%|█████████▎| 134854/145449 [21:47<01:38, 107.58it/s]
 93%|█████████▎| 134874/145449 [21:47<01:25, 124.31it/s]
 93%|█████████▎| 134888/145449 [21:47<01:22, 128.38it/s]
 93%|█████████▎| 134902/145449 [21:47<01:35, 109.88it/s]
 93%|█████████▎| 134914/145449 [21:47<01:48, 96.78it/s] 
 93%|█████████▎| 134926/145449 [21:47<01:43, 101.40it/s]
 93%|█████████▎| 134944/145449 [21:48<01:28, 118.04it/s]
 93%|█████████▎| 134957/145449 [21:48<01:33, 111.66it/s]
 93%|█████████▎| 134972/145449 [21:48<01:26, 121.04it/s]
 93%|█████████▎| 134985/145449 [21:48<01:31, 114.30it/s]
 93%|█████████▎| 134997/145449 [21:48<01:33, 111.89it/s]
 93%|█████████▎| 135009/145449 [21:48<01:32, 112.41it/s]
 93%|█████████▎| 135023/145449 [21:48<01:28, 118.47it/s]
 93%|█████████▎| 135036/145449 [21:48<01:34, 109.66it/s]
 93%|█████████▎| 135049/145449 [21:48<01:31, 114.11it/s]
 93%|█████████▎| 135061/145449 [21:49<01:35, 108.54it/s]
 93%|█████████▎| 135073/145449 [21:49<01:44, 98.98it/s] 
 93%|█████████▎| 135086/145449 [21:49<01:38, 105.11it/s]
 93%|█████████▎| 135097/145449 [21:49<01:42, 101.44it/s]
 93%|█████████▎| 135108/145449 [21:49<01:56, 88.95it/s] 
 93%|█████████▎| 135122/145449 [21:49<01:43, 100.13it/s]
 93%|█████████▎| 135134/145449 [21:49<01:40, 102.43it/s]
 93%|█████████▎| 135147/145449 [21:49<01:34, 109.51it/s]
 93%|█████████▎| 135164/145449 [21:50<01:22, 124.65it/s]
 93%|█████████▎| 135177/145449 [21:50<01:45, 97.82it/s] 
 93%|█████████▎| 135193/145449 [21:50<01:31, 111.61it/s]
 93%|█████████▎| 135209/145449 [21:50<01:23, 122.47it/s]
 93%|█████████▎| 135223/145449 [21:50<01:32, 110.44it/s]
 93%|█████████▎| 135235/145449 [21:50<01:37, 104.76it/s]
 93%|█████████▎| 135247/145449 [21:50<01:49, 93.42it/s] 
 93%|█████████▎| 135263/145449 [21:51<01:33, 108.49it/s]
 93%|█████████▎| 135282/145449 [21:51<01:19, 127.15it/s]
 93%|█████████▎| 135299/145449 [21:51<01:13, 137.45it/s]
 93%|█████████▎| 135314/145449 [21:51<01:21, 123.92it/s]
 93%|█████████▎| 135328/145449 [21:51<01:23, 121.24it/s]
 93%|█████████▎| 135341/145449 [21:51<01:37, 103.22it/s]
 93%|█████████▎| 135353/145449 [21:51<01:36, 104.42it/s]
 93%|█████████▎| 135368/145449 [21:51<01:28, 113.95it/s]
 93%|█████████▎| 135382/145449 [21:51<01:23, 120.54it/s]
 93%|█████████▎| 135398/145449 [21:52<01:18, 128.47it/s]
 93%|█████████▎| 135416/145449 [21:52<01:11, 140.36it/s]
 93%|█████████▎| 135434/145449 [21:52<01:06, 151.30it/s]
 93%|█████████▎| 135451/145449 [21:52<01:04, 154.50it/s]
 93%|█████████▎| 135467/145449 [21:52<01:16, 130.24it/s]
 93%|█████████▎| 135481/145449 [21:52<01:46, 93.48it/s] 
 93%|█████████▎| 135493/145449 [21:52<01:48, 91.68it/s]
 93%|█████████▎| 135509/145449 [21:53<01:35, 104.09it/s]
 93%|█████████▎| 135526/145449 [21:53<01:24, 116.94it/s]
 93%|█████████▎| 135542/145449 [21:53<01:19, 125.19it/s]
 93%|█████████▎| 135556/145449 [21:53<01:24, 116.79it/s]
 93%|█████████▎| 135570/145449 [21:53<01:20, 122.17it/s]
 93%|█████████▎| 135583/145449 [21:53<01:30, 108.74it/s]
 93%|█████████▎| 135595/145449 [21:53<01:43, 95.20it/s] 
 93%|█████████▎| 135609/145449 [21:53<01:34, 104.16it/s]
 93%|█████████▎| 135622/145449 [21:54<01:29, 109.66it/s]
 93%|█████████▎| 135635/145449 [21:54<01:27, 112.21it/s]
 93%|█████████▎| 135649/145449 [21:54<01:22, 118.98it/s]
 93%|█████████▎| 135662/145449 [21:54<01:22, 118.92it/s]
 93%|█████████▎| 135675/145449 [21:54<01:24, 115.69it/s]
 93%|█████████▎| 135689/145449 [21:54<01:20, 120.81it/s]
 93%|█████████▎| 135705/145449 [21:54<01:14, 130.69it/s]
 93%|█████████▎| 135719/145449 [21:54<01:17, 125.41it/s]
 93%|█████████▎| 135733/145449 [21:54<01:17, 125.89it/s]
 93%|█████████▎| 135750/145449 [21:55<01:12, 133.15it/s]
 93%|█████████▎| 135768/145449 [21:55<01:06, 145.92it/s]
 93%|█████████▎| 135783/145449 [21:55<01:09, 138.82it/s]
 93%|█████████▎| 135803/145449 [21:55<01:05, 148.22it/s]
 93%|█████████▎| 135823/145449 [21:55<01:01, 156.36it/s]
 93%|█████████▎| 135839/145449 [21:55<01:10, 136.90it/s]
 93%|█████████▎| 135856/145449 [21:55<01:07, 142.86it/s]
 93%|█████████▎| 135871/145449 [21:55<01:09, 137.01it/s]
 93%|█████████▎| 135887/145449 [21:56<01:07, 141.00it/s]
 93%|█████████▎| 135902/145449 [21:56<01:12, 132.37it/s]
 93%|█████████▎| 135916/145449 [21:56<01:26, 110.13it/s]
 93%|█████████▎| 135933/145449 [21:56<01:17, 122.67it/s]
 93%|█████████▎| 135947/145449 [21:56<01:18, 120.67it/s]
 93%|█████████▎| 135960/145449 [21:56<01:24, 112.77it/s]
 93%|█████████▎| 135972/145449 [21:56<01:23, 113.00it/s]
 93%|█████████▎| 135984/145449 [21:56<01:25, 110.18it/s]
 94%|█████████▎| 135996/145449 [21:57<01:34, 100.35it/s]
 94%|█████████▎| 136007/145449 [21:57<01:36, 98.07it/s] 
 94%|█████████▎| 136017/145449 [21:57<01:35, 98.49it/s]
 94%|█████████▎| 136027/145449 [21:57<01:44, 90.22it/s]
 94%|█████████▎| 136037/145449 [21:57<01:54, 82.13it/s]
 94%|█████████▎| 136046/145449 [21:57<01:56, 80.87it/s]
 94%|█████████▎| 136062/145449 [21:57<01:33, 100.66it/s]
 94%|█████████▎| 136073/145449 [21:57<01:31, 102.05it/s]
 94%|█████████▎| 136084/145449 [21:57<01:34, 99.51it/s] 
 94%|█████████▎| 136095/145449 [21:58<01:34, 99.40it/s]
 94%|█████████▎| 136111/145449 [21:58<01:21, 115.24it/s]
 94%|█████████▎| 136123/145449 [21:58<01:21, 114.36it/s]
 94%|█████████▎| 136135/145449 [21:58<01:28, 104.97it/s]
 94%|█████████▎| 136146/145449 [21:58<01:33, 99.33it/s] 
 94%|█████████▎| 136160/145449 [21:58<01:28, 105.19it/s]
 94%|█████████▎| 136171/145449 [21:58<01:30, 102.90it/s]
 94%|█████████▎| 136189/145449 [21:58<01:15, 123.00it/s]
 94%|█████████▎| 136202/145449 [21:59<01:37, 94.65it/s] 
 94%|█████████▎| 136213/145449 [21:59<01:41, 90.63it/s]
 94%|█████████▎| 136224/145449 [21:59<01:39, 93.16it/s]
 94%|█████████▎| 136234/145449 [21:59<01:57, 78.28it/s]
 94%|█████████▎| 136244/145449 [21:59<01:51, 82.23it/s]
 94%|█████████▎| 136253/145449 [21:59<01:59, 77.00it/s]
 94%|█████████▎| 136264/145449 [21:59<01:51, 82.59it/s]
 94%|█████████▎| 136273/145449 [22:00<02:11, 69.68it/s]
 94%|█████████▎| 136281/145449 [22:00<02:24, 63.48it/s]
 94%|█████████▎| 136291/145449 [22:00<02:08, 71.53it/s]
 94%|█████████▎| 136299/145449 [22:00<02:10, 70.16it/s]
 94%|█████████▎| 136311/145449 [22:00<01:51, 81.73it/s]
 94%|█████████▎| 136328/145449 [22:00<01:31, 99.59it/s]
 94%|█████████▎| 136339/145449 [22:00<01:57, 77.47it/s]
 94%|█████████▎| 136349/145449 [22:01<01:50, 82.00it/s]
 94%|█████████▍| 136359/145449 [22:01<01:50, 82.56it/s]
 94%|█████████▍| 136371/145449 [22:01<01:39, 91.39it/s]
 94%|█████████▍| 136383/145449 [22:01<01:31, 98.76it/s]
 94%|█████████▍| 136396/145449 [22:01<01:24, 106.98it/s]
 94%|█████████▍| 136409/145449 [22:01<01:21, 111.01it/s]
 94%|█████████▍| 136424/145449 [22:01<01:14, 120.91it/s]
 94%|█████████▍| 136437/145449 [22:01<01:21, 110.57it/s]
 94%|█████████▍| 136451/145449 [22:01<01:17, 116.06it/s]
 94%|█████████▍| 136463/145449 [22:02<01:17, 116.63it/s]
 94%|█████████▍| 136475/145449 [22:02<01:19, 113.19it/s]
 94%|█████████▍| 136491/145449 [22:02<01:11, 125.63it/s]
 94%|█████████▍| 136504/145449 [22:02<01:23, 107.50it/s]
 94%|█████████▍| 136516/145449 [22:02<01:23, 107.35it/s]
 94%|█████████▍| 136528/145449 [22:02<01:21, 109.82it/s]
 94%|█████████▍| 136540/145449 [22:02<01:31, 97.50it/s] 
 94%|█████████▍| 136551/145449 [22:02<01:36, 91.78it/s]
 94%|█████████▍| 136561/145449 [22:03<01:44, 85.40it/s]
 94%|█████████▍| 136570/145449 [22:03<01:49, 81.31it/s]
 94%|█████████▍| 136580/145449 [22:03<01:44, 84.64it/s]
 94%|█████████▍| 136589/145449 [22:03<01:59, 74.28it/s]
 94%|█████████▍| 136601/145449 [22:03<01:44, 84.40it/s]
 94%|█████████▍| 136615/145449 [22:03<01:31, 96.64it/s]
 94%|█████████▍| 136627/145449 [22:03<01:28, 99.59it/s]
 94%|█████████▍| 136640/145449 [22:03<01:22, 106.99it/s]
 94%|█████████▍| 136655/145449 [22:03<01:14, 118.43it/s]
 94%|█████████▍| 136668/145449 [22:04<01:16, 115.36it/s]
 94%|█████████▍| 136680/145449 [22:04<01:16, 114.13it/s]
 94%|█████████▍| 136692/145449 [22:04<01:20, 108.89it/s]
 94%|█████████▍| 136704/145449 [22:04<01:39, 87.61it/s] 
 94%|█████████▍| 136714/145449 [22:04<01:43, 84.18it/s]
 94%|█████████▍| 136723/145449 [22:04<01:46, 81.94it/s]
 94%|█████████▍| 136732/145449 [22:04<01:52, 77.46it/s]
 94%|█████████▍| 136744/145449 [22:04<01:39, 87.67it/s]
 94%|█████████▍| 136754/145449 [22:05<01:35, 90.72it/s]
 94%|█████████▍| 136764/145449 [22:05<01:41, 85.30it/s]
 94%|█████████▍| 136774/145449 [22:05<01:44, 82.62it/s]
 94%|█████████▍| 136783/145449 [22:05<01:45, 82.07it/s]
 94%|█████████▍| 136795/145449 [22:05<01:34, 91.61it/s]
 94%|█████████▍| 136812/145449 [22:05<01:16, 112.66it/s]
 94%|█████████▍| 136824/145449 [22:05<01:24, 101.57it/s]
 94%|█████████▍| 136835/145449 [22:05<01:24, 101.74it/s]
 94%|█████████▍| 136846/145449 [22:06<01:27, 98.85it/s] 
 94%|█████████▍| 136857/145449 [22:06<01:25, 100.84it/s]
 94%|█████████▍| 136872/145449 [22:06<01:16, 111.49it/s]
 94%|█████████▍| 136884/145449 [22:06<01:23, 103.03it/s]
 94%|█████████▍| 136897/145449 [22:06<01:20, 105.63it/s]
 94%|█████████▍| 136910/145449 [22:06<01:16, 111.51it/s]
 94%|█████████▍| 136922/145449 [22:06<01:15, 112.27it/s]
 94%|█████████▍| 136937/145449 [22:06<01:10, 120.55it/s]
 94%|█████████▍| 136953/145449 [22:06<01:04, 130.96it/s]
 94%|█████████▍| 136967/145449 [22:07<01:11, 118.75it/s]
 94%|█████████▍| 136980/145449 [22:07<01:18, 107.73it/s]
 94%|█████████▍| 136992/145449 [22:07<01:30, 93.72it/s] 
 94%|█████████▍| 137002/145449 [22:07<01:29, 94.68it/s]
 94%|█████████▍| 137016/145449 [22:07<01:20, 105.41it/s]
 94%|█████████▍| 137028/145449 [22:07<01:32, 90.71it/s] 
 94%|█████████▍| 137040/145449 [22:07<01:27, 96.50it/s]
 94%|█████████▍| 137057/145449 [22:07<01:13, 114.32it/s]
 94%|█████████▍| 137070/145449 [22:08<01:11, 117.14it/s]
 94%|█████████▍| 137083/145449 [22:08<01:15, 110.99it/s]
 94%|█████████▍| 137097/145449 [22:08<01:10, 118.43it/s]
 94%|█████████▍| 137110/145449 [22:08<01:12, 114.83it/s]
 94%|█████████▍| 137122/145449 [22:08<01:15, 110.34it/s]
 94%|█████████▍| 137137/145449 [22:08<01:11, 115.99it/s]
 94%|█████████▍| 137152/145449 [22:08<01:09, 118.93it/s]
 94%|█████████▍| 137165/145449 [22:08<01:14, 111.17it/s]
 94%|█████████▍| 137178/145449 [22:09<01:12, 113.78it/s]
 94%|█████████▍| 137190/145449 [22:09<01:20, 102.36it/s]
 94%|█████████▍| 137207/145449 [22:09<01:09, 119.27it/s]
 94%|█████████▍| 137220/145449 [22:09<01:08, 120.68it/s]
 94%|█████████▍| 137233/145449 [22:09<01:13, 111.91it/s]
 94%|█████████▍| 137250/145449 [22:09<01:04, 126.17it/s]
 94%|█████████▍| 137264/145449 [22:09<01:05, 125.22it/s]
 94%|█████████▍| 137279/145449 [22:09<01:03, 128.11it/s]
 94%|█████████▍| 137293/145449 [22:10<01:09, 116.98it/s]
 94%|█████████▍| 137306/145449 [22:10<01:15, 108.16it/s]
 94%|█████████▍| 137318/145449 [22:10<01:20, 100.78it/s]
 94%|█████████▍| 137329/145449 [22:10<01:20, 100.35it/s]
 94%|█████████▍| 137342/145449 [22:10<01:17, 104.15it/s]
 94%|█████████▍| 137353/145449 [22:10<01:18, 102.84it/s]
 94%|█████████▍| 137367/145449 [22:10<01:18, 102.41it/s]
 94%|█████████▍| 137378/145449 [22:10<01:36, 83.50it/s] 
 94%|█████████▍| 137387/145449 [22:11<01:52, 71.42it/s]
 94%|█████████▍| 137400/145449 [22:11<01:37, 82.42it/s]
 94%|█████████▍| 137414/145449 [22:11<01:25, 94.24it/s]
 94%|█████████▍| 137425/145449 [22:11<01:24, 94.99it/s]
 94%|█████████▍| 137436/145449 [22:11<01:28, 90.37it/s]
 94%|█████████▍| 137446/145449 [22:11<01:30, 88.12it/s]
 95%|█████████▍| 137456/145449 [22:11<01:30, 88.46it/s]
 95%|█████████▍| 137466/145449 [22:12<01:39, 79.94it/s]
 95%|█████████▍| 137475/145449 [22:12<01:38, 80.87it/s]
 95%|█████████▍| 137484/145449 [22:12<01:37, 81.87it/s]
 95%|█████████▍| 137493/145449 [22:12<01:44, 75.98it/s]
 95%|█████████▍| 137502/145449 [22:12<01:40, 79.02it/s]
 95%|█████████▍| 137520/145449 [22:12<01:15, 104.83it/s]
 95%|█████████▍| 137531/145449 [22:12<01:39, 79.77it/s] 
 95%|█████████▍| 137541/145449 [22:12<01:38, 80.46it/s]
 95%|█████████▍| 137551/145449 [22:13<01:33, 84.23it/s]
 95%|█████████▍| 137566/145449 [22:13<01:19, 99.07it/s]
 95%|█████████▍| 137578/145449 [22:13<01:15, 104.06it/s]
 95%|█████████▍| 137589/145449 [22:13<01:24, 92.82it/s] 
 95%|█████████▍| 137599/145449 [22:13<01:25, 92.16it/s]
 95%|█████████▍| 137609/145449 [22:13<01:34, 82.99it/s]
 95%|█████████▍| 137623/145449 [22:13<01:22, 95.39it/s]
 95%|█████████▍| 137641/145449 [22:13<01:07, 116.33it/s]
 95%|█████████▍| 137654/145449 [22:13<01:05, 119.53it/s]
 95%|█████████▍| 137667/145449 [22:14<01:16, 102.10it/s]
 95%|█████████▍| 137678/145449 [22:14<01:31, 85.05it/s] 
 95%|█████████▍| 137688/145449 [22:14<01:28, 87.85it/s]
 95%|█████████▍| 137699/145449 [22:14<01:23, 92.90it/s]
 95%|█████████▍| 137712/145449 [22:14<01:17, 100.29it/s]
 95%|█████████▍| 137724/145449 [22:14<01:14, 103.72it/s]
 95%|█████████▍| 137738/145449 [22:14<01:08, 112.50it/s]
 95%|█████████▍| 137750/145449 [22:14<01:12, 106.38it/s]
 95%|█████████▍| 137761/145449 [22:15<01:27, 88.30it/s] 
 95%|█████████▍| 137771/145449 [22:15<01:34, 80.84it/s]
 95%|█████████▍| 137780/145449 [22:15<01:36, 79.52it/s]
 95%|█████████▍| 137794/145449 [22:15<01:21, 93.66it/s]
 95%|█████████▍| 137810/145449 [22:15<01:09, 109.17it/s]
 95%|█████████▍| 137823/145449 [22:15<01:06, 114.32it/s]
 95%|█████████▍| 137835/145449 [22:15<01:07, 113.63it/s]
 95%|█████████▍| 137847/145449 [22:15<01:06, 114.68it/s]
 95%|█████████▍| 137859/145449 [22:16<01:08, 111.40it/s]
 95%|█████████▍| 137874/145449 [22:16<01:02, 121.25it/s]
 95%|█████████▍| 137887/145449 [22:16<01:02, 121.40it/s]
 95%|█████████▍| 137904/145449 [22:16<00:56, 133.69it/s]
 95%|█████████▍| 137918/145449 [22:16<01:03, 118.16it/s]
 95%|█████████▍| 137931/145449 [22:16<01:03, 118.72it/s]
 95%|█████████▍| 137945/145449 [22:16<01:00, 123.83it/s]
 95%|█████████▍| 137959/145449 [22:16<00:58, 127.99it/s]
 95%|█████████▍| 137974/145449 [22:16<00:55, 133.70it/s]
 95%|█████████▍| 137988/145449 [22:17<00:56, 133.19it/s]
 95%|█████████▍| 138004/145449 [22:17<00:53, 140.02it/s]
 95%|█████████▍| 138019/145449 [22:17<00:56, 131.24it/s]
 95%|█████████▍| 138033/145449 [22:17<01:03, 116.64it/s]
 95%|█████████▍| 138046/145449 [22:17<01:07, 110.06it/s]
 95%|█████████▍| 138060/145449 [22:17<01:03, 117.09it/s]
 95%|█████████▍| 138073/145449 [22:17<01:12, 102.07it/s]
 95%|█████████▍| 138084/145449 [22:17<01:20, 92.04it/s] 
 95%|█████████▍| 138094/145449 [22:18<01:27, 83.72it/s]
 95%|█████████▍| 138108/145449 [22:18<01:16, 95.82it/s]
 95%|█████████▍| 138125/145449 [22:18<01:04, 113.02it/s]
 95%|█████████▍| 138145/145449 [22:18<00:54, 133.30it/s]
 95%|█████████▍| 138160/145449 [22:18<00:56, 128.61it/s]
 95%|█████████▍| 138174/145449 [22:18<00:57, 125.80it/s]
 95%|█████████▌| 138187/145449 [22:18<01:07, 107.85it/s]
 95%|█████████▌| 138199/145449 [22:19<01:18, 92.07it/s] 
 95%|█████████▌| 138209/145449 [22:19<01:20, 89.58it/s]
 95%|█████████▌| 138219/145449 [22:19<01:36, 74.63it/s]
 95%|█████████▌| 138229/145449 [22:19<01:31, 78.75it/s]
 95%|█████████▌| 138238/145449 [22:19<01:31, 78.39it/s]
 95%|█████████▌| 138247/145449 [22:19<01:35, 75.39it/s]
 95%|█████████▌| 138255/145449 [22:19<01:36, 74.75it/s]
 95%|█████████▌| 138267/145449 [22:19<01:24, 85.14it/s]
 95%|█████████▌| 138276/145449 [22:20<01:34, 75.83it/s]
 95%|█████████▌| 138288/145449 [22:20<01:24, 85.01it/s]
 95%|█████████▌| 138297/145449 [22:20<01:27, 81.29it/s]
 95%|█████████▌| 138306/145449 [22:20<01:26, 82.77it/s]
 95%|█████████▌| 138317/145449 [22:20<01:23, 85.56it/s]
 95%|█████████▌| 138331/145449 [22:20<01:11, 99.91it/s]
 95%|█████████▌| 138342/145449 [22:20<01:15, 93.59it/s]
 95%|█████████▌| 138352/145449 [22:20<01:18, 90.38it/s]
 95%|█████████▌| 138362/145449 [22:20<01:17, 91.60it/s]
 95%|█████████▌| 138372/145449 [22:21<01:16, 92.70it/s]
 95%|█████████▌| 138384/145449 [22:21<01:11, 98.67it/s]
 95%|█████████▌| 138399/145449 [22:21<01:05, 108.36it/s]
 95%|█████████▌| 138415/145449 [22:21<00:57, 121.45it/s]
 95%|█████████▌| 138428/145449 [22:21<01:05, 106.63it/s]
 95%|█████████▌| 138440/145449 [22:21<01:17, 90.27it/s] 
 95%|█████████▌| 138450/145449 [22:21<01:22, 85.04it/s]
 95%|█████████▌| 138459/145449 [22:22<01:25, 81.58it/s]
 95%|█████████▌| 138469/145449 [22:22<01:22, 84.79it/s]
 95%|█████████▌| 138478/145449 [22:22<01:39, 69.85it/s]
 95%|█████████▌| 138494/145449 [22:22<01:17, 90.24it/s]
 95%|█████████▌| 138512/145449 [22:22<01:02, 111.28it/s]
 95%|█████████▌| 138525/145449 [22:22<01:01, 111.86it/s]
 95%|█████████▌| 138538/145449 [22:22<00:59, 115.46it/s]
 95%|█████████▌| 138554/145449 [22:22<00:55, 123.99it/s]
 95%|█████████▌| 138567/145449 [22:22<00:55, 124.39it/s]
 95%|█████████▌| 138580/145449 [22:23<00:55, 124.71it/s]
 95%|█████████▌| 138593/145449 [22:23<00:55, 122.46it/s]
 95%|█████████▌| 138606/145449 [22:23<00:58, 117.90it/s]
 95%|█████████▌| 138618/145449 [22:23<01:03, 106.77it/s]
 95%|█████████▌| 138629/145449 [22:23<01:29, 76.59it/s] 
 95%|█████████▌| 138639/145449 [22:23<01:25, 79.41it/s]
 95%|█████████▌| 138650/145449 [22:23<01:19, 85.45it/s]
 95%|█████████▌| 138662/145449 [22:24<01:16, 88.80it/s]
 95%|█████████▌| 138673/145449 [22:24<01:12, 93.43it/s]
 95%|█████████▌| 138683/145449 [22:24<01:29, 75.32it/s]
 95%|█████████▌| 138697/145449 [22:24<01:15, 89.44it/s]
 95%|█████████▌| 138707/145449 [22:24<01:25, 78.83it/s]
 95%|█████████▌| 138716/145449 [22:24<01:23, 80.94it/s]
 95%|█████████▌| 138725/145449 [22:24<01:23, 80.95it/s]
 95%|█████████▌| 138739/145449 [22:24<01:14, 89.85it/s]
 95%|█████████▌| 138749/145449 [22:25<01:13, 91.00it/s]
 95%|█████████▌| 138764/145449 [22:25<01:02, 106.19it/s]
 95%|█████████▌| 138780/145449 [22:25<00:56, 118.02it/s]
 95%|█████████▌| 138799/145449 [22:25<00:48, 136.62it/s]
 95%|█████████▌| 138813/145449 [22:25<00:49, 132.90it/s]
 95%|█████████▌| 138829/145449 [22:25<00:47, 139.23it/s]
 95%|█████████▌| 138845/145449 [22:25<00:47, 137.76it/s]
 95%|█████████▌| 138859/145449 [22:25<00:58, 112.14it/s]
 95%|█████████▌| 138872/145449 [22:26<01:03, 103.50it/s]
 95%|█████████▌| 138888/145449 [22:26<00:57, 113.16it/s]
 95%|█████████▌| 138903/145449 [22:26<00:53, 121.31it/s]
 96%|█████████▌| 138916/145449 [22:26<01:01, 105.47it/s]
 96%|█████████▌| 138928/145449 [22:26<01:04, 101.49it/s]
 96%|█████████▌| 138943/145449 [22:26<00:57, 112.32it/s]
 96%|█████████▌| 138955/145449 [22:26<00:58, 110.75it/s]
 96%|█████████▌| 138968/145449 [22:26<00:56, 115.11it/s]
 96%|█████████▌| 138984/145449 [22:26<00:51, 126.27it/s]
 96%|█████████▌| 138997/145449 [22:27<00:54, 117.88it/s]
 96%|█████████▌| 139011/145449 [22:27<00:52, 123.66it/s]
 96%|█████████▌| 139024/145449 [22:27<00:59, 108.24it/s]
 96%|█████████▌| 139036/145449 [22:27<01:05, 98.27it/s] 
 96%|█████████▌| 139047/145449 [22:27<01:08, 93.37it/s]
 96%|█████████▌| 139057/145449 [22:27<01:20, 79.82it/s]
 96%|█████████▌| 139066/145449 [22:27<01:24, 75.38it/s]
 96%|█████████▌| 139076/145449 [22:28<01:20, 78.94it/s]
 96%|█████████▌| 139085/145449 [22:28<01:29, 70.96it/s]
 96%|█████████▌| 139099/145449 [22:28<01:13, 86.52it/s]
 96%|█████████▌| 139109/145449 [22:28<01:13, 85.70it/s]
 96%|█████████▌| 139122/145449 [22:28<01:06, 95.61it/s]
 96%|█████████▌| 139134/145449 [22:28<01:04, 98.00it/s]
 96%|█████████▌| 139147/145449 [22:28<01:00, 103.61it/s]
 96%|█████████▌| 139160/145449 [22:28<00:58, 108.27it/s]
 96%|█████████▌| 139175/145449 [22:28<00:52, 119.12it/s]
 96%|█████████▌| 139188/145449 [22:29<00:52, 118.91it/s]
 96%|█████████▌| 139201/145449 [22:29<00:53, 117.47it/s]
 96%|█████████▌| 139213/145449 [22:29<00:58, 107.09it/s]
 96%|█████████▌| 139224/145449 [22:29<01:12, 85.29it/s] 
 96%|█████████▌| 139236/145449 [22:29<01:07, 92.18it/s]
 96%|█████████▌| 139248/145449 [22:29<01:04, 96.32it/s]
 96%|█████████▌| 139259/145449 [22:29<01:08, 90.37it/s]
 96%|█████████▌| 139273/145449 [22:30<01:01, 101.18it/s]
 96%|█████████▌| 139287/145449 [22:30<00:59, 103.81it/s]
 96%|█████████▌| 139304/145449 [22:30<00:52, 117.57it/s]
 96%|█████████▌| 139319/145449 [22:30<00:49, 124.74it/s]
 96%|█████████▌| 139336/145449 [22:30<00:44, 135.97it/s]
 96%|█████████▌| 139357/145449 [22:30<00:39, 154.90it/s]
 96%|█████████▌| 139373/145449 [22:30<00:56, 107.91it/s]
 96%|█████████▌| 139386/145449 [22:30<00:54, 112.03it/s]
 96%|█████████▌| 139399/145449 [22:31<00:59, 102.30it/s]
 96%|█████████▌| 139411/145449 [22:31<01:02, 96.13it/s] 
 96%|█████████▌| 139423/145449 [22:31<00:59, 101.00it/s]
 96%|█████████▌| 139436/145449 [22:31<00:55, 107.52it/s]
 96%|█████████▌| 139452/145449 [22:31<00:50, 119.32it/s]
 96%|█████████▌| 139470/145449 [22:31<00:45, 132.53it/s]
 96%|█████████▌| 139484/145449 [22:31<00:46, 127.74it/s]
 96%|█████████▌| 139498/145449 [22:31<00:47, 126.57it/s]
 96%|█████████▌| 139511/145449 [22:32<01:02, 95.62it/s] 
 96%|█████████▌| 139522/145449 [22:32<01:01, 96.91it/s]
 96%|█████████▌| 139537/145449 [22:32<00:54, 108.30it/s]
 96%|█████████▌| 139555/145449 [22:32<00:47, 123.21it/s]
 96%|█████████▌| 139569/145449 [22:32<00:51, 115.28it/s]
 96%|█████████▌| 139582/145449 [22:32<00:50, 117.04it/s]
 96%|█████████▌| 139595/145449 [22:32<00:51, 114.06it/s]
 96%|█████████▌| 139607/145449 [22:32<00:50, 114.76it/s]
 96%|█████████▌| 139622/145449 [22:33<00:47, 123.98it/s]
 96%|█████████▌| 139637/145449 [22:33<00:44, 130.81it/s]
 96%|█████████▌| 139651/145449 [22:33<00:45, 128.10it/s]
 96%|█████████▌| 139664/145449 [22:33<00:50, 113.98it/s]
 96%|█████████▌| 139676/145449 [22:33<00:55, 104.75it/s]
 96%|█████████▌| 139687/145449 [22:33<00:57, 101.01it/s]
 96%|█████████▌| 139702/145449 [22:33<00:51, 110.88it/s]
 96%|█████████▌| 139714/145449 [22:33<01:00, 95.54it/s] 
 96%|█████████▌| 139728/145449 [22:34<00:54, 104.85it/s]
 96%|█████████▌| 139745/145449 [22:34<00:47, 121.23it/s]
 96%|█████████▌| 139758/145449 [22:34<00:48, 116.55it/s]
 96%|█████████▌| 139771/145449 [22:34<00:55, 102.87it/s]
 96%|█████████▌| 139782/145449 [22:34<00:54, 103.89it/s]
 96%|█████████▌| 139795/145449 [22:34<00:53, 105.21it/s]
 96%|█████████▌| 139810/145449 [22:34<00:48, 115.61it/s]
 96%|█████████▌| 139825/145449 [22:34<00:46, 121.50it/s]
 96%|█████████▌| 139842/145449 [22:34<00:42, 133.13it/s]
 96%|█████████▌| 139860/145449 [22:35<00:38, 145.44it/s]
 96%|█████████▌| 139875/145449 [22:35<00:45, 123.09it/s]
 96%|█████████▌| 139889/145449 [22:35<00:52, 106.40it/s]
 96%|█████████▌| 139901/145449 [22:35<01:02, 89.34it/s] 
 96%|█████████▌| 139911/145449 [22:35<01:04, 85.83it/s]
 96%|█████████▌| 139921/145449 [22:35<01:11, 77.14it/s]
 96%|█████████▌| 139937/145449 [22:35<00:58, 94.14it/s]
 96%|█████████▌| 139948/145449 [22:36<00:57, 95.89it/s]
 96%|█████████▌| 139960/145449 [22:36<00:54, 100.97it/s]
 96%|█████████▌| 139971/145449 [22:36<01:01, 88.63it/s] 
 96%|█████████▌| 139982/145449 [22:36<00:59, 91.38it/s]
 96%|█████████▋| 139998/145449 [22:36<00:50, 107.15it/s]
 96%|█████████▋| 140010/145449 [22:36<00:51, 105.02it/s]
 96%|█████████▋| 140021/145449 [22:36<00:55, 97.70it/s] 
 96%|█████████▋| 140032/145449 [22:36<00:59, 91.62it/s]
 96%|█████████▋| 140045/145449 [22:37<00:56, 95.22it/s]
 96%|█████████▋| 140055/145449 [22:37<00:57, 93.46it/s]
 96%|█████████▋| 140066/145449 [22:37<00:55, 97.54it/s]
 96%|█████████▋| 140078/145449 [22:37<00:52, 103.14it/s]
 96%|█████████▋| 140089/145449 [22:37<00:51, 103.34it/s]
 96%|█████████▋| 140100/145449 [22:37<01:03, 84.81it/s] 
 96%|█████████▋| 140112/145449 [22:37<00:57, 92.57it/s]
 96%|█████████▋| 140125/145449 [22:37<00:52, 101.95it/s]
 96%|█████████▋| 140136/145449 [22:38<00:54, 96.74it/s] 
 96%|█████████▋| 140152/145449 [22:38<00:47, 112.08it/s]
 96%|█████████▋| 140164/145449 [22:38<00:56, 94.31it/s] 
 96%|█████████▋| 140175/145449 [22:38<01:08, 76.81it/s]
 96%|█████████▋| 140184/145449 [22:38<01:10, 74.96it/s]
 96%|█████████▋| 140193/145449 [22:38<01:09, 75.43it/s]
 96%|█████████▋| 140206/145449 [22:38<00:59, 87.63it/s]
 96%|█████████▋| 140216/145449 [22:39<01:00, 86.56it/s]
 96%|█████████▋| 140226/145449 [22:39<00:58, 88.66it/s]
 96%|█████████▋| 140237/145449 [22:39<00:55, 93.47it/s]
 96%|█████████▋| 140247/145449 [22:39<00:59, 87.06it/s]
 96%|█████████▋| 140265/145449 [22:39<00:47, 109.05it/s]
 96%|█████████▋| 140280/145449 [22:39<00:44, 117.20it/s]
 96%|█████████▋| 140293/145449 [22:39<00:43, 117.26it/s]
 96%|█████████▋| 140305/145449 [22:39<00:52, 98.08it/s] 
 96%|█████████▋| 140318/145449 [22:39<00:49, 103.26it/s]
 96%|█████████▋| 140329/145449 [22:40<00:54, 94.27it/s] 
 96%|█████████▋| 140339/145449 [22:40<00:54, 93.45it/s]
 96%|█████████▋| 140352/145449 [22:40<00:51, 99.52it/s]
 97%|█████████▋| 140363/145449 [22:40<00:50, 100.39it/s]
 97%|█████████▋| 140376/145449 [22:40<00:46, 108.03it/s]
 97%|█████████▋| 140388/145449 [22:40<00:58, 86.25it/s] 
 97%|█████████▋| 140400/145449 [22:40<00:53, 93.56it/s]
 97%|█████████▋| 140414/145449 [22:40<00:47, 104.96it/s]
 97%|█████████▋| 140426/145449 [22:41<00:51, 98.43it/s] 
 97%|█████████▋| 140445/145449 [22:41<00:41, 120.95it/s]
 97%|█████████▋| 140459/145449 [22:41<00:43, 115.79it/s]
 97%|█████████▋| 140472/145449 [22:41<00:48, 103.40it/s]
 97%|█████████▋| 140483/145449 [22:41<00:52, 94.81it/s] 
 97%|█████████▋| 140493/145449 [22:41<00:55, 89.37it/s]
 97%|█████████▋| 140503/145449 [22:41<01:00, 81.61it/s]
 97%|█████████▋| 140514/145449 [22:42<00:56, 87.61it/s]
 97%|█████████▋| 140525/145449 [22:42<00:53, 92.10it/s]
 97%|█████████▋| 140537/145449 [22:42<00:55, 88.36it/s]
 97%|█████████▋| 140547/145449 [22:42<00:55, 88.31it/s]
 97%|█████████▋| 140559/145449 [22:42<00:51, 95.41it/s]
 97%|█████████▋| 140573/145449 [22:42<00:45, 106.39it/s]
 97%|█████████▋| 140590/145449 [22:42<00:41, 117.02it/s]
 97%|█████████▋| 140602/145449 [22:42<00:48, 100.20it/s]
 97%|█████████▋| 140613/145449 [22:42<00:48, 99.03it/s] 
 97%|█████████▋| 140628/145449 [22:43<00:43, 111.46it/s]
 97%|█████████▋| 140640/145449 [22:43<00:42, 112.71it/s]
 97%|█████████▋| 140654/145449 [22:43<00:42, 113.80it/s]
 97%|█████████▋| 140668/145449 [22:43<00:39, 120.41it/s]
 97%|█████████▋| 140681/145449 [22:43<00:40, 118.31it/s]
 97%|█████████▋| 140695/145449 [22:43<00:38, 124.18it/s]
 97%|█████████▋| 140708/145449 [22:43<00:38, 124.29it/s]
 97%|█████████▋| 140721/145449 [22:43<00:38, 121.39it/s]
 97%|█████████▋| 140734/145449 [22:43<00:38, 122.08it/s]
 97%|█████████▋| 140747/145449 [22:44<00:42, 109.42it/s]
 97%|█████████▋| 140759/145449 [22:44<00:43, 109.06it/s]
 97%|█████████▋| 140771/145449 [22:44<00:44, 104.85it/s]
 97%|█████████▋| 140782/145449 [22:44<00:44, 104.65it/s]
 97%|█████████▋| 140795/145449 [22:44<00:42, 110.42it/s]
 97%|█████████▋| 140807/145449 [22:44<00:44, 105.22it/s]
 97%|█████████▋| 140818/145449 [22:44<00:45, 100.86it/s]
 97%|█████████▋| 140829/145449 [22:44<00:46, 99.41it/s] 
 97%|█████████▋| 140841/145449 [22:45<00:44, 104.08it/s]
 97%|█████████▋| 140855/145449 [22:45<00:41, 109.89it/s]
 97%|█████████▋| 140867/145449 [22:45<00:46, 99.39it/s] 
 97%|█████████▋| 140882/145449 [22:45<00:40, 111.90it/s]
 97%|█████████▋| 140898/145449 [22:45<00:36, 124.72it/s]
 97%|█████████▋| 140911/145449 [22:45<00:37, 120.33it/s]
 97%|█████████▋| 140924/145449 [22:45<00:39, 115.81it/s]
 97%|█████████▋| 140936/145449 [22:45<00:43, 104.55it/s]
 97%|█████████▋| 140947/145449 [22:45<00:43, 103.97it/s]
 97%|█████████▋| 140958/145449 [22:46<00:47, 94.42it/s] 
 97%|█████████▋| 140968/145449 [22:46<00:49, 90.05it/s]
 97%|█████████▋| 140979/145449 [22:46<00:48, 92.07it/s]
 97%|█████████▋| 140990/145449 [22:46<00:47, 93.50it/s]
 97%|█████████▋| 141001/145449 [22:46<00:46, 95.51it/s]
 97%|█████████▋| 141016/145449 [22:46<00:40, 109.46it/s]
 97%|█████████▋| 141028/145449 [22:46<00:40, 109.55it/s]
 97%|█████████▋| 141040/145449 [22:46<00:40, 108.94it/s]
 97%|█████████▋| 141051/145449 [22:47<00:41, 106.37it/s]
 97%|█████████▋| 141062/145449 [22:47<00:55, 79.17it/s] 
 97%|█████████▋| 141071/145449 [22:47<00:57, 76.24it/s]
 97%|█████████▋| 141083/145449 [22:47<00:53, 80.89it/s]
 97%|█████████▋| 141096/145449 [22:47<00:48, 90.35it/s]
 97%|█████████▋| 141107/145449 [22:47<00:48, 89.19it/s]
 97%|█████████▋| 141118/145449 [22:47<00:46, 93.00it/s]
 97%|█████████▋| 141129/145449 [22:47<00:45, 94.92it/s]
 97%|█████████▋| 141139/145449 [22:48<00:54, 78.70it/s]
 97%|█████████▋| 141148/145449 [22:48<00:54, 78.25it/s]
 97%|█████████▋| 141161/145449 [22:48<00:48, 88.86it/s]
 97%|█████████▋| 141175/145449 [22:48<00:42, 100.68it/s]
 97%|█████████▋| 141186/145449 [22:48<00:48, 87.55it/s] 
 97%|█████████▋| 141196/145449 [22:48<00:56, 75.17it/s]
 97%|█████████▋| 141205/145449 [22:48<01:00, 70.62it/s]
 97%|█████████▋| 141213/145449 [22:49<00:58, 71.92it/s]
 97%|█████████▋| 141222/145449 [22:49<00:55, 76.23it/s]
 97%|█████████▋| 141232/145449 [22:49<00:54, 76.73it/s]
 97%|█████████▋| 141242/145449 [22:49<00:52, 80.66it/s]
 97%|█████████▋| 141255/145449 [22:49<00:45, 92.63it/s]
 97%|█████████▋| 141266/145449 [22:49<00:43, 96.14it/s]
 97%|█████████▋| 141276/145449 [22:49<00:44, 93.01it/s]
 97%|█████████▋| 141294/145449 [22:49<00:35, 115.55it/s]
 97%|█████████▋| 141309/145449 [22:49<00:33, 123.90it/s]
 97%|█████████▋| 141323/145449 [22:50<00:32, 128.05it/s]
 97%|█████████▋| 141336/145449 [22:50<00:33, 123.81it/s]
 97%|█████████▋| 141352/145449 [22:50<00:30, 132.42it/s]
 97%|█████████▋| 141366/145449 [22:50<00:34, 117.14it/s]
 97%|█████████▋| 141379/145449 [22:50<00:34, 117.48it/s]
 97%|█████████▋| 141392/145449 [22:50<00:34, 117.01it/s]
 97%|█████████▋| 141404/145449 [22:50<00:36, 110.41it/s]
 97%|█████████▋| 141416/145449 [22:50<00:38, 103.52it/s]
 97%|█████████▋| 141427/145449 [22:51<00:42, 94.25it/s] 
 97%|█████████▋| 141438/145449 [22:51<00:41, 96.95it/s]
 97%|█████████▋| 141454/145449 [22:51<00:35, 111.54it/s]
 97%|█████████▋| 141468/145449 [22:51<00:34, 116.96it/s]
 97%|█████████▋| 141480/145449 [22:51<00:43, 91.80it/s] 
 97%|█████████▋| 141491/145449 [22:51<00:48, 81.11it/s]
 97%|█████████▋| 141500/145449 [22:51<00:49, 79.95it/s]
 97%|█████████▋| 141512/145449 [22:51<00:46, 85.52it/s]
 97%|█████████▋| 141522/145449 [22:52<00:44, 88.01it/s]
 97%|█████████▋| 141542/145449 [22:52<00:33, 115.96it/s]
 97%|█████████▋| 141555/145449 [22:52<00:32, 118.75it/s]
 97%|█████████▋| 141568/145449 [22:52<00:42, 91.46it/s] 
 97%|█████████▋| 141579/145449 [22:52<00:46, 83.68it/s]
 97%|█████████▋| 141589/145449 [22:52<00:49, 78.12it/s]
 97%|█████████▋| 141600/145449 [22:52<00:45, 84.17it/s]
 97%|█████████▋| 141610/145449 [22:53<00:44, 85.80it/s]
 97%|█████████▋| 141621/145449 [22:53<00:41, 91.64it/s]
 97%|█████████▋| 141632/145449 [22:53<00:39, 95.57it/s]
 97%|█████████▋| 141647/145449 [22:53<00:34, 110.19it/s]
 97%|█████████▋| 141659/145449 [22:53<00:41, 90.79it/s] 
 97%|█████████▋| 141669/145449 [22:53<00:40, 92.42it/s]
 97%|█████████▋| 141679/145449 [22:53<00:39, 94.36it/s]
 97%|█████████▋| 141691/145449 [22:53<00:38, 97.99it/s]
 97%|█████████▋| 141702/145449 [22:53<00:38, 98.25it/s]
 97%|█████████▋| 141717/145449 [22:54<00:33, 112.09it/s]
 97%|█████████▋| 141729/145449 [22:54<00:32, 113.58it/s]
 97%|█████████▋| 141742/145449 [22:54<00:34, 108.68it/s]
 97%|█████████▋| 141754/145449 [22:54<00:34, 108.61it/s]
 97%|█████████▋| 141766/145449 [22:54<00:36, 101.08it/s]
 97%|█████████▋| 141777/145449 [22:54<00:37, 96.76it/s] 
 97%|█████████▋| 141790/145449 [22:54<00:34, 105.26it/s]
 97%|█████████▋| 141801/145449 [22:54<00:35, 101.72it/s]
 97%|█████████▋| 141812/145449 [22:55<00:37, 97.03it/s] 
 98%|█████████▊| 141829/145449 [22:55<00:31, 115.87it/s]
 98%|█████████▊| 141843/145449 [22:55<00:29, 120.87it/s]
 98%|█████████▊| 141856/145449 [22:55<00:29, 122.56it/s]
 98%|█████████▊| 141869/145449 [22:55<00:30, 117.99it/s]
 98%|█████████▊| 141881/145449 [22:55<00:30, 117.27it/s]
 98%|█████████▊| 141893/145449 [22:55<00:35, 101.43it/s]
 98%|█████████▊| 141905/145449 [22:55<00:34, 103.09it/s]
 98%|█████████▊| 141916/145449 [22:55<00:33, 104.84it/s]
 98%|█████████▊| 141931/145449 [22:56<00:30, 116.54it/s]
 98%|█████████▊| 141943/145449 [22:56<00:33, 103.24it/s]
 98%|█████████▊| 141954/145449 [22:56<00:37, 94.44it/s] 
 98%|█████████▊| 141964/145449 [22:56<00:44, 78.04it/s]
 98%|█████████▊| 141973/145449 [22:56<00:46, 74.50it/s]
 98%|█████████▊| 141983/145449 [22:56<00:43, 79.94it/s]
 98%|█████████▊| 141995/145449 [22:56<00:38, 89.51it/s]
 98%|█████████▊| 142006/145449 [22:56<00:36, 93.47it/s]
 98%|█████████▊| 142016/145449 [22:57<00:36, 93.41it/s]
 98%|█████████▊| 142030/145449 [22:57<00:32, 105.90it/s]
 98%|█████████▊| 142041/145449 [22:57<00:37, 92.02it/s] 
 98%|█████████▊| 142051/145449 [22:57<00:37, 91.14it/s]
 98%|█████████▊| 142063/145449 [22:57<00:34, 98.17it/s]
 98%|█████████▊| 142074/145449 [22:57<00:37, 90.42it/s]
 98%|█████████▊| 142086/145449 [22:57<00:35, 93.48it/s]
 98%|█████████▊| 142103/145449 [22:57<00:29, 112.39it/s]
 98%|█████████▊| 142115/145449 [22:58<00:29, 112.05it/s]
 98%|█████████▊| 142127/145449 [22:58<00:33, 99.68it/s] 
 98%|█████████▊| 142139/145449 [22:58<00:31, 103.93it/s]
 98%|█████████▊| 142151/145449 [22:58<00:30, 107.45it/s]
 98%|█████████▊| 142163/145449 [22:58<00:29, 109.90it/s]
 98%|█████████▊| 142175/145449 [22:58<00:32, 100.38it/s]
 98%|█████████▊| 142186/145449 [22:58<00:35, 92.68it/s] 
 98%|█████████▊| 142196/145449 [22:58<00:38, 84.17it/s]
 98%|█████████▊| 142208/145449 [22:59<00:35, 91.81it/s]
 98%|█████████▊| 142218/145449 [22:59<00:36, 89.33it/s]
 98%|█████████▊| 142230/145449 [22:59<00:33, 97.01it/s]
 98%|█████████▊| 142242/145449 [22:59<00:31, 102.97it/s]
 98%|█████████▊| 142256/145449 [22:59<00:28, 111.22it/s]
 98%|█████████▊| 142268/145449 [22:59<00:30, 103.96it/s]
 98%|█████████▊| 142279/145449 [22:59<00:33, 93.88it/s] 
 98%|█████████▊| 142289/145449 [22:59<00:40, 77.80it/s]
 98%|█████████▊| 142304/145449 [23:00<00:34, 92.41it/s]
 98%|█████████▊| 142321/145449 [23:00<00:28, 109.14it/s]
 98%|█████████▊| 142335/145449 [23:00<00:26, 116.92it/s]
 98%|█████████▊| 142353/145449 [23:00<00:25, 122.31it/s]
 98%|█████████▊| 142366/145449 [23:00<00:26, 117.84it/s]
 98%|█████████▊| 142383/145449 [23:00<00:24, 125.57it/s]
 98%|█████████▊| 142398/145449 [23:00<00:23, 131.19it/s]
 98%|█████████▊| 142412/145449 [23:00<00:23, 131.15it/s]
 98%|█████████▊| 142426/145449 [23:00<00:23, 131.06it/s]
 98%|█████████▊| 142440/145449 [23:01<00:24, 123.18it/s]
 98%|█████████▊| 142453/145449 [23:01<00:25, 119.61it/s]
 98%|█████████▊| 142466/145449 [23:01<00:27, 108.78it/s]
 98%|█████████▊| 142479/145449 [23:01<00:26, 113.92it/s]
 98%|█████████▊| 142491/145449 [23:01<00:27, 105.95it/s]
 98%|█████████▊| 142502/145449 [23:01<00:28, 102.44it/s]
 98%|█████████▊| 142513/145449 [23:01<00:28, 103.95it/s]
 98%|█████████▊| 142524/145449 [23:01<00:30, 96.82it/s] 
 98%|█████████▊| 142534/145449 [23:01<00:30, 96.86it/s]
 98%|█████████▊| 142544/145449 [23:02<00:33, 87.22it/s]
 98%|█████████▊| 142557/145449 [23:02<00:29, 96.72it/s]
 98%|█████████▊| 142569/145449 [23:02<00:28, 101.63it/s]
 98%|█████████▊| 142580/145449 [23:02<00:29, 96.00it/s] 
 98%|█████████▊| 142592/145449 [23:02<00:28, 100.40it/s]
 98%|█████████▊| 142603/145449 [23:02<00:28, 98.23it/s] 
 98%|█████████▊| 142614/145449 [23:02<00:29, 96.71it/s]
 98%|█████████▊| 142628/145449 [23:02<00:26, 108.19it/s]
 98%|█████████▊| 142641/145449 [23:03<00:25, 111.73it/s]
 98%|█████████▊| 142653/145449 [23:03<00:27, 101.94it/s]
 98%|█████████▊| 142664/145449 [23:03<00:30, 91.22it/s] 
 98%|█████████▊| 142675/145449 [23:03<00:29, 95.25it/s]
 98%|█████████▊| 142695/145449 [23:03<00:23, 117.05it/s]
 98%|█████████▊| 142708/145449 [23:03<00:25, 106.66it/s]
 98%|█████████▊| 142721/145449 [23:03<00:24, 112.20it/s]
 98%|█████████▊| 142733/145449 [23:03<00:25, 108.59it/s]
 98%|█████████▊| 142747/145449 [23:04<00:23, 113.87it/s]
 98%|█████████▊| 142764/145449 [23:04<00:21, 126.52it/s]
 98%|█████████▊| 142786/145449 [23:04<00:17, 151.09it/s]
 98%|█████████▊| 142805/145449 [23:04<00:16, 161.86it/s]
 98%|█████████▊| 142822/145449 [23:04<00:17, 151.65it/s]
 98%|█████████▊| 142838/145449 [23:04<00:17, 148.78it/s]
 98%|█████████▊| 142854/145449 [23:04<00:19, 131.86it/s]
 98%|█████████▊| 142868/145449 [23:04<00:19, 130.63it/s]
 98%|█████████▊| 142882/145449 [23:04<00:21, 119.47it/s]
 98%|█████████▊| 142900/145449 [23:05<00:19, 128.29it/s]
 98%|█████████▊| 142914/145449 [23:05<00:20, 124.16it/s]
 98%|█████████▊| 142927/145449 [23:05<00:21, 119.34it/s]
 98%|█████████▊| 142945/145449 [23:05<00:18, 134.39it/s]
 98%|█████████▊| 142959/145449 [23:05<00:19, 126.38it/s]
 98%|█████████▊| 142972/145449 [23:05<00:21, 115.57it/s]
 98%|█████████▊| 142984/145449 [23:05<00:23, 106.89it/s]
 98%|█████████▊| 142995/145449 [23:05<00:24, 102.15it/s]
 98%|█████████▊| 143006/145449 [23:06<00:24, 97.95it/s] 
 98%|█████████▊| 143018/145449 [23:06<00:23, 102.40it/s]
 98%|█████████▊| 143029/145449 [23:06<00:23, 103.74it/s]
 98%|█████████▊| 143040/145449 [23:06<00:23, 103.17it/s]
 98%|█████████▊| 143051/145449 [23:06<00:24, 97.70it/s] 
 98%|█████████▊| 143061/145449 [23:06<00:31, 74.93it/s]
 98%|█████████▊| 143077/145449 [23:06<00:25, 93.12it/s]
 98%|█████████▊| 143088/145449 [23:06<00:25, 92.34it/s]
 98%|█████████▊| 143103/145449 [23:07<00:22, 104.48it/s]
 98%|█████████▊| 143118/145449 [23:07<00:20, 111.70it/s]
 98%|█████████▊| 143130/145449 [23:07<00:21, 108.02it/s]
 98%|█████████▊| 143146/145449 [23:07<00:19, 120.81it/s]
 98%|█████████▊| 143164/145449 [23:07<00:16, 136.06it/s]
 98%|█████████▊| 143179/145449 [23:07<00:18, 120.94it/s]
 98%|█████████▊| 143192/145449 [23:07<00:19, 112.87it/s]
 98%|█████████▊| 143204/145449 [23:07<00:22, 97.99it/s] 
 98%|█████████▊| 143215/145449 [23:08<00:22, 98.23it/s]
 98%|█████████▊| 143226/145449 [23:08<00:24, 90.99it/s]
 98%|█████████▊| 143237/145449 [23:08<00:23, 94.06it/s]
 98%|█████████▊| 143247/145449 [23:08<00:25, 87.65it/s]
 98%|█████████▊| 143258/145449 [23:08<00:24, 90.67it/s]
 99%|█████████▊| 143271/145449 [23:08<00:23, 94.00it/s]
 99%|█████████▊| 143281/145449 [23:08<00:24, 90.01it/s]
 99%|█████████▊| 143291/145449 [23:08<00:23, 91.98it/s]
 99%|█████████▊| 143301/145449 [23:09<00:25, 83.80it/s]
 99%|█████████▊| 143310/145449 [23:09<00:27, 78.85it/s]
 99%|█████████▊| 143323/145449 [23:09<00:23, 90.96it/s]
 99%|█████████▊| 143336/145449 [23:09<00:20, 100.62it/s]
 99%|█████████▊| 143351/145449 [23:09<00:19, 108.84it/s]
 99%|█████████▊| 143363/145449 [23:09<00:19, 104.52it/s]
 99%|█████████▊| 143374/145449 [23:09<00:22, 94.19it/s] 
 99%|█████████▊| 143392/145449 [23:09<00:17, 114.35it/s]
 99%|█████████▊| 143404/145449 [23:10<00:17, 114.55it/s]
 99%|█████████▊| 143416/145449 [23:10<00:19, 102.25it/s]
 99%|█████████▊| 143429/145449 [23:10<00:18, 109.25it/s]
 99%|█████████▊| 143443/145449 [23:10<00:17, 113.92it/s]
 99%|█████████▊| 143457/145449 [23:10<00:16, 119.59it/s]
 99%|█████████▊| 143470/145449 [23:10<00:18, 109.23it/s]
 99%|█████████▊| 143482/145449 [23:10<00:20, 95.95it/s] 
 99%|█████████▊| 143494/145449 [23:10<00:19, 101.16it/s]
 99%|█████████▊| 143505/145449 [23:11<00:21, 89.31it/s] 
 99%|█████████▊| 143515/145449 [23:11<00:24, 78.89it/s]
 99%|█████████▊| 143527/145449 [23:11<00:22, 87.14it/s]
 99%|█████████▊| 143540/145449 [23:11<00:19, 96.73it/s]
 99%|█████████▊| 143553/145449 [23:11<00:18, 103.47it/s]
 99%|█████████▊| 143564/145449 [23:11<00:18, 103.54it/s]
 99%|█████████▊| 143577/145449 [23:11<00:17, 107.17it/s]
 99%|█████████▊| 143588/145449 [23:11<00:17, 107.67it/s]
 99%|█████████▊| 143599/145449 [23:12<00:18, 99.61it/s] 
 99%|█████████▊| 143610/145449 [23:12<00:19, 94.90it/s]
 99%|█████████▊| 143624/145449 [23:12<00:17, 106.47it/s]
 99%|█████████▉| 143637/145449 [23:12<00:16, 108.41it/s]
 99%|█████████▉| 143649/145449 [23:12<00:17, 104.75it/s]
 99%|█████████▉| 143660/145449 [23:12<00:18, 95.46it/s] 
 99%|█████████▉| 143671/145449 [23:12<00:17, 98.78it/s]
 99%|█████████▉| 143682/145449 [23:12<00:19, 89.25it/s]
 99%|█████████▉| 143692/145449 [23:12<00:19, 91.22it/s]
 99%|█████████▉| 143707/145449 [23:13<00:16, 102.76it/s]
 99%|█████████▉| 143721/145449 [23:13<00:15, 110.77it/s]
 99%|█████████▉| 143733/145449 [23:13<00:17, 98.59it/s] 
 99%|█████████▉| 143747/145449 [23:13<00:15, 108.09it/s]
 99%|█████████▉| 143759/145449 [23:13<00:16, 105.02it/s]
 99%|█████████▉| 143774/145449 [23:13<00:14, 115.38it/s]
 99%|█████████▉| 143789/145449 [23:13<00:13, 124.55it/s]
 99%|█████████▉| 143806/145449 [23:13<00:12, 135.00it/s]
 99%|█████████▉| 143820/145449 [23:14<00:13, 124.53it/s]
 99%|█████████▉| 143833/145449 [23:14<00:13, 120.23it/s]
 99%|█████████▉| 143846/145449 [23:14<00:14, 109.30it/s]
 99%|█████████▉| 143858/145449 [23:14<00:19, 83.60it/s] 
 99%|█████████▉| 143869/145449 [23:14<00:18, 87.15it/s]
 99%|█████████▉| 143882/145449 [23:14<00:16, 96.74it/s]
 99%|█████████▉| 143893/145449 [23:14<00:17, 88.99it/s]
 99%|█████████▉| 143903/145449 [23:15<00:17, 89.27it/s]
 99%|█████████▉| 143913/145449 [23:15<00:17, 88.25it/s]
 99%|█████████▉| 143923/145449 [23:15<00:16, 90.00it/s]
 99%|█████████▉| 143933/145449 [23:15<00:18, 83.00it/s]
 99%|█████████▉| 143944/145449 [23:15<00:16, 89.25it/s]
 99%|█████████▉| 143954/145449 [23:15<00:16, 91.05it/s]
 99%|█████████▉| 143964/145449 [23:15<00:19, 76.19it/s]
 99%|█████████▉| 143973/145449 [23:15<00:18, 78.51it/s]
 99%|█████████▉| 143982/145449 [23:15<00:18, 78.67it/s]
 99%|█████████▉| 143996/145449 [23:16<00:15, 94.36it/s]
 99%|█████████▉| 144011/145449 [23:16<00:13, 108.39it/s]
 99%|█████████▉| 144023/145449 [23:16<00:14, 101.13it/s]
 99%|█████████▉| 144040/145449 [23:16<00:11, 118.41it/s]
 99%|█████████▉| 144053/145449 [23:16<00:12, 109.98it/s]
 99%|█████████▉| 144065/145449 [23:16<00:13, 98.95it/s] 
 99%|█████████▉| 144076/145449 [23:16<00:14, 95.08it/s]
 99%|█████████▉| 144086/145449 [23:16<00:14, 96.26it/s]
 99%|█████████▉| 144096/145449 [23:17<00:15, 85.57it/s]
 99%|█████████▉| 144105/145449 [23:17<00:17, 77.28it/s]
 99%|█████████▉| 144115/145449 [23:17<00:16, 82.44it/s]
 99%|█████████▉| 144125/145449 [23:17<00:15, 86.57it/s]
 99%|█████████▉| 144144/145449 [23:17<00:11, 113.16it/s]
 99%|█████████▉| 144157/145449 [23:17<00:11, 116.35it/s]
 99%|█████████▉| 144169/145449 [23:17<00:12, 99.90it/s] 
 99%|█████████▉| 144180/145449 [23:17<00:14, 87.32it/s]
 99%|█████████▉| 144190/145449 [23:18<00:15, 80.70it/s]
 99%|█████████▉| 144205/145449 [23:18<00:12, 96.26it/s]
 99%|█████████▉| 144216/145449 [23:18<00:13, 89.67it/s]
 99%|█████████▉| 144227/145449 [23:18<00:14, 84.33it/s]
 99%|█████████▉| 144237/145449 [23:18<00:13, 87.55it/s]
 99%|█████████▉| 144247/145449 [23:18<00:13, 87.70it/s]
 99%|█████████▉| 144261/145449 [23:18<00:11, 100.15it/s]
 99%|█████████▉| 144278/145449 [23:18<00:09, 118.03it/s]
 99%|█████████▉| 144293/145449 [23:19<00:09, 126.80it/s]
 99%|█████████▉| 144307/145449 [23:19<00:09, 117.66it/s]
 99%|█████████▉| 144320/145449 [23:19<00:10, 111.99it/s]
 99%|█████████▉| 144332/145449 [23:19<00:11, 93.33it/s] 
 99%|█████████▉| 144349/145449 [23:19<00:09, 110.27it/s]
 99%|█████████▉| 144361/145449 [23:19<00:11, 97.31it/s] 
 99%|█████████▉| 144376/145449 [23:19<00:09, 108.06it/s]
 99%|█████████▉| 144389/145449 [23:19<00:09, 111.77it/s]
 99%|█████████▉| 144405/145449 [23:20<00:08, 121.08it/s]
 99%|█████████▉| 144418/145449 [23:20<00:09, 112.00it/s]
 99%|█████████▉| 144430/145449 [23:20<00:10, 101.26it/s]
 99%|█████████▉| 144445/145449 [23:20<00:08, 112.68it/s]
 99%|█████████▉| 144460/145449 [23:20<00:08, 117.91it/s]
 99%|█████████▉| 144473/145449 [23:20<00:09, 103.57it/s]
 99%|█████████▉| 144484/145449 [23:20<00:10, 90.96it/s] 
 99%|█████████▉| 144502/145449 [23:21<00:08, 109.60it/s]
 99%|█████████▉| 144514/145449 [23:21<00:08, 105.38it/s]
 99%|█████████▉| 144528/145449 [23:21<00:08, 112.78it/s]
 99%|█████████▉| 144540/145449 [23:21<00:08, 108.94it/s]
 99%|█████████▉| 144552/145449 [23:21<00:08, 108.92it/s]
 99%|█████████▉| 144564/145449 [23:21<00:08, 101.34it/s]
 99%|█████████▉| 144575/145449 [23:21<00:08, 103.39it/s]
 99%|█████████▉| 144586/145449 [23:21<00:08, 99.36it/s] 
 99%|█████████▉| 144598/145449 [23:21<00:08, 104.56it/s]
 99%|█████████▉| 144610/145449 [23:22<00:07, 107.73it/s]
 99%|█████████▉| 144621/145449 [23:22<00:07, 107.37it/s]
 99%|█████████▉| 144632/145449 [23:22<00:07, 105.28it/s]
 99%|█████████▉| 144648/145449 [23:22<00:06, 120.63it/s]
 99%|█████████▉| 144661/145449 [23:22<00:06, 119.43it/s]
 99%|█████████▉| 144674/145449 [23:22<00:06, 113.91it/s]
 99%|█████████▉| 144686/145449 [23:22<00:07, 102.48it/s]
 99%|█████████▉| 144699/145449 [23:22<00:07, 102.89it/s]
 99%|█████████▉| 144710/145449 [23:23<00:07, 99.31it/s] 
 99%|█████████▉| 144721/145449 [23:23<00:07, 102.01it/s]
100%|█████████▉| 144734/145449 [23:23<00:06, 108.68it/s]
100%|█████████▉| 144746/145449 [23:23<00:08, 82.47it/s] 
100%|█████████▉| 144756/145449 [23:23<00:08, 81.27it/s]
100%|█████████▉| 144768/145449 [23:23<00:07, 88.85it/s]
100%|█████████▉| 144778/145449 [23:23<00:08, 82.86it/s]
100%|█████████▉| 144790/145449 [23:23<00:07, 91.57it/s]
100%|█████████▉| 144800/145449 [23:24<00:07, 89.92it/s]
100%|█████████▉| 144816/145449 [23:24<00:05, 107.71it/s]
100%|█████████▉| 144828/145449 [23:24<00:05, 104.38it/s]
100%|█████████▉| 144839/145449 [23:24<00:06, 90.14it/s] 
100%|█████████▉| 144851/145449 [23:24<00:06, 97.17it/s]
100%|█████████▉| 144862/145449 [23:24<00:06, 87.88it/s]
100%|█████████▉| 144872/145449 [23:24<00:06, 84.22it/s]
100%|█████████▉| 144881/145449 [23:24<00:06, 83.75it/s]
100%|█████████▉| 144890/145449 [23:25<00:06, 83.97it/s]
100%|█████████▉| 144904/145449 [23:25<00:05, 98.23it/s]
100%|█████████▉| 144915/145449 [23:25<00:05, 95.44it/s]
100%|█████████▉| 144925/145449 [23:25<00:05, 93.52it/s]
100%|█████████▉| 144935/145449 [23:25<00:05, 94.36it/s]
100%|█████████▉| 144950/145449 [23:25<00:04, 109.07it/s]
100%|█████████▉| 144962/145449 [23:25<00:04, 111.50it/s]
100%|█████████▉| 144978/145449 [23:25<00:04, 117.46it/s]
100%|█████████▉| 144992/145449 [23:25<00:03, 122.68it/s]
100%|█████████▉| 145005/145449 [23:26<00:04, 104.93it/s]
100%|█████████▉| 145024/145449 [23:26<00:03, 123.21it/s]
100%|█████████▉| 145039/145449 [23:26<00:03, 128.77it/s]
100%|█████████▉| 145053/145449 [23:26<00:03, 115.18it/s]
100%|█████████▉| 145066/145449 [23:26<00:03, 118.66it/s]
100%|█████████▉| 145079/145449 [23:26<00:03, 120.77it/s]
100%|█████████▉| 145094/145449 [23:26<00:02, 128.56it/s]
100%|█████████▉| 145108/145449 [23:26<00:03, 107.81it/s]
100%|█████████▉| 145127/145449 [23:27<00:02, 124.83it/s]
100%|█████████▉| 145141/145449 [23:27<00:02, 123.65it/s]
100%|█████████▉| 145155/145449 [23:27<00:02, 127.77it/s]
100%|█████████▉| 145169/145449 [23:27<00:02, 112.74it/s]
100%|█████████▉| 145181/145449 [23:27<00:02, 113.08it/s]
100%|█████████▉| 145193/145449 [23:27<00:02, 101.74it/s]
100%|█████████▉| 145204/145449 [23:27<00:02, 101.35it/s]
100%|█████████▉| 145216/145449 [23:27<00:02, 103.93it/s]
100%|█████████▉| 145227/145449 [23:28<00:02, 92.10it/s] 
100%|█████████▉| 145241/145449 [23:28<00:02, 102.89it/s]
100%|█████████▉| 145252/145449 [23:28<00:01, 99.15it/s] 
100%|█████████▉| 145264/145449 [23:28<00:01, 101.22it/s]
100%|█████████▉| 145276/145449 [23:28<00:01, 105.21it/s]
100%|█████████▉| 145293/145449 [23:28<00:01, 122.19it/s]
100%|█████████▉| 145307/145449 [23:28<00:01, 124.82it/s]
100%|█████████▉| 145320/145449 [23:28<00:01, 104.74it/s]
100%|█████████▉| 145334/145449 [23:28<00:01, 113.12it/s]
100%|█████████▉| 145346/145449 [23:29<00:01, 98.53it/s] 
100%|█████████▉| 145361/145449 [23:29<00:00, 109.96it/s]
100%|█████████▉| 145373/145449 [23:29<00:00, 111.62it/s]
100%|█████████▉| 145385/145449 [23:29<00:00, 111.66it/s]
100%|█████████▉| 145397/145449 [23:29<00:00, 102.83it/s]
100%|█████████▉| 145408/145449 [23:29<00:00, 88.56it/s] 
100%|█████████▉| 145422/145449 [23:29<00:00, 99.53it/s]
100%|█████████▉| 145433/145449 [23:29<00:00, 94.57it/s]
100%|█████████▉| 145445/145449 [23:30<00:00, 96.95it/s]
100%|██████████| 145449/145449 [23:30<00:00, 103.14it/s]
Retrieved documents for 145449 claims using Pyserini
Results saved to claim_retrieved_docs_bm25.json
Sample entry:
{
  "claim_id": 0,
  "claim": "Nikolaj Coster-Waldau worked with the Fox Broadcasting Company.",
  "retrieved_documents": [
    {
      "doc_id": "Ved_verdens_ende",
      "text": "ved verdens ende -lrb- at world 's end -rrb- is a 2009 danish action comedy film directed by tomas villum jensen and starring nikolaj lie kaas , birgitte hjort s\u00f8rensen and nikolaj coster-waldau . ",
      "score": 18.368000030517578
    },
    {
      "doc_id": "Nukaaka_Coster-Waldau",
      "text": "nukaaka coster-waldau -lrb- n\u00e9e sascha nukaka motzfeldt ; born 23 february 1971 -rrb- , nuk\u00e2ka , is a greenlandic singer , actress , and a former miss greenland . she is married to danish actor nikolaj coster-waldau and has two daughters with him .   the greenlandic actress of inuit , german and norwegian extraction was born in uummannaq , greenland . she is the daughter of vivi and josef motzfeldt , a greenlandic politician . ",
      "score": 17.721200942993164
    },
    {
      "doc_id": "A_Second_Chance_-LRB-2014_film-RRB-",
      "text": "a second chance -lrb- en chance til -rrb- is a 2014 danish thriller film directed by susanne bier . the film stars nikolaj coster-waldau , ulrich thomsen , maria bonnevie , nikolaj lie kaas and lykke may andersen . it was screened in the special presentations section of the 2014 toronto international film festival . ",
      "score": 16.773000717163086
    },
    {
      "doc_id": "A_Thousand_Times_Good_Night",
      "text": "a thousand times good night is an irish-norwegian produced english language 2013 drama film directed by erik poppe , and starring juliette binoche , nikolaj coster-waldau , maria doyle kennedy , larry mullen jr. and mads ousdal . ",
      "score": 16.401599884033203
    },
    {
      "doc_id": "New_Amsterdam_-LRB-TV_series-RRB-",
      "text": "new amsterdam is an american television drama which aired for eight episodes in 2008 on fox . the series starred nikolaj coster-waldau as `` john amsterdam '' -lrb- real name johann van der zee -rrb- , an immortal dutch man born in 1607 , who has lived in new york city on and off since he was 14 years old , and who is a homicide detective in the present day . the series was nominated for an emmy for main title design . ",
      "score": 15.521400451660156
    },
    {
      "doc_id": "The_Baker_-LRB-film-RRB-",
      "text": "the baker is a 2007 british comedy thriller film written and directed by gareth lewis and starring damian lewis , kate ashfield and nikolaj coster-waldau . an ex-assassin retires to a small welsh village and opens a bakery but is unable to escape his former associates . it was known in the usa by the alternative title assassin in love . ",
      "score": 15.209699630737305
    },
    {
      "doc_id": "Nikolaj",
      "text": "nikolaj is a given name -lrb- in most cases \u043d\u0438\u043a\u043e\u043b\u0430\u0439 , slovene form of nicholas transliterated to danish or other scandinavian language -rrb- , and may refer to :   nikolaj abraham abildgaard , danish artist  nicolaj agger , danish professional football player  nikolaj coster-waldau , danish actor  nikolaj frederik severin grundtvig , danish teacher , writer , poet , philosopher , historian , pastor and politician  nikolaj gavric , footballer from switzerland who currently plays as midfielder for fc concordia basel in the swiss challenge league  nikolaj koppel , danish musician  nikolaj hansen , danish football player  nikolaj h\u00fcbbe . balletmaster of the royal danish ballet and former principal dancer at the new york city ballet  nikolaj nyholm , danish serial technology entrepreneur and investor  nikolaj znaider , danish violinist   category : danish masculine given names  category : slovene masculine given names ",
      "score": 14.600600242614746
    },
    {
      "doc_id": "Coster",
      "text": "coster is a dutch occupational surname . notable people with the surname include :   anne vallayer-coster -lrb- 1744-1818 -rrb- , french painter  arnold coster -lrb- born 1976 -rrb- , dutch mountaineers  charles coster -lrb- 1837-1888 -rrb- , american soldier and public official  charles de coster -lrb- 1827-1879 -rrb- , belgian novelist  dick coster -lrb- born 1946 -rrb- , dutch sailor , father of sven and kalle coster  dirk coster -lrb- 1889 -- 1950 -rrb- , dutch physicist  coster -- kronig transition named after him  elizabeth coster -lrb- born 1982 -rrb- , new zealand swimmer  francis coster -lrb- 1532-1619 -rrb- , flemish jesuit theologian  herman coster -lrb- 1865-1899 -rrb- , dutch laywer and soldier  howard coster -lrb- 1885-1959 -rrb- , british photographer  janet coster , english operatic mezzo-soprano  john coster -lrb- 1838 -- 1886 -rrb- , new zealand politician  kalle coster -lrb- born 1982 -rrb- , dutch sailor , son of dick coster  keith coster -lrb- 1920-2012 -rrb- , south african army officer  laurens janszoon coster -lrb- c. 1370-c . 1440 -rrb- , dutch printer  moses elias coster -lrb- c. 1791 -- 1848 -rrb- , dutch diamond cutter  nick coster -lrb- born 1985 -rrb- , dutch footballer  nicolas coster -lrb- born 1934 -rrb- , british-born american actor  ritchie coster -lrb- born 1967 -rrb- , english actor  salomon coster -lrb- c. 1620-1659 -rrb- , dutch clockmaker  samuel coster -lrb- 1579 -- 1665 -rrb- , dutch playwright  stan coster -lrb- 1930-1997 -rrb- , australian country musician  sven coster -lrb- born 1978 -rrb- , dutch sailor , son of dick coster  tom coster -lrb- born 1941 -rrb- , american musician , father of tommy  tommy coster -lrb- born 1966 -rrb- , american keyboardist and composer , son of tom  tracy coster -lrb- born 1966 -rrb- , australian country music singer  willem jacobszoon coster -lrb- 1590 -- 1640 -rrb- , dutch governor of ceylon  coster-waldau  nikolaj coster-waldau -lrb- born 1970 -rrb- , danish actor  nukaaka coster-waldau -lrb- born 1971 -rrb- , greenlandic singer , actress , and model ",
      "score": 14.243000030517578
    },
    {
      "doc_id": "Nikolaj_Coster-Waldau",
      "text": "nikolaj coster-waldau -lrb- -lsb- ne\u0261\u030aola\u026a\u032f k\u02b0\u028csd\u0325\u0250 \u02c8\u028bald\u0325\u0251\u028a\u032f -rsb- ; born 27 july 1970 -rrb- is a danish actor , producer and screenwriter . he graduated from danish national school of theatre in copenhagen in 1993 . coster-waldau 's breakthrough performance in denmark was his role in the film nightwatch -lrb- 1994 -rrb- . since then he has appeared in numerous films in his native scandinavia and europe in general , including headhunters -lrb- 2011 -rrb- and a thousand times good night -lrb- 2013 -rrb- .   in the united states , his debut film role was in the war film black hawk down -lrb- 2001 -rrb- , playing medal of honor recipient gary gordon . he then played detective john amsterdam in the short-lived fox television series new amsterdam -lrb- 2008 -rrb- , as well as appearing as frank pike in the 2009 fox television film virtuality , originally intended as a pilot . he became widely known to a broad audience for his current role as ser jaime lannister , in the hbo series game of thrones . in 2017 , he became one of the highest paid actors on television and earned # 2 million per episode of game of thrones . ",
      "score": 13.521100044250488
    },
    {
      "doc_id": "Klown_Forever",
      "text": "klown forever -lrb- danish : klovn forever -rrb- is a danish comedy from 2015 and the successor to the cimena success klovn - the movie -lrb- 2010 -rrb- . it is directed by mikkel n\u00f8rgaard , while casper christensen and frank hvam scripted . the cast includes casper christensen , frank hvam , mia lyhne , iben hjejle , nikolaj coster-waldau , isla fisher and adam levine .   category :2015 films  category : danish comedy films ",
      "score": 13.385700225830078
    }
  ]
}

=== Summary ===
Total Wikipedia articles: 5416537
Indexed documents: 5396106
Claims processed: 145449
Output file: claim_retrieved_docs_bm25.json
